mac_1,mac_2,mac_3,mac_4,mac_5,mac_6,mac_7,mac_8,mac_9
5704.49,11976.11,15692.78,3260.73,3133.86,3153.13,3511.31,6480.16,3179.07
5210.01,11456.37,15714.03,3100.73,3139.74,3429.95,3106.46,6421.41,3527.77
5282.98,10347.30,15832.21,3235.16,3261.36,3254.95,3215.79,6477.04,3148.18
8563.71,9397.72,14979.71,3405.06,3316.67,3346.57,3182.97,6873.60,3126.31
5626.62,9179.49,15324.19,3116.36,3116.05,3401.46,3150.21,6518.71,4814.59
5226.10,9500.12,15284.13,3492.50,3158.29,3144.07,3598.55,10473.66,3166.72
5440.32,9899.49,14822.41,3213.60,3126.41,3564.07,3094.69,7873.71,3241.78
5172.82,11730.90,16899.24,3131.25,3304.59,3272.56,3380.53,7701.73,3195.84
5020.32,9719.23,14959.65,3387.35,3641.10,3145.47,3134.69,7946.99,3465.84
5813.03,9072.77,15872.83,3135.68,3238.70,3546.83,3066.46,7626.42,3089.48
5347.30,9632.93,15540.80,3113.03,3519.80,3303.60,3249.95,7746.78,3209.43
5323.60,9259.80,16116.84,3135.68,3323.03,3383.08,3149.48,7555.43,3296.67
8983.19,9064.02,15423.77,3108.65,3437.92,3216.83,3274.95,7377.14,3192.66
5854.75,9221.05,15753.61,3318.08,3118.29,3372.30,3162.35,8205.17,3311.05
5100.16,9348.40,16115.96,3715.58,3226.05,3156.31,3128.18,7456.10,3109.90
5723.13,9377.93,15838.77,3749.95,3249.43,3239.64,3556.20,7763.40,3179.80
5059.02,9534.39,16883.67,3691.05,3123.65,3384.69,3191.15,7245.74,3538.23
5159.49,9407.98,15328.93,3797.14,3144.59,4171.31,3364.48,7629.70,3169.27
5646.93,9657.72,15860.38,4164.28,3133.23,3554.95,3864.28,7340.43,3190.58
5318.65,10111.94,15068.25,3945.11,3740.00,3689.43,3612.09,7964.28,3701.41
5126.41,9533.76,15196.42,3746.93,3884.33,3632.04,3716.05,8246.26,3246.98
5492.92,9312.93,14884.08,4164.54,3921.05,3715.01,3722.66,7923.92,4606.41
5220.11,9882.04,15463.04,6931.42,4131.26,3996.72,3718.23,6711.05,3817.09
4822.98,9486.78,15590.59,3782.14,3871.05,3711.57,3214.85,7847.04,3564.22
5351.62,11769.55,16326.32,3672.14,3933.96,3978.96,5138.55,6883.08,3379.48
5584.96,9179.18,17918.72,3886.31,3853.18,3272.92,3436.41,6620.58,3592.82
5010.63,9959.44,15352.05,3705.01,3558.29,3124.95,3082.92,6748.13,3139.95
5130.22,9817.15,15569.50,3841.15,3180.84,4716.52,3239.43,6376.67,3378.86
5657.51,9211.73,15508.61,3597.71,3166.93,3261.98,3710.16,6390.16,3131.36
5141.41,9687.88,14953.77,3603.60,3070.84,3317.04,3246.05,6442.66,3057.09
5235.11,10065.90,15253.72,3124.28,4607.25,3187.76,3339.43,7202.56,3256.83
5659.17,9467.72,15373.98,4549.75,3286.41,3118.44,3221.15,6543.39,3139.33
5052.45,9064.02,15419.60,3341.10,3221.20,3216.83,3124.07,6786.26,3330.00
5223.34,9364.28,16671.01,3214.12,3260.47,3111.31,3356.78,6462.14,3209.17
5333.91,9351.00,16429.55,3086.83,3144.85,3333.49,3244.69,6454.59,3163.81
5122.09,8861.63,15773.35,3157.66,3527.30,3178.18,3303.44,6762.67,3493.55
5914.49,9375.27,15233.77,3602.24,3297.04,3524.02,3201.78,7038.45,3172.61
6644.80,9462.56,15518.30,3172.45,3117.14,3224.80,3109.59,6636.52,3360.99
7139.85,9139.23,15478.04,3132.19,3525.32,3131.10,3393.03,7214.80,3193.13
9171.47,9304.80,16010.65,3126.46,3133.08,3353.86,3257.61,7570.32,4532.14
6720.74,9527.98,15923.51,3181.67,3312.40,3257.50,3246.72,7286.47,3362.66
6772.82,8744.44,15625.70,3367.56,3237.19,3390.42,3248.96,7556.73,3375.11
6615.63,11373.56,14939.97,3135.73,3157.56,3240.52,3093.18,7860.48,3135.84
7174.23,9279.70,17663.46,3243.49,3373.60,3367.30,3346.05,7845.22,3145.11
7063.86,9606.05,15452.57,3172.14,3260.42,3119.95,3289.54,7919.65,3452.30
6269.85,9414.02,15061.95,3111.72,3391.46,3253.91,3272.97,8084.33,3167.66
6654.49,9046.21,15249.92,3747.19,3206.41,3267.14,3226.62,7950.22,3360.37
6898.97,9531.84,15152.52,3112.04,3368.03,3095.42,3317.24,8035.95,3125.42
6008.34,9424.39,15400.28,3219.07,3104.12,3422.50,3199.17,7554.75,3131.15
5633.18,9178.50,15849.14,3172.56,3267.19,3168.91,3227.82,8101.78,3125.21
5432.82,9933.50,15852.83,3082.71,3258.60,3239.64,3376.25,8237.72,3168.86
5411.00,9361.05,15545.90,3254.95,3147.71,3295.94,3183.91,7904.59,3385.16
5629.75,9280.79,17296.64,3161.88,3138.18,3116.05,3400.99,7509.64,3134.43
4936.10,9669.39,15283.46,3366.05,3085.84,3143.91,3142.82,7723.71,3162.35
5002.61,9311.05,15621.17,3140.53,3281.83,3076.83,3243.55,7956.47,3438.13
5587.61,9678.24,14937.00,3068.55,3369.33,3270.37,3333.60,7905.11,3221.83
5626.41,9225.12,15283.40,3370.79,3127.61,3378.13,3255.99,7616.57,3123.39
5821.26,9416.21,15263.82,3145.21,3246.46,3139.38,3385.26,7737.61,3086.25
5158.44,9231.57,14725.85,3206.51,3079.28,3141.25,3233.60,8216.89,3124.59
5110.48,9598.50,15907.73,3192.82,3255.47,3160.53,3103.70,7984.80,3263.08
5279.33,11640.64,15641.74,3072.35,3531.88,3287.50,4940.68,7984.80,3153.86
5791.31,9424.18,17352.73,3387.45,3204.07,3617.14,3107.50,7138.19,3304.54
5368.13,9671.00,15135.02,3123.86,3628.03,3151.88,3344.59,7436.57,3107.19
5849.96,9160.53,15800.33,3253.91,3237.09,5032.04,3182.30,7654.07,3165.68
5367.77,9358.61,16486.11,3130.37,3135.21,3261.93,3251.20,7354.96,3370.37
5326.31,9458.29,15586.53,3078.29,3383.13,3381.62,3225.06,7989.02,3144.54
6171.21,9128.87,15806.37,3396.25,4498.91,3224.17,3102.30,7953.34,3405.37
6705.01,9523.29,15603.61,4272.30,3402.19,3055.32,3391.10,7905.01,3202.71
5407.04,9212.72,16078.41,3499.74,3239.01,3191.20,3265.79,7518.03,3193.91
5775.74,9442.04,16017.99,3110.26,3274.28,3280.89,3214.80,7762.25,3314.95
6815.89,9414.39,17432.21,3424.01,3182.35,3307.50,3247.35,7687.20,3214.43
6280.63,9946.16,15293.56,3240.89,3125.99,3195.26,3102.14,7490.22,3297.04
6336.05,9141.78,15662.88,3153.03,3381.05,3122.45,3359.17,7206.78,3141.83
6806.52,9815.17,15807.10,3463.18,3271.15,3616.05,3251.72,8257.51,3051.25
9392.15,9489.33,15833.04,3171.67,3355.73,3265.84,3950.42,7459.02,3530.47
7239.07,9157.56,15768.98,3236.05,3249.95,3354.07,3311.41,7425.48,5222.30
7070.69,9902.88,15553.77,3129.69,3103.91,3171.52,3329.33,7590.79,3376.72
6992.67,9348.76,15799.29,3144.90,3385.68,3132.24,3170.37,8294.54,3228.18
6624.38,11482.36,15594.24,3374.12,3274.69,3097.04,3129.64,7428.40,3143.08
6660.79,9442.88,17869.29,3148.86,3228.96,3238.65,3392.87,7833.76,3145.16
7182.41,9782.10,14709.55,3256.93,3225.11,3335.21,3290.53,7627.30,3109.64
6853.65,9384.80,14818.87,3144.17,3370.16,3173.96,3096.20,8078.45,3497.82
6979.02,9420.79,15078.93,3123.34,3104.43,3569.95,3229.01,7987.72,3232.40
7128.55,9866.26,15057.99,3457.56,3274.74,3275.06,3108.23,7523.97,3462.19
6971.10,9265.53,15177.31,3210.37,3296.36,3125.73,3349.85,7897.67,3169.90
6720.22,9832.56,15139.65,3417.45,3239.95,3357.76,3166.52,6944.59,3695.73
6950.79,9554.54,15180.70,3117.45,3388.96,3147.04,3436.98,6748.03,3164.59
6474.64,8927.41,14977.36,3144.01,3128.13,3361.57,3244.43,6536.41,3113.13
6451.99,9265.01,16264.29,3050.32,3249.28,3243.13,3045.00,6606.26,3250.94
7090.63,9578.24,15209.86,3193.96,3340.37,3144.54,3376.05,6756.05,3207.40
6597.35,10411.63,14555.28,3346.88,3225.00,3345.68,3242.50,6404.07,3403.23
6162.40,9739.49,15321.27,3141.98,3358.23,3143.49,3289.33,6957.20,3173.70
7166.31,9575.38,15374.76,3230.47,3262.87,3137.87,3184.90,6386.26,3102.56
6799.18,10135.48,15072.88,3096.31,3122.24,3142.04,3115.73,6851.83,3489.17
6699.18,9141.63,15648.09,3148.29,3368.86,5629.43,3268.55,6484.44,3119.07
5365.89,9618.50,14772.94,3607.50,3218.91,3293.13,4609.69,6386.52,3358.91
5254.33,11959.75,17448.82,3134.12,3327.14,3210.68,3481.20,6488.60,3168.13
5716.73,9917.10,16564.97,3459.12,3191.36,3089.90,3253.08,6424.38,3068.70
5152.56,9997.98,15278.40,3120.11,3120.26,4648.81,3308.96,6727.92,3254.54
5011.36,9605.85,15094.39,3160.68,3380.06,3287.24,3197.30,6741.47,3146.67
5514.07,9275.48,15022.31,3264.95,3282.14,3180.89,3290.11,7446.26,3508.44
5314.33,9789.96,15037.00,3123.96,4565.06,3276.41,3095.47,7626.89,3154.85
5437.98,9606.78,15387.10,4379.02,3400.58,3199.43,3275.42,7798.66,3148.49
5609.38,10535.38,15483.09,3355.32,3365.58,3175.37,3251.05,7870.06,3421.72
5385.22,9547.04,14921.53,3455.27,3224.38,3068.86,3171.83,7269.91,3194.33
5199.33,10040.33,15739.45,3150.27,3366.41,3157.82,3324.95,7359.64,3200.00
5647.66,9157.51,16930.33,3120.32,3134.80,3478.91,3102.61,9570.64,3149.43
5203.60,9633.45,15151.48,3251.41,3271.77,3147.30,3240.63,7961.62,3390.94
5347.72,10340.64,15046.89,3120.37,3235.58,3343.34,3279.12,7389.44,3159.33
5831.26,9538.35,15212.68,3263.91,3142.92,3093.96,3121.36,7732.30,3128.91
7359.18,10312.15,14960.33,3079.38,3146.67,3129.64,3165.32,7621.68,4526.98
8305.11,9175.27,15515.96,3136.25,3078.75,3514.80,3141.88,7559.18,3320.68
9467.04,10053.35,15303.30,3402.87,3303.49,3143.60,3313.13,8040.43,3308.13
4613.86,11696.11,15621.69,3103.13,3319.22,3464.22,3233.13,7658.19,3164.95
5316.67,9703.35,17016.17,3162.71,3140.06,3161.67,3164.74,7592.25,3354.33
4902.77,9508.45,15559.13,3071.05,3151.41,3157.66,3516.62,7668.34,3133.70
4929.33,11168.35,15799.92,3143.39,3120.73,3277.14,3130.79,7797.98,3356.67
6059.38,10005.64,16047.00,3268.81,3226.93,3227.56,3251.98,7438.86,3434.59
6480.79,9310.12,16109.34,3130.11,3469.59,3202.50,3363.96,7602.56,3219.07
6196.62,9948.66,15132.36,3108.29,3156.46,3130.58,3168.75,7485.32,3398.13
6605.48,9328.08,14862.83,3135.73,3150.37,3076.98,3362.40,7274.23,3136.36
7080.84,9296.68,15554.60,3156.88,3071.20,3349.69,3283.81,7842.30,3179.02
7365.79,10240.33,14989.08,3311.41,3253.18,3152.76,3101.72,7853.81,3325.16
7330.95,9745.01,16682.37,3142.45,3537.66,3484.33,3385.47,7848.45,3220.73
6555.74,10040.27,14712.47,3534.69,3211.67,3175.79,3106.36,7626.83,3279.12
6684.90,9332.41,14967.99,3133.18,3587.71,3120.89,3086.41,7637.67,3213.60
6915.32,9993.97,14795.28,3128.75,3270.47,3597.87,3268.49,7674.07,3143.60
6124.64,9588.40,15286.79,3588.55,3118.86,3122.24,3132.30,7335.32,3528.08
6137.14,9288.55,15516.89,3073.13,3375.73,3182.50,3338.65,7713.86,3094.95
5020.32,10092.31,15396.63,3362.14,3161.20,3233.08,3163.86,7690.74,3164.02
5550.89,9948.45,15222.78,3118.81,3184.12,3142.19,3502.97,7172.67,3138.08
5051.41,11686.89,15002.68,3132.66,3215.47,3429.01,4564.17,7861.26,3058.70
4517.40,10131.26,17565.65,3266.62,3147.40,3123.81,3352.19,7573.86,3378.08
4669.95,9416.73,15753.09,3127.82,3392.24,5109.43,3167.04,7734.28,3171.77
4822.40,10098.50,15836.63,3473.96,3289.43,3404.22,3126.46,7577.82,3223.23
5919.54,9325.43,15762.78,3166.20,3523.70,3339.33,3126.51,7406.42,3151.88
5089.38,9639.18,15723.98,3093.08,3198.70,3159.38,3249.69,7868.40,3161.88
5391.57,10302.67,15946.06,3332.50,4648.39,3336.46,3257.45,7677.56,3680.99
5472.14,9895.43,14988.14,4311.26,3205.99,3153.65,3243.91,6981.68,3765.37
5320.01,10084.60,15008.93,3358.23,3154.95,3212.92,3111.15,7474.28,3439.48
5314.33,9691.52,15790.90,3131.10,3362.56,3478.18,3519.17,7836.73,3178.60
5498.29,10169.91,16564.29,3489.33,3263.44,3184.59,3249.33,7449.54,3260.84
4897.09,9885.27,15531.32,3083.75,3347.71,3329.64,3248.91,7467.09,3189.80
5279.33,10117.57,15422.47,3123.18,3150.06,3207.04,3270.79,7446.26,3185.94
5505.48,10017.77,14769.08,3253.86,3135.37,3147.40,3300.63,7349.70,3448.91
5493.39,10178.45,15251.89,3138.91,3097.14,3280.32,3138.18,7315.58,3140.84
7199.38,9483.61,15477.52,3254.59,3260.63,3126.62,3241.41,7378.29,4629.28
5190.74,9894.13,15720.75,3089.74,3371.05,3143.96,3273.55,7295.95,3252.30
5554.33,9274.34,15615.18,3124.64,3401.36,3123.81,3194.38,8565.95,3340.21
5152.77,11805.59,15951.84,3480.26,3304.38,3206.31,3339.69,7774.54,3235.42
5613.86,9909.49,17057.21,3155.73,3324.90,3520.79,3066.93,7455.37,3124.38
5501.67,9525.27,15345.38,3382.92,3328.96,3120.79,3273.39,7604.91,3530.89
5026.78,9310.43,15133.25,3083.96,3809.33,3153.44,3236.46,7735.64,3229.22
4941.41,9276.94,15034.19,3151.31,3505.00,3115.06,3173.34,7343.29,3380.89
5382.09,9643.61,15105.70,3251.31,3391.25,3064.64,3358.75,7668.34,3240.42
5328.55,9926.11,14877.10,3127.45,3723.44,3148.23,3060.37,7387.15,3115.16
5530.58,9483.81,17333.04,3470.79,3284.69,3390.42,3288.29,7416.57,3329.22
5714.17,8991.42,14861.37,3171.15,3376.31,3156.05,3368.91,7384.07,3250.58
5302.09,9630.48,15022.88,3093.18,3947.14,3427.97,3121.31,7769.59,3199.43
5059.90,9833.24,17155.59,3376.25,3194.54,3159.33,3168.03,7614.91,3232.92
5203.86,9288.45,15462.68,3130.47,3365.11,3245.79,3057.66,7357.51,3078.23
5205.63,10077.30,15732.05,3249.85,3112.50,3639.90,3241.67,7700.11,3367.82
5282.35,9435.43,15516.95,3146.78,3360.53,3186.10,3400.58,7734.54,3295.47
5500.32,10048.76,15848.14,3073.18,3214.48,3376.72,3159.74,7733.03,3362.24
5195.06,9434.65,16242.36,3524.54,3147.14,3175.58,3562.09,7210.53,3202.92
5651.67,9154.13,15158.09,3118.49,3648.23,3075.26,3224.22,7632.61,3193.03
8957.25,9812.98,15234.71,3226.46,3269.22,3532.56,4554.02,7395.37,3059.48
6349.49,11923.45,14865.28,3162.35,3369.90,3119.74,3350.16,6784.38,3149.22
6933.86,9657.51,16398.61,3091.15,3159.95,3195.27,3119.38,6853.76,3407.14
6596.73,9701.47,15006.16,3237.87,3177.71,4578.50,3318.49,6614.02,3123.65
5435.16,9639.86,15479.24,3150.37,3107.66,3500.42,3197.30,6704.28,3121.62
5127.04,9512.98,16100.49,3140.42,3204.22,3238.60,3528.96,7236.00,3077.66
5032.30,9511.99,15661.01,3067.35,4653.60,3053.91,3207.61,6887.61,3138.91
5572.14,9504.70,15247.31,4654.22,3296.52,3131.78,3101.88,7085.89,3249.74
4931.26,10225.38,15798.25,3367.30,3455.16,3400.99,3355.94,6433.55,3202.71
5329.28,9300.22,16779.71,3075.89,3158.23,3146.41,3264.17,7091.94,3595.99
5591.88,9574.96,15591.53,3385.00,3257.24,3098.86,3221.51,6859.59,3210.06
5321.73,10000.90,16946.17,3120.53,3077.45,3104.17,3274.02,6547.46,3190.73
4807.25,9117.98,15006.69,3213.13,3142.87,3258.70,3129.28,6937.56,3674.22
5318.97,9804.39,15911.95,3092.66,3266.93,3831.62,4057.66,6623.81,3190.16
5329.43,8958.87,15560.18,3141.88,3144.80,3161.83,3548.08,6409.23,3144.28
7983.60,9159.23,15001.11,3504.85,3465.21,3549.54,3374.38,6881.10,4410.37
5553.55,10148.14,15369.24,3150.11,3111.20,3227.35,3248.03,6831.73,3399.07
5522.77,9361.16,15064.71,3363.08,3141.10,3152.71,3153.39,6733.55,3078.86
4894.85,9068.55,15870.54,3179.85,3229.07,3571.62,3234.22,19816.22,3119.17
4593.23,11414.18,16115.85,3083.29,3286.78,3214.69,3117.19,7007.87,3371.10
5081.62,9838.87,17193.30,3625.58,3330.94,3365.84,3498.03,6781.88,3154.38
7103.08,9502.46,15416.84,3126.46,3093.39,3186.20,3264.17,6201.36,3115.89
7155.11,9535.64,15947.57,3390.58,3296.67,3323.91,3496.31,7446.16,3091.05
5939.80,9804.86,15788.56,3130.37,3498.81,3141.05,3191.78,6300.11,3128.65
5393.18,9370.95,15686.95,3068.23,3114.90,3214.69,3378.44,6296.83,3395.00
5226.83,9616.00,15921.37,3280.26,3129.85,3304.38,3764.38,6617.61,3144.69
4971.88,9294.13,15643.51,3095.32,3216.15,3128.91,4485.42,6081.62,3320.94
5538.29,9306.63,16033.30,3269.90,3160.42,3149.64,4668.08,6173.39,3108.91
5073.39,10195.43,18326.48,3131.51,3373.08,3109.38,4639.54,6405.79,3139.69
5057.30,9393.19,17851.17,3086.98,3124.90,3197.61,4438.76,6108.03,3535.47
5524.59,9590.85,15134.60,3497.56,3122.71,3428.96,4874.23,6582.92,3176.72
5180.89,9202.98,14950.33,3147.92,3236.78,3194.43,4569.49,6628.19,3381.41
5347.25,9185.22,15393.98,3186.88,3114.12,3136.67,4793.13,6342.77,3166.41
5451.99,9921.68,14739.34,3156.57,3626.83,3499.02,4538.86,6125.79,3092.66
5169.54,9644.13,14983.35,3116.31,3244.28,3367.50,4391.78,6415.63,3245.68
5349.59,8968.87,15585.28,3520.00,3502.04,3360.16,4572.35,6331.21,3131.31
5664.59,11793.24,14656.95,3271.51,3242.56,3128.65,6504.75,6877.35,3468.86
4957.30,10173.35,15810.91,3372.61,3346.10,3193.81,4596.62,7349.02,3288.49
5049.64,9466.83,16928.72,3119.12,3123.65,4569.69,4483.96,7273.66,3122.24
5657.82,9946.21,15277.47,3262.04,3177.04,3742.51,4462.97,7387.09,3404.38
5388.08,9402.41,15472.52,3073.03,3340.06,3222.82,4805.16,7210.53,3144.64
5160.79,9258.92,15354.24,3145.79,3124.90,3213.34,4572.45,7407.51,3368.81
5702.98,10012.30,15778.41,3235.79,4420.21,3662.92,4816.62,7497.93,3202.71
6219.12,9504.07,15834.34,4300.21,3216.36,3124.48,4565.73,7107.93,3398.91
6693.29,10328.09,15844.97,3486.15,3109.01,3491.72,4415.32,7400.06,3097.24
6448.08,9619.34,15337.62,3135.32,3369.54,3140.37,4368.50,7232.41,3173.34
6146.88,10341.63,15991.48,3065.06,3238.65,3141.67,4492.51,6983.13,3466.98
6330.27,9938.66,16852.05,3370.32,3481.41,3060.26,4411.78,8004.59,3173.29
6576.52,10119.49,15557.42,3138.81,3226.10,3229.54,3249.85,7774.02,3109.38
6617.93,9782.10,16226.53,3144.12,3088.18,3420.58,3410.79,7913.55,3085.16
6006.67,10239.28,15953.67,3150.06,3081.20,3138.81,3212.14,7581.62,3128.29
7483.71,9307.36,15549.19,3063.13,3194.38,3137.35,3099.07,7632.35,4756.41
5591.26,9950.79,15921.06,3467.30,3310.53,3078.44,3276.15,7644.80,3132.50
5275.89,9712.04,15972.73,3178.18,3242.24,3139.43,3251.62,7190.01,3242.19
5379.43,11388.61,16116.53,3231.31,3596.05,3250.42,3228.44,7174.23,3166.15
5525.63,9888.76,16913.72,3183.03,3147.45,3178.65,3248.13,7529.33,3580.89
5257.92,9638.76,15708.04,3049.90,3262.19,3644.54,3083.60,7201.31,3099.90
5207.56,9256.73,16025.38,3239.12,3349.69,3161.83,3360.68,6279.96,3117.76
5701.73,10052.62,15271.48,3266.20,3181.98,3206.51,3237.61,7827.30,3393.03
5188.13,9351.94,15713.20,3414.02,3194.12,3674.59,3328.75,6417.25,3136.57
5150.94,10039.44,16344.29,3130.27,3122.35,3201.05,3232.19,6003.08,3139.22
5575.11,9549.65,16226.11,3146.93,3245.94,3184.22,3358.49,6588.45,3070.73
5486.15,9322.82,16179.24,3422.82,3364.17,3055.42,3130.21,6288.45,3122.87
5638.18,10362.51,15568.35,3130.11,3167.50,3122.40,3237.30,6348.08,3250.99
5155.68,10084.54,20875.08,3209.28,3555.63,3242.66,3273.91,6299.12,3140.16
5051.78,10134.49,15247.88,3160.00,3255.16,3131.20,3269.54,6320.58,3371.93
5544.17,10235.01,15600.54,3342.04,3151.31,3175.37,3158.55,6407.93,3086.41
5095.89,10262.67,15739.29,3139.69,3309.85,3105.16,3127.66,6413.60,3325.47
5899.43,9742.46,15349.81,3148.39,3188.18,3207.04,3252.66,6702.30,3337.19
6628.60,10308.55,15836.11,3311.41,3260.58,3376.78,3484.69,6650.22,3308.70
7153.03,10357.98,15390.54,3164.38,3210.11,3139.80,3266.51,6351.10,3799.95
5452.92,9830.90,15194.24,3160.26,3114.90,3167.92,4880.79,6502.40,3379.54
5065.37,15241.48,15837.68,3072.66,3144.85,3124.64,3334.69,6295.69,3298.86
5752.09,9742.41,17274.34,3165.32,3264.90,3185.89,3304.80,6533.97,4305.94
5355.01,9748.35,15149.91,3229.48,3237.19,5438.76,3248.08,6223.08,3285.63
5318.24,9432.51,15113.46,3157.82,3219.38,3126.62,3104.90,6441.05,3650.16
5640.84,9599.02,15125.80,3116.93,3155.37,3664.02,3272.45,6190.79,3352.50
5245.06,10752.77,15369.97,3331.78,4931.05,3157.30,3150.89,5678.70,4234.07
5577.30,9956.16,14912.62,4206.26,3161.46,3662.19,3249.59,6560.48,3238.34
5253.96,9335.43,14910.70,3815.21,3328.70,3218.86,3235.42,6126.73,3130.16
5123.76,9333.92,14857.78,3164.95,3283.86,3382.50,3078.29,5777.09,3297.24
5147.40,9866.63,15603.98,3292.35,3298.81,3163.49,3389.59,6989.12,3117.19
5433.18,9701.57,17146.69,3155.99,3240.37,3251.98,3271.20,6408.13,3872.82
5437.66,9458.29,15914.71,3224.80,3335.47,3388.75,3280.47,6115.32,3291.98
5113.50,9443.50,15988.15,3102.97,3138.18,3130.99,3152.40,6396.26,3150.27
5804.59,9277.46,15613.67,3162.09,3271.20,3185.21,3135.79,6418.65,5988.45
5188.60,10029.44,15474.13,3343.34,3336.46,3145.42,3154.33,6105.22,5872.82
7068.08,9628.76,15332.88,3154.90,3176.10,3100.37,3143.65,6268.18,3759.90
5196.83,10215.95,15211.06,3361.41,3370.99,3507.61,3259.69,6424.38,3568.76
6045.84,9378.97,14792.62,3113.29,3078.96,3120.89,3147.14,6309.90,4027.66
6346.62,11652.98,14856.48,3133.39,3278.29,3360.63,3142.87,6188.65,3787.19
7160.63,10003.45,17112.57,3194.07,3357.30,3272.56,3259.22,6484.38,3353.44
6740.95,9677.15,15060.64,3141.15,3203.34,3083.18,3199.59,6489.75,3227.30
6141.47,9216.68,15341.06,3088.23,3274.85,3530.53,3591.51,6175.79,3359.28
6640.74,10623.50,14975.07,3293.86,3094.64,3186.31,3178.13,6804.07,3306.67
6542.77,10048.76,15502.26,3143.70,3264.12,3449.12,3102.66,6737.87,3934.43
6517.30,10376.68,15465.23,3317.09,3401.20,3115.94,3456.93,6278.81,3161.36
6588.29,10131.16,15681.37,3195.94,3139.80,3093.34,3123.39,6544.75,3132.87
6746.73,9611.84,15637.47,3061.05,3118.75,3244.43,3240.06,6223.55,3041.36
6390.63,9817.98,15365.28,3408.03,3200.42,3129.80,3203.34,6452.14,3409.01
6734.70,10322.83,16886.38,3108.75,3193.39,3379.80,3538.55,6586.36,3109.28
7095.17,9572.51,15725.85,3272.35,3338.55,3186.10,3185.84,6286.26,3154.33
6238.50,10003.92,15758.67,3169.85,3225.89,3132.50,3327.71,6364.38,3166.31
6403.97,9589.49,15218.40,3289.07,3524.59,3546.93,3647.04,6362.46,3188.70
6271.10,9998.40,15667.99,3109.28,3239.43,3104.85,3289.33,6396.62,3964.38
6604.28,9161.47,15873.77,3156.88,3105.32,3314.74,3468.49,6417.04,3276.72
7182.51,9445.95,15487.42,3379.38,3352.56,3187.61,3307.77,6350.22,3374.90
6896.73,9894.65,15246.95,3119.01,3186.78,3270.32,4703.55,6477.40,3150.06
6672.77,11771.53,15491.48,3380.58,3229.17,4100.01,3423.13,6283.86,3244.85
6481.52,9540.64,17168.67,3080.06,3234.17,4793.13,3677.82,6301.52,3479.64
6512.67,10023.66,15386.06,3130.26,3123.34,3257.45,3895.79,6253.39,10852.05
5754.85,9223.97,15664.45,3199.17,3344.22,3189.33,3147.97,6481.42,8571.36
5812.35,9457.62,15465.49,3146.41,4334.80,3381.10,3150.68,6235.84,3687.97
6230.53,9872.30,15880.80,3372.09,3593.13,3127.40,3385.42,6208.24,3454.74
5365.89,9380.85,15622.94,4339.54,3241.93,3426.51,3140.73,6585.63,3168.39
5907.25,10031.78,15256.53,3185.63,3246.67,3120.73,3322.24,6252.66,3170.32
5607.92,9054.28,15252.52,3485.32,3234.38,3114.01,3124.17,6394.23,3048.18
6127.82,9419.23,16115.18,3143.75,3305.00,3205.21,3116.98,6808.39,3240.84
5810.48,10128.40,17466.27,3336.62,3047.04,3228.18,3274.43,7720.17,3185.58
5740.11,9062.88,15202.31,3166.67,3255.11,3514.01,3104.27,6302.25,3092.30
5787.82,10116.78,15337.88,3236.78,3275.68,3146.62,3353.81,6257.66,3206.78
6779.75,9619.07,15710.18,3106.62,3216.98,3286.31,3116.36,6362.92,3129.59
6401.21,9841.99,15408.20,3148.91,3372.66,3158.91,3164.28,6259.64,4861.20
9201.42,9881.68,15239.91,3254.43,3125.37,3138.23,3592.77,6254.64,3134.85
5544.54,9450.48,16084.66,3148.65,3236.98,3259.80,3140.42,6425.06,3380.89
6051.15,11634.70,15518.87,3049.85,3301.25,3171.57,3157.30,6121.67,3301.05
5579.64,9921.78,15324.92,3539.59,3164.85,3212.92,3081.41,6500.69,3454.85
5592.87,9420.90,16324.24,3120.06,3293.13,3097.92,3131.25,6235.58,3139.07
6347.30,9376.31,15865.65,3234.85,3108.39,3251.67,3363.23,6543.71,3123.60
5680.68,9522.30,15354.45,3129.59,3266.78,3645.89,3152.56,6370.89,3093.91
5930.37,9039.91,14983.72,3277.66,3400.84,3230.89,3155.52,6254.90,3137.61
6739.64,10268.24,15082.94,3085.26,3177.97,3686.62,3085.99,6191.99,3326.62
5858.29,9605.58,14802.94,3110.94,3411.93,3275.32,3159.80,6363.03,3211.93
6439.49,9845.38,15879.92,3405.06,3097.82,3106.72,3213.65,6196.00,3290.00
6248.81,9495.64,16495.02,3106.31,3161.98,3656.36,3123.55,6222.25,3122.92
6773.55,9714.39,15796.74,3151.46,3381.93,3246.31,3611.05,6488.81,3163.18
7075.95,10111.00,17558.20,3082.40,3140.63,3336.62,3089.74,6381.73,3647.04
6296.47,9320.85,15675.49,3165.42,3122.24,3241.31,3093.08,6292.61,3129.59
6903.39,9817.30,16149.08,3216.46,3210.26,3404.80,3663.60,6409.23,3145.68
6507.46,9438.55,15417.94,3162.09,3153.81,3156.46,3112.61,6475.16,3131.05
6843.39,9228.45,14654.97,3054.43,3331.15,3229.22,3214.07,6417.51,3150.53
6669.64,10462.41,15454.13,3254.17,3142.61,3383.49,3162.71,6263.55,3260.06
6558.34,9699.44,15280.70,3158.13,3599.90,3115.16,4700.58,6511.21,3222.71
6089.38,11963.82,14713.92,3651.83,3254.90,3182.04,3285.89,6323.50,3167.40
6238.29,10169.39,14626.32,3176.98,3110.32,3141.57,3096.83,6526.57,3076.41
5326.78,9280.64,16566.53,3350.58,3404.80,5013.70,3483.34,6394.23,3155.89
6735.27,10229.39,15415.02,3117.19,3262.19,3137.66,3179.90,6387.46,3245.00
6386.73,10107.67,15242.00,3159.22,3370.94,3257.09,3239.95,6265.84,3653.44
6574.33,10149.02,15563.25,3281.20,4526.15,3633.39,3158.86,6437.61,3890.37
6466.26,9596.42,16996.01,4426.99,3328.29,3245.53,3123.96,6411.05,3142.14
6497.14,10236.11,15844.55,3455.84,3232.50,3327.71,3289.43,6392.56,3141.20
6581.26,9518.14,15253.77,3275.37,3332.97,3297.35,3162.87,6219.75,3549.48
5901.00,10343.03,15290.85,3577.24,3106.20,3121.83,3412.14,6304.33,3204.43
6454.33,9654.34,15059.91,3348.91,3196.88,3368.81,3118.96,6191.41,3176.77
5974.54,10068.50,16340.59,3255.11,3259.64,3137.04,3074.38,6229.54,3136.05
6742.04,9359.96,14901.53,3555.58,3273.23,3186.20,3383.91,6564.33,3153.23
6483.08,9924.49,15453.46,3340.73,3452.97,3202.35,3110.68,6229.49,3417.97
6471.68,9572.93,15262.10,3564.43,3120.37,3101.93,3210.63,6420.37,4371.52
8966.05,9200.74,15086.79,3395.21,3233.03,3340.89,3171.15,6367.51,3502.45
6150.89,9949.86,15448.14,3965.79,3276.88,3173.96,3102.82,5542.04,3155.84
6255.48,9546.78,15692.68,3383.18,3185.21,3230.89,3400.32,6792.04,3363.55
6103.03,11308.24,15430.64,3132.56,3418.75,3175.11,3117.14,6308.08,3153.70
6585.58,9774.44,21101.17,3514.48,3127.82,3190.99,3403.03,6413.03,3348.08
6216.21,10021.42,15526.32,3142.40,3241.98,3738.76,3134.28,6188.03,3085.26
6297.35,9710.17,15457.88,3366.83,3333.91,3103.75,3073.29,6577.40,6123.97
6232.14,9937.10,15017.57,3152.87,3242.71,3426.83,3095.37,6178.13,3204.07
6192.30,9284.75,15075.07,3225.47,3256.46,3116.93,3169.38,6703.45,3112.82
6359.12,9906.21,14748.98,3073.44,3287.04,3340.06,3186.72,6612.93,3373.96
5877.14,9656.16,14926.16,3150.58,3138.91,3110.89,3189.02,6480.22,3192.19
6840.43,9430.43,15147.26,3523.65,3385.27,3153.65,3066.83,6434.33,3539.07
5869.59,9844.13,14844.65,3123.08,3194.22,3366.31,3375.94,6334.23,3240.32
6244.54,9595.53,16463.09,3347.97,3260.79,3116.10,3154.90,6443.86,3297.71
5890.68,10172.72,15339.86,3109.43,3267.61,3140.27,3630.58,6255.16,3127.45
5437.40,9666.42,16037.62,3213.23,3079.43,3092.19,3159.69,6443.76,3149.07
5680.89,10255.27,15521.53,3281.72,3421.62,3128.96,3132.24,6539.64,3196.83
6009.59,9371.05,15490.59,3104.22,3238.81,3336.10,3426.36,6275.89,3123.75
5940.53,9871.21,15053.40,3383.60,3276.41,3191.51,3150.99,6068.81,3402.30
6052.61,9464.07,15621.74,3119.43,3203.55,3327.71,3318.44,7687.67,3119.64
5972.66,9701.42,15702.16,3140.84,3096.93,3128.18,4578.76,6328.60,3143.39
6486.57,11678.92,15807.10,3389.90,3345.26,3129.43,3305.84,6366.31,3335.37
6380.58,9982.15,16789.08,3109.12,3279.33,4917.66,3178.29,6442.82,3155.63
6358.60,9580.27,15917.68,3488.18,3348.86,3392.30,3318.70,6336.41,3277.14
6572.72,10174.86,15584.24,3313.75,3176.78,3447.66,3143.08,6163.76,3070.89
6118.55,9380.27,16030.33,3161.36,4522.19,3217.82,3130.73,6509.54,3142.09
6098.45,9801.00,15703.93,3278.23,3392.19,3268.65,3395.00,6197.14,3246.98
5815.68,9739.75,14904.34,4328.70,3277.04,3139.38,3101.15,6539.28,3172.45
5891.26,9440.95,14772.83,3535.79,3106.62,3076.25,3405.21,6433.45,3442.77
6162.77,9860.85,15372.41,3159.33,3213.08,3552.04,3082.56,6066.57,3098.49
6258.97,9453.71,14967.36,3106.77,3342.14,3159.48,3120.21,6416.15,3164.95
6389.96,9632.56,16547.42,3094.90,3155.26,3331.98,3183.08,6191.52,3374.07
6570.63,9120.27,14932.99,3185.00,3117.45,3110.11,3189.54,6413.34,3206.57
5443.03,9916.89,15245.90,3470.27,3079.22,3093.08,3333.03,6542.87,3295.21
4978.70,10143.45,14700.96,3212.09,3278.13,3243.81,3122.35,6405.01,3095.58
4713.91,9376.47,15248.61,3327.40,3254.48,3158.44,3163.39,9027.04,4924.17
6400.11,9698.66,15274.50,3180.58,3232.24,3484.33,3517.71,6328.24,3200.11
5122.14,9293.40,14583.77,3079.48,3553.03,3271.62,3112.24,6119.02,3110.99
4689.90,9776.47,14882.57,3487.45,3165.47,3087.19,3167.14,6409.12,3372.97
4565.89,13995.38,14904.55,3158.03,3242.45,3515.94,3043.03,6233.08,3133.70
4983.29,9813.29,17009.29,3335.42,3287.19,3180.52,3150.37,6190.53,3232.35
4771.36,9776.47,15208.61,3203.34,3185.73,3320.68,3457.24,6361.52,3066.25
5416.62,9610.48,15460.70,3071.93,3359.17,3140.68,3148.70,6133.13,3190.84
4736.57,10156.94,16031.95,3243.65,3117.82,3289.12,3172.14,6475.32,3486.93
4714.59,9344.91,15482.16,3146.41,3263.75,3285.84,3056.93,6262.04,3153.34
4719.28,9147.62,15703.93,3309.59,3310.06,3255.37,3166.41,6402.98,3344.43
5513.65,10317.15,15590.59,3091.67,3144.54,3384.54,3300.32,6618.76,3171.51
5056.36,9574.80,15158.30,3140.21,3162.97,3226.93,3132.09,6272.66,3066.10
4917.82,8785.53,15064.34,3454.95,3039.85,3195.32,3639.85,6181.15,3274.22
4765.01,8463.45,17207.05,3129.69,3265.16,3146.62,3138.96,6385.27,3115.26
4995.74,8491.00,15199.81,3232.04,3352.71,3160.16,3129.22,6433.13,3482.30
5031.10,8579.02,15894.97,3154.43,3174.33,3697.50,3705.99,6279.90,3189.59
4866.52,8246.57,15636.43,3067.45,3548.08,3176.10,3716.88,6439.49,3068.39
6191.47,8521.63,15679.29,3240.00,3266.20,3115.06,3227.87,6248.18,3541.10
6202.46,8394.70,15402.10,3146.78,3108.65,3510.06,3152.71,6200.58,3212.14
6266.31,8790.95,15190.07,3131.98,3351.05,3091.72,4714.07,6869.44,3243.86
5637.66,10360.90,15924.81,3136.83,3195.00,3221.83,3292.09,6484.44,3203.34
6303.65,8609.39,15094.86,3108.96,3286.52,4433.23,3135.89,6144.90,3204.02
5743.55,8510.12,16798.56,3483.86,3201.46,3420.47,3132.82,6668.03,3200.42
6012.61,8216.16,16097.94,3129.59,3113.29,3379.38,3313.02,6078.34,3212.61
5429.96,8303.29,16113.77,3190.37,3339.07,3198.08,3252.56,6403.08,3320.11
6101.00,9183.92,15299.60,3183.49,4653.13,3488.29,3131.46,6327.14,3143.08
5877.82,8159.54,15484.65,4542.82,3357.97,3101.05,3403.91,5815.68,3061.46
5604.23,8293.14,15303.35,3369.17,3278.70,3209.90,3159.43,5755.63,3484.59
6991.73,8194.49,15442.62,3143.49,3271.78,3540.99,3143.75,5834.12,3144.85
6279.44,7900.58,15643.77,3530.11,3237.71,3145.47,3525.06,5735.79,3497.50
5495.16,8109.39,15980.96,3146.20,3334.07,3231.98,3152.56,5951.36,3138.34
6023.24,7971.00,16792.83,3363.08,3132.66,3169.54,3260.84,5777.82,3342.45
5597.56,8368.29,15632.52,3178.65,3258.70,3115.68,3107.30,5797.66,3107.40
6345.89,8250.53,15440.54,3104.90,3267.61,3353.91,3149.64,5850.32,3144.07
5637.35,7925.64,15905.02,3323.29,3175.47,3187.40,3324.12,5993.13,4516.99
7013.34,8350.38,15637.26,3137.76,3384.85,3434.95,3121.78,5802.51,3324.07
7834.75,9740.06,15527.36,3133.55,3130.68,3404.07,3157.40,5996.83,3399.38
6029.54,9717.72,14845.33,3110.53,3232.04,3146.10,3034.59,5745.89,3138.23
5960.94,11652.31,14852.21,3119.33,3295.00,3434.90,3218.13,5946.47,3341.36
5381.36,9359.34,15314.76,3506.46,3163.08,3117.82,3433.55,5956.26,3086.67
6432.98,9891.89,16543.30,3120.47,3116.72,3234.95,3134.90,5798.65,3172.50
5851.00,9778.45,14821.11,3346.62,3065.68,3173.86,3142.61,5820.79,3256.88
6204.17,9864.86,15115.02,3122.87,3284.85,3116.77,3085.16,5689.96,3175.11
5527.40,9651.26,14978.93,3123.75,3357.97,3330.84,3149.95,7324.18,3403.65
6114.85,9479.28,14991.74,3532.87,3160.53,3185.16,3744.59,5889.85,3135.89
5457.82,10125.22,15210.96,3102.87,3532.97,3329.95,3195.47,5809.80,3142.09
6144.80,9621.31,15321.11,3225.99,3271.46,3156.25,3121.57,5523.24,3243.18
5713.13,10477.20,15029.08,3135.47,3153.75,3319.01,3178.39,5964.07,3153.44
5679.64,15305.59,15102.57,3102.14,3373.23,3173.65,3085.21,5645.58,3316.15
6378.55,9444.60,17052.94,3390.58,3192.61,3195.99,3162.97,5601.21,3106.20
5555.22,10139.08,15270.75,3158.91,3347.82,3239.43,3484.54,5779.23,3152.92
5865.06,9678.66,15009.55,3086.36,3205.26,3151.67,3138.13,6071.10,3522.92
5908.76,10884.34,15193.87,3494.38,3113.96,3333.39,3577.45,5985.74,3232.61
6232.20,9483.29,15448.35,3353.49,3341.67,3103.81,3133.86,6154.07,3365.73
5550.74,9801.21,15439.03,3119.33,3248.55,3137.19,3124.07,5726.47,3172.24
6382.87,9586.52,14988.93,3150.89,3239.07,3398.86,5206.83,5989.59,3052.14
5580.11,13354.39,15314.76,3254.80,3242.71,3152.09,3154.59,5622.04,3283.55
6444.49,11553.61,15501.43,3145.32,3111.20,4852.97,3322.14,6061.21,3135.37
5713.60,9517.93,17425.28,3315.32,3370.94,3127.61,3153.03,5719.70,3423.65
6293.19,9318.03,15233.93,3083.18,3207.87,3135.53,3164.69,5831.05,3231.88
5193.03,9513.35,15377.26,3201.10,4444.17,3054.90,3138.34,5769.54,3120.84
6418.29,9876.26,15731.06,3396.88,3372.19,3147.14,3115.68,5758.45,3429.85
6178.76,9800.43,15814.29,4220.89,3328.60,3196.31,3338.39,6043.03,3165.94
6007.56,9904.02,15770.28,3510.63,3197.71,3118.81,3118.29,5698.97,3250.06
6116.36,9299.60,15610.80,3152.24,3115.79,3134.95,3471.36,6122.14,3139.64
6268.13,9776.32,15609.03,3347.09,3338.08,3375.11,3212.45,5746.88,3111.46
5893.60,9759.08,16521.64,3095.00,3243.13,3174.43,3051.05,5823.08,3416.05
5910.16,10326.00,19931.85,3191.78,3372.66,3646.88,3657.97,5709.59,3163.44
6450.79,10219.08,15481.74,3295.94,3278.60,3085.52,3122.19,7006.68,3482.19
5889.28,9940.01,16253.67,3153.02,3325.11,3146.46,3244.95,6185.89,3139.07
5756.57,9864.65,15578.87,3430.16,3141.25,3084.38,3155.53,5836.73,4472.97
8997.82,10220.69,15461.01,3165.58,3244.27,3146.88,3080.37,6004.49,3201.05
5786.10,10240.43,15855.91,3121.15,3381.78,3233.18,3403.60,5687.66,3155.06
7937.61,13704.91,15204.29,3291.41,3238.29,3142.19,3211.41,5802.87,3274.54
5686.73,12231.11,15574.19,3113.34,3389.02,3256.25,3409.59,5731.62,3179.90
5647.20,9624.07,16906.22,3298.49,3114.90,3081.51,3185.63,5698.08,3331.88
5850.89,10043.97,15451.27,3086.20,3283.39,3154.43,3190.89,6154.17,3145.58
6115.53,9645.06,15404.92,3181.51,3373.86,3529.38,3068.65,5691.21,3085.06
5479.28,9636.57,15689.24,3390.11,3125.68,3200.37,3144.17,5922.20,3624.33
5645.53,9662.93,15369.81,3113.60,3313.39,3179.48,3201.15,5638.24,3151.41
4591.00,9379.60,16026.06,3501.52,3314.74,3125.84,3185.73,6174.96,3211.98
4826.15,9783.87,15737.94,3125.11,3143.96,3156.67,3098.49,5888.60,3162.87
4567.14,9211.78,15375.44,3106.98,3338.70,3388.65,3355.16,6021.10,3068.34
4848.08,9240.84,16033.09,3257.82,3263.29,3147.14,3150.89,5708.08,3518.03
4898.44,10417.20,17055.02,3154.64,3343.23,3419.17,3396.25,5859.75,3140.42
4546.20,9589.39,15273.98,3331.25,3285.16,3235.21,3154.33,6192.92,3442.35
4705.68,10207.77,16105.07,3104.12,3103.02,3377.24,3053.65,6016.78,3115.00
5136.78,9537.36,16145.28,3172.35,3372.76,3768.75,3336.10,6136.31,3132.87
5613.86,10317.41,13797.00,3522.87,3212.40,3357.04,3119.74,6121.94,3088.86
4620.63,9881.73,14482.94,3185.99,3289.64,3549.38,3272.35,6036.15,3219.59
5698.65,10432.88,13994.34,3173.55,3260.47,3334.69,4425.32,5945.58,3225.68
5924.23,9427.62,15046.84,3075.00,3310.37,3422.82,3515.21,5977.20,3157.87
5608.45,11866.94,14857.15,3172.56,3102.35,4750.42,3114.33,6087.98,3282.92
5974.28,10080.38,16679.24,3349.64,3204.43,3598.03,3064.12,6111.26,3098.55
5456.83,9757.93,15463.04,3447.77,3111.57,4634.90,3344.74,5957.09,3199.90
5523.97,10284.49,15382.15,3191.62,4261.15,3200.16,3189.69,6102.35,3534.22
6195.79,9692.51,15082.36,3140.58,3521.36,3156.41,3121.88,5682.51,3135.32
5684.85,10754.18,15508.04,4414.95,3136.46,3094.95,3178.34,7887.82,3172.50
5755.27,9688.76,15269.19,3353.86,3057.19,3206.72,3132.30,5744.38,3102.97
5118.50,10092.51,15607.15,3181.72,3251.31,3220.16,3492.82,5869.23,3166.62
6066.41,9501.21,15543.14,3735.21,3138.08,3158.86,3175.53,5836.00,3379.07
5738.03,10646.00,16041.90,3129.48,3364.85,3057.87,3261.93,5969.07,3124.59
5456.62,9834.39,17180.02,3353.23,3208.91,3138.65,3167.45,7211.62,3244.80
6176.15,9759.28,15419.03,3164.80,3146.93,3335.00,3110.06,6158.18,3082.45
5306.41,10437.46,15375.90,3093.65,3501.20,3171.25,3264.33,6550.84,3161.93
5666.10,10574.91,15901.37,3259.01,3158.86,3412.45,3190.26,6276.52,4867.66
4973.76,9624.18,15817.62,3227.50,3314.69,3099.28,3368.08,5758.45,3348.81
7843.66,10416.84,15831.89,3427.40,3189.12,3115.21,3163.49,6152.46,3456.15
5299.28,10307.20,15880.07,3121.31,3054.59,3640.53,3331.05,5941.83,3162.30
6252.82,11989.23,15724.97,3065.00,3276.98,3249.22,3107.40,6243.34,3249.33
5477.92,10001.52,15998.56,3407.40,3149.48,3250.06,3146.98,5754.59,3105.99
5689.28,10318.71,17569.61,3112.66,3380.94,3154.48,3240.06,6612.09,3136.98
5322.77,10163.55,15944.60,3222.92,3152.76,3140.42,3137.35,6025.53,3265.00
5273.18,10190.85,15359.55,3174.33,3424.80,3287.30,3067.82,6352.14,3206.36
6139.80,9644.91,15709.55,3078.75,3106.57,3135.00,3136.25,5805.42,3467.19
5448.18,10420.79,15710.70,3365.89,3151.46,3417.04,3185.63,6012.61,3074.17
6291.99,9838.09,15902.00,3166.98,3235.73,3240.52,3451.36,5635.84,3113.44
5431.73,10248.87,15885.91,3327.19,3196.52,3055.37,3182.97,5892.82,3339.54
5553.86,9803.55,15328.72,3138.91,3374.90,3381.72,3344.43,5579.17,3134.74
5762.82,9928.24,36728.28,3091.57,3067.56,3142.92,3104.38,5757.51,3155.32
5112.19,9835.74,23989.77,3395.68,3226.20,3197.19,3116.20,5836.15,3109.64
5666.67,9920.74,32882.23,3159.33,3382.87,3152.40,3215.94,5893.08,3102.50
5400.32,9669.65,15151.89,3233.96,3150.79,3151.83,3097.35,5756.62,3428.39
5397.92,10087.41,15474.92,3153.81,3519.48,3326.41,3310.47,5812.56,3171.93
5963.39,9659.18,15298.35,3237.82,3161.41,3159.17,3122.87,5905.84,3485.37
5192.04,9373.61,15666.63,3084.33,3155.73,3510.06,3247.24,6114.12,3167.09
5475.74,10070.59,15856.06,3142.56,3251.72,3150.00,4541.78,5606.67,3111.83
7936.00,11918.82,15292.41,3404.74,3185.58,3338.44,3210.00,5840.48,3607.19
7135.17,9634.75,15377.00,3109.48,3380.73,4453.08,3400.89,5936.15,3169.64
5562.66,10262.46,17248.67,3384.85,3252.71,3122.45,3134.80,5817.46,3239.90
6366.73,9376.42,15094.65,3169.43,3121.10,3274.64,3128.39,5673.24,3190.53
6183.39,9722.77,16148.87,3165.37,4890.79,3124.64,3043.02,5723.86,3084.48
5537.98,10079.75,15377.21,3257.66,3145.37,3467.77,3175.42,6073.55,3338.91
4475.73,9910.59,15392.42,4247.40,3375.63,3176.83,3376.72,5813.44,3115.00
4635.89,9415.01,16479.60,3391.46,3140.21,3314.90,3161.05,5838.76,3513.55
4845.32,9604.39,15637.21,3218.49,3186.78,3147.87,3113.23,5831.78,3163.23
4320.73,9922.67,15800.23,3110.32,3201.57,3146.72,3199.54,6184.07,3033.39
4400.58,9699.44,15524.97,3391.41,3109.54,3220.32,3232.82,5588.70,3219.48
4349.43,10226.94,17380.07,3135.79,3389.07,3194.12,3494.64,6053.97,3158.39
4396.31,9948.97,15587.47,3385.37,3112.35,3413.08,3181.25,5882.35,3281.88
4452.92,10228.14,15733.67,3142.76,3089.80,3149.64,3533.18,5988.71,3171.20
4282.77,9577.15,15865.02,3291.15,3175.47,3176.83,3155.21,5757.98,5351.10
4165.21,10444.96,15898.61,3139.80,3183.18,3329.17,3208.55,5841.67,3103.44
6340.11,10185.38,16312.73,3129.59,3327.19,3168.70,3569.80,5931.88,3115.68
4157.40,9989.28,16051.69,3262.14,3219.17,3327.30,3197.09,5715.32,3225.26
4227.71,12513.40,16164.71,3119.28,3086.88,3103.44,3136.41,6035.11,3146.83
5106.83,10000.22,15884.50,3450.37,3213.13,3133.81,3343.34,5671.99,3368.96
5463.50,9572.88,17736.64,3135.53,3114.02,3363.49,3135.32,5560.37,3706.93
4479.54,9810.53,16047.78,3131.05,3629.43,3126.67,3369.80,5587.14,3161.67
4285.11,10267.10,15836.27,3272.77,3172.87,3449.74,3185.73,6192.14,3167.04
4261.67,9873.76,15188.72,3142.09,3158.13,3143.75,3325.21,5638.86,3037.40
4364.33,9777.20,14926.48,3297.82,3142.14,3150.99,3221.67,6191.00,3298.44
4211.57,9350.38,14788.09,3039.33,3145.79,3315.42,3130.53,5378.44,3338.81
4346.88,9264.13,15732.42,3136.31,3529.02,3190.00,3670.01,6054.17,3558.49
4429.23,9463.97,14983.09,3255.68,3152.09,3319.17,3293.18,5747.14,3225.53
4540.63,8881.99,15033.40,3148.49,3400.11,3112.35,3151.05,5756.05,3071.20
5205.84,9126.94,16780.49,3431.20,3129.28,3180.53,3177.35,5839.23,3630.27
4389.48,10290.38,15369.24,3121.20,3066.88,3512.97,3360.58,6159.80,3127.19
4448.76,9357.04,15595.38,3159.07,3240.27,3230.27,3098.91,5688.65,3289.54
4229.33,9969.91,16179.13,3376.78,3204.80,3284.85,3151.05,5636.05,3139.02
4183.60,9441.00,15574.08,3132.56,3317.76,3130.89,3130.58,5790.84,3073.96
4614.75,9787.93,15941.84,3239.80,3153.03,3065.94,4467.40,5572.72,3363.55
4770.01,9845.06,17245.70,3096.62,3042.35,3252.19,3711.20,7547.20,3125.63
4376.88,12389.70,15538.20,3154.43,3521.93,4367.61,3167.35,6032.92,3221.31
5176.83,9531.73,15641.22,3367.76,3205.32,3662.09,3361.41,5724.80,3167.92
4588.50,9708.61,16860.70,3137.19,3305.11,3197.66,3133.44,5718.65,3074.80
4601.83,9631.00,15322.21,3457.14,4366.57,3554.12,3144.48,5949.43,3376.36
4436.00,9810.27,15383.67,3126.78,3255.84,3151.83,3207.97,5997.40,3158.75
4496.46,9341.78,15445.85,4194.95,3159.74,3149.90,3161.10,5947.46,3483.03
4441.00,9592.46,16428.15,3641.98,3128.60,3238.08,3134.69,5670.79,3159.90
4585.06,9447.67,15820.70,3142.87,3312.45,3175.16,3091.15,6471.21,3125.37
5156.62,9476.31,15596.84,3240.79,3157.92,3375.94,3135.00,5678.29,3065.06
4208.44,9618.87,15613.93,3134.38,3253.65,3184.12,3499.38,6122.87,3147.45
4264.95,9365.79,16401.37,3413.18,3144.22,3131.41,3131.52,5890.94,3369.59
4426.52,9461.73,16764.97,3065.16,3071.25,3542.82,3347.82,6329.96,3258.18
4487.45,9840.01,15285.18,3120.16,3624.74,3216.98,3115.26,5699.80,3260.00
4579.59,9187.82,14936.79,3387.45,3141.41,3261.46,3136.88,5841.00,4468.39
6125.11,10349.96,15228.35,3124.43,3105.42,3117.61,3395.53,5858.29,3252.77
7464.59,9808.35,14683.56,3279.43,3251.77,3177.45,3122.40,5888.03,3131.88
5619.85,10231.21,15220.64,3066.05,3351.05,3151.51,3646.26,5682.20,3110.63
5448.34,9792.56,15816.95,3140.84,3104.85,3181.78,3256.20,5997.09,3583.34
5444.49,12131.63,14758.14,3342.45,3171.25,3195.32,3158.44,6049.12,3188.29
5845.63,10660.38,15426.74,3151.67,3186.20,3242.66,3289.07,6016.31,3131.62
6847.20,9783.92,13368.61,3466.10,3179.54,3537.97,3138.13,6341.15,3047.56
5906.57,9804.70,13252.00,3142.30,3658.86,3200.84,3159.01,5880.95,3156.25
7347.35,9929.91,13329.76,3136.62,3163.18,3153.60,3021.20,6403.50,3371.41
5858.91,10077.83,13174.96,3245.68,3163.81,3645.11,3163.08,5979.43,3164.07
5479.17,9743.29,13119.50,3140.00,3370.00,3121.36,3398.18,5341.26,3412.04
5806.52,9959.96,13050.95,3317.19,3134.33,3191.31,3319.90,6427.77,3170.68
6621.26,9215.38,13242.15,3117.92,3264.85,3101.83,3173.86,5875.53,3116.36
5610.68,9698.97,12491.42,3183.91,3073.34,3253.49,3116.36,5665.06,3602.97
5202.46,9920.33,14105.43,3485.32,3219.80,3216.41,3104.64,5679.85,3094.28
5316.15,9652.20,13062.31,3138.18,3546.88,3381.31,3519.01,5711.47,3143.81
5829.23,9629.60,12664.96,3147.45,3132.82,3146.83,3109.59,5663.97,3094.12
5221.00,9495.32,13070.17,3058.75,3356.05,3586.15,3526.10,5688.50,3166.46
5065.63,10142.31,12802.46,3158.75,3150.73,3092.45,3232.35,5876.52,3277.87
5781.88,9460.64,12815.69,3353.23,3079.64,3146.46,3115.89,5830.11,3114.38
5275.94,9549.07,12793.61,3124.69,3264.01,3274.28,4935.27,6022.92,3156.52
4984.28,11851.11,12488.30,3291.93,3151.98,4249.69,3142.71,6080.48,3056.83
5448.76,10144.08,13132.20,3052.19,3452.66,3355.94,3348.65,5860.11,3137.71
5964.33,9462.51,14996.79,3168.34,3195.27,3143.44,3189.22,6166.94,3388.96
6343.19,10189.75,12790.43,3711.52,3117.19,3171.41,3350.42,5856.83,3148.13
4776.00,10449.23,12520.02,3164.74,4790.89,3283.60,3213.23,6210.79,3111.77
5090.27,10113.81,12351.06,3400.21,3127.92,3217.87,3438.18,5904.02,3059.27
5555.06,9205.12,12867.83,4353.18,3286.77,3306.51,3159.90,5966.41,3155.68
5017.87,10432.67,12456.53,3429.12,3191.78,3132.04,3176.20,5788.18,3664.33
5416.88,9123.92,13202.10,3185.89,3137.82,3574.90,3246.36,5905.58,3080.89
5597.61,9756.42,13058.92,3075.99,3175.37,3145.11,3190.37,5870.11,3557.14
5440.11,9902.46,12531.74,3489.69,3082.76,3144.12,3091.77,5759.85,3174.38
5258.34,10312.67,13889.29,3124.64,3352.09,3324.02,3085.26,5464.85,3132.66
5672.72,9900.22,12688.25,3297.04,3161.93,3158.70,3165.79,6103.39,3609.74
5864.90,10378.55,13005.07,3116.20,3465.63,3353.86,3307.35,5888.24,3112.56
5097.35,9669.34,12904.24,3076.46,3212.45,3100.79,3158.13,6203.91,4489.22
5663.81,10254.34,12704.70,3246.78,3055.06,3127.40,3456.41,6083.13,3460.89
7607.67,9113.97,12751.42,3181.77,3580.94,3531.41,3168.70,5985.74,3398.60
5421.00,9982.51,12638.09,3094.74,3159.22,3118.60,3222.19,6279.23,3171.52
5271.47,11723.97,12907.46,3138.23,3220.00,3367.24,3543.91,5981.73,3136.51
5538.03,9990.27,12972.15,3070.63,3173.02,3140.63,3129.22,6116.83,3345.11
5083.08,9408.61,14068.46,3137.82,3113.13,3082.87,3306.41,5991.47,3149.17
5060.68,10633.09,12830.54,3559.17,3362.66,3257.50,3198.44,5839.96,3571.88
5695.06,9717.41,13897.31,3165.99,3150.26,3126.10,3160.89,5819.38,3212.56
5375.37,10618.97,12904.91,3152.30,3270.99,3482.14,3383.75,7117.98,3040.26
5707.98,10210.69,13307.00,3090.73,3133.96,3162.04,3159.38,5658.13,3404.85
5968.13,10143.66,12849.65,3661.10,3158.29,3084.48,3163.44,6098.29,3108.39
5198.03,10402.93,12617.83,3104.95,3349.59,3396.67,3097.66,5772.66,3267.77
5447.72,9497.30,13054.65,3149.33,3177.09,3119.12,3140.16,5856.93,3163.39
4810.79,10705.85,12678.56,3445.00,3263.91,3289.90,3475.84,5585.74,3087.71
5477.40,9442.46,14038.09,3147.56,3156.77,3204.54,3207.19,6018.24,3337.35
4945.37,10084.28,12708.97,3110.32,3066.72,3096.98,3294.12,5628.55,3133.70
4863.55,9666.89,12685.85,3105.63,3496.41,3507.40,3155.16,6204.96,3259.48
4426.72,9944.65,12576.68,3440.21,3150.68,3168.65,3158.13,6017.66,3164.69
4101.57,9371.89,12883.82,3126.88,3259.90,3188.75,3503.81,6262.04,3037.87
4294.49,9371.83,12768.09,3059.80,3169.43,3155.99,4458.70,5753.60,3351.20
4820.27,10018.45,12585.07,3152.40,3295.37,3099.54,3282.92,5650.32,3152.66
4875.74,12038.50,12457.57,3494.33,3120.58,4701.10,3234.95,5734.17,3229.33
4538.03,9579.65,12641.11,3120.06,3143.86,3174.74,3460.11,5883.24,3219.12
4572.56,10221.26,14620.75,3136.51,3387.04,3335.99,3210.99,5704.59,3182.09
4612.45,10584.60,12518.92,3097.45,4309.54,3191.05,3096.46,6184.90,3106.78
4361.88,10041.47,12988.71,3503.08,3499.07,3526.20,3274.01,5861.31,3155.52
5250.27,10419.23,13199.70,4190.99,3164.33,3191.20,3129.17,6274.70,3357.77
4231.00,9868.29,12552.05,3330.16,3266.57,3094.59,3561.67,5708.65,3165.73
4374.17,10539.23,12871.06,3380.42,3102.97,3453.65,3228.34,5859.85,3082.45
4217.19,9871.05,12459.34,3091.10,3188.39,3206.67,3454.95,5826.05,3484.22
4667.66,10541.37,12644.44,3116.05,3260.53,3242.14,3106.20,5886.10,3169.64
4524.23,9792.77,12613.71,3122.50,3090.47,3180.79,3206.78,5663.13,3456.31
4202.71,10582.77,14915.49,3481.93,3060.52,3447.40,3279.80,6111.99,3170.63
4528.65,9800.64,12470.38,3144.80,3498.49,3081.05,3144.22,5884.02,3109.12
4155.11,10117.62,12635.28,3139.85,3125.21,3294.80,3156.10,6326.31,4466.10
4360.94,9801.68,12983.56,3448.86,3265.06,3382.45,3054.07,5718.86,3274.59
4246.88,10374.44,12886.89,3135.58,3166.57,3181.36,3370.63,6122.30,3474.38
6530.58,10031.99,12815.38,3133.91,3217.30,3150.94,3176.20,6054.70,3134.64
4363.96,10488.97,12436.73,3166.62,3086.98,3095.42,3319.38,5889.80,3242.97
4221.67,11805.02,12894.81,3377.97,3226.67,3155.84,3163.86,5802.56,3190.21
4315.47,10589.18,13073.87,3104.74,3265.26,3492.71,3089.12,5890.37,3569.85
4227.25,9773.55,14009.29,3107.50,3177.14,3126.88,3619.74,5847.98,3177.61
4452.82,10263.40,12613.56,3111.93,3414.43,3342.24,3143.39,5635.84,3158.13
4224.85,10080.64,13000.38,3496.88,3323.81,3153.96,3268.18,6203.29,3494.02
4490.11,10252.04,12876.84,3116.67,3253.29,3207.66,3156.67,5576.21,3160.32
4190.89,9195.12,12464.55,3143.86,3262.50,3579.28,3057.35,5987.14,3278.03
4551.10,9357.20,12651.06,3099.69,3480.37,3170.84,3372.04,5655.06,3059.64
4766.67,10008.29,12932.10,3499.38,3744.95,3354.17,3156.62,5965.95,3121.83
4250.42,9261.05,12894.55,3113.70,3323.60,3201.46,3478.18,5954.80,3389.07
4386.15,9957.25,12819.55,3110.16,3330.00,3082.04,3162.30,6140.37,3523.70
4142.77,9685.79,14049.29,3523.34,3248.03,3415.99,3238.75,5813.08,3429.48
4184.17,9460.43,12648.61,3176.78,3356.78,3125.16,3066.93,5933.91,3135.73
4246.83,9846.32,12671.53,3132.61,3430.21,3468.03,3145.99,5924.54,3066.88
4173.76,9476.26,13337.67,3172.97,3979.48,3154.22,3355.58,5986.67,3443.29
4344.59,10070.48,12324.23,3417.87,3325.32,3060.99,3196.15,5658.34,3132.35
4045.53,9779.65,12792.41,3165.11,3123.44,3423.08,4856.83,5893.71,3231.83
4575.42,10059.18,12752.78,3183.60,3136.10,4401.15,3126.41,5773.91,3163.34
4380.06,12401.16,12663.61,3086.93,3562.04,3458.55,3338.08,6039.28,3061.20
4180.21,10179.02,12813.66,3476.67,3268.75,3244.59,3113.49,5519.02,3519.33
4517.97,10327.25,13976.74,3154.59,3087.97,3334.90,3209.48,5989.07,3131.31
4375.42,10495.22,12541.58,3163.13,4570.94,3201.15,3155.21,5928.71,3377.35
4439.07,9807.83,12944.39,3438.44,3351.05,3148.18,3162.56,5664.75,3136.93
4150.01,10225.38,13469.34,4351.20,3119.43,3525.89,3448.13,5701.47,3484.38
4103.08,9937.04,13528.56,3315.32,3052.35,3154.64,3137.30,5991.67,3074.01
4286.05,10642.67,13913.61,3097.14,3522.71,3245.89,3103.70,6306.52,3176.72
4328.65,10092.88,12731.53,3516.36,3140.47,3172.66,3284.12,5774.96,3367.24
4203.91,10512.41,12838.14,3171.83,3534.43,3432.66,3143.03,5872.25,4180.84
4385.68,9903.24,12702.72,3089.95,3134.28,3103.44,3132.35,5830.48,3406.52
4727.30,10204.96,14092.10,3424.64,3271.15,3142.76,3125.79,7207.30,3185.84
4453.29,10519.60,12802.10,3162.87,3092.19,3283.86,3210.68,5690.58,3056.78
7073.76,9825.53,12794.70,3099.80,3143.13,3105.68,3243.60,6441.83,4730.63
4483.70,10208.45,12979.50,3155.21,3311.62,3407.66,3153.81,5723.45,3134.43
4390.63,10350.64,12758.51,3314.54,3137.66,3149.07,3525.32,6154.02,3119.54
6610.58,10213.87,12598.56,3202.92,3115.21,3186.10,3127.82,5763.24,3294.85
4299.02,12123.30,12976.79,3081.62,3271.77,3287.35,3177.50,6063.39,3144.80
4318.39,9895.22,12540.38,3123.08,3219.69,3084.64,3529.07,5785.69,3111.36
4369.85,10166.84,13981.58,3500.94,3504.85,3155.63,3101.77,6290.11,3061.93
4424.07,10098.76,12921.94,3197.76,3127.35,3108.81,3267.30,5616.15,3307.04
5303.18,10390.64,12569.18,3453.34,3264.28,3160.99,3085.58,6198.55,3447.24
4252.25,9556.83,12767.83,3133.39,3132.71,3256.10,3119.64,5781.52,3269.90
4238.23,9889.54,12665.02,3074.80,3185.37,3154.74,3394.12,5691.21,3654.74
4369.69,10108.61,12938.61,3267.50,3521.93,3172.87,3116.51,5741.36,3245.84
4247.45,10718.71,12406.94,3136.36,3104.28,3152.61,3472.97,6090.48,3077.19
4176.93,10447.88,12830.75,3326.46,3170.32,3182.66,3165.53,5866.88,3390.00
4293.81,9921.42,12505.95,3110.68,3087.24,3381.52,3080.53,5788.97,3100.79
4575.11,10459.08,14767.10,3174.38,3177.04,3121.72,3438.08,6111.73,3125.58
4421.41,9598.50,12872.31,3503.44,3461.78,3633.96,3213.91,5786.26,3209.33
5063.86,10261.73,12363.92,3112.66,3119.07,3097.92,3313.13,5826.47,3116.83
4356.41,9554.07,13297.62,3340.89,3233.91,3126.67,3187.30,5837.66,3397.09
4429.02,10823.87,12627.62,3172.14,3092.61,3517.14,3095.63,5774.90,3146.57
4167.87,10290.64,12726.21,3090.37,3130.16,3202.66,4862.51,5971.41,3288.03
4229.95,10488.97,12591.06,3429.33,3667.97,3606.93,3247.24,6005.68,3215.89
4307.56,12395.69,12728.35,3217.61,3162.14,4462.30,3400.63,5838.34,3110.00
4399.22,10357.10,12912.10,3355.00,3316.10,3366.83,3173.81,5948.86,3440.00
4731.52,9875.32,14209.39,3149.85,3135.68,3137.82,3283.65,5679.17,3266.25
4618.34,10645.53,13005.95,3077.14,4402.09,3143.23,3165.99,5891.15,3265.68
4823.08,10135.06,12788.25,3406.46,3208.70,3283.55,3093.18,5675.16,3203.23
4192.45,10447.31,12761.94,4195.58,3160.16,3147.35,3512.50,6079.38,3107.56
4405.58,9829.44,13104.50,3505.94,3458.70,3464.43,3112.35,5924.02,3315.89
4347.25,10094.65,12720.95,3167.61,3197.35,3186.77,3265.89,5913.71,3255.89
4466.93,10379.80,12624.39,3130.42,3083.29,3069.74,3175.16,5769.02,3382.30
3978.96,10114.96,13291.89,3161.46,3053.96,3513.70,3135.58,5914.96,3230.16
4204.12,10225.53,12804.50,3113.75,3128.49,3113.55,3415.73,5701.83,3342.50
4228.91,9974.49,14179.03,3448.55,3423.86,3171.67,3139.59,6034.80,3089.28
4154.22,10412.36,12922.10,3113.13,3255.94,3120.16,3477.40,5782.46,3211.78
4371.10,9739.96,12705.28,3277.45,3281.36,3130.26,3165.68,5896.21,4549.12
4463.65,10534.55,12453.71,3148.44,3135.79,3440.84,3110.42,9306.31,3425.73
5106.41,10620.53,12709.55,3164.43,3177.45,3118.86,3086.88,6101.78,3378.34
6260.27,10125.85,13277.46,3475.84,3741.78,3413.55,3150.32,5663.39,3097.35
4649.59,9921.78,12920.38,3115.52,3181.20,3125.73,3254.01,5917.04,3426.05
4743.50,12635.74,12718.77,3345.52,3334.33,3067.76,3146.46,5816.78,3077.19
4606.83,9906.00,12880.07,3198.49,3107.92,3243.18,3159.12,5995.32,3274.22
4294.74,10550.01,14362.21,3099.22,3095.89,3141.46,3411.25,5875.89,3352.71
4167.24,10600.01,12715.90,3282.45,3241.52,3285.42,3146.57,6497.09,3334.95
4593.44,9808.50,12774.70,3115.37,3140.47,3232.45,3651.67,6076.47,3585.21
4149.02,8862.41,12702.93,3418.18,3261.10,3069.80,3212.45,5945.01,3184.69
4382.30,8757.51,12806.89,3119.17,3153.34,3492.04,3533.03,5762.77,3115.63
4576.93,8738.19,12918.77,4108.29,3051.36,3166.52,3253.86,5875.74,3361.78
4379.17,9094.13,12725.59,3194.01,3520.06,3328.23,3055.68,5708.08,3225.06
5105.74,8619.59,12851.37,3152.35,3137.35,3173.96,3261.05,6097.72,3286.57
4482.09,9048.40,12683.56,3263.08,3246.15,3323.60,3109.85,5864.64,3320.06
4188.65,9147.25,14254.81,3118.13,3188.60,3134.38,3328.29,6145.95,3225.32
4324.59,8949.65,13060.48,3175.79,3120.00,3152.30,3421.78,5666.05,3366.98
4318.44,8843.50,12650.07,3135.68,3242.14,3398.08,3129.43,5874.49,3532.24
4267.71,8957.36,12693.92,3133.29,3178.70,3097.76,3493.86,5745.79,3266.98
4245.47,8699.13,13173.04,3404.33,3387.87,3388.81,3130.32,5965.95,3408.75
4245.84,8759.23,12654.76,3158.29,3148.08,3083.49,4806.72,5684.54,3266.62
4663.29,9289.23,12540.38,3455.84,3065.84,4372.09,3186.51,7490.32,3679.17
4525.94,10480.53,12748.71,3178.13,3308.86,3414.12,3202.82,5831.36,3242.09
4756.31,9311.89,12837.15,3073.39,3161.62,3236.15,3172.92,5726.15,3334.12
4428.29,8831.99,14295.23,3642.71,4371.88,3271.05,3083.29,5952.46,3291.10
4208.44,8812.72,12587.31,3125.37,3321.41,3140.16,3362.71,5810.63,3986.41
4348.29,8560.74,12503.77,3188.81,3244.07,3372.71,3176.62,6033.91,3663.08
4265.47,9180.64,12620.85,4329.59,3144.33,3187.35,3400.63,6082.82,3403.44
4174.38,8809.39,13198.87,3489.28,3118.23,3131.57,3106.46,5973.29,3154.80
4730.21,8944.75,12718.87,3128.49,3289.85,3260.47,3090.84,5954.12,3070.58
4425.53,8641.73,12858.04,3171.25,3165.21,3124.07,3336.20,5949.44,3619.48
4704.17,11000.80,12857.46,3558.34,3384.17,3263.44,3178.29,5940.74,3129.43
4880.48,9598.97,12353.82,3101.36,3145.84,3071.78,3124.64,6190.22,3256.72
4289.07,10442.46,14659.55,3299.54,3073.60,3141.67,3144.95,5961.05,3170.16
4263.39,9463.35,12735.02,3089.74,3446.25,3509.33,3073.29,6056.73,3058.75
4321.57,10045.07,12607.78,3113.08,3191.83,3143.70,3249.74,5695.01,4623.44
4278.39,10100.74,12856.79,3226.57,3137.45,3126.25,3147.87,6141.62,3129.12
4544.28,10812.36,12925.33,3149.69,3178.18,3058.44,3405.73,6003.50,3488.96
6409.64,10479.81,12467.00,3132.66,3107.92,3156.51,3107.24,6130.42,3137.82
5601.15,10920.80,12996.58,3130.47,3431.93,3357.77,3051.78,5902.14,3239.01
4380.42,11755.80,12706.89,3109.22,3120.68,3142.71,3665.84,6115.16,3150.94
4537.45,10211.47,12887.26,3341.72,3423.81,3136.62,3133.44,6024.85,3096.25
4842.97,10080.53,14019.44,3148.60,3136.72,3084.85,3188.86,6193.91,3249.59
4406.46,10203.71,12676.01,3478.81,3143.60,3152.76,3174.43,6002.51,3124.22
4202.14,9752.51,12584.55,3184.80,3255.47,3222.87,3128.55,6062.09,3500.37
4192.45,10149.02,13309.24,3135.26,3161.98,3155.21,3359.07,5904.28,3159.01
4386.83,9582.30,12669.23,3560.53,3252.82,3172.97,3135.16,6201.73,3050.06
4338.55,10525.48,12872.78,3118.08,3153.18,3639.28,3382.61,5858.24,3354.74
4383.76,9663.76,12429.13,3178.70,3155.37,3148.55,3147.77,5974.43,3168.91
4496.57,9929.70,13267.78,3201.46,3479.02,3619.90,3222.61,5925.27,3193.49
4356.20,10077.10,12506.42,3100.11,3202.61,3124.85,3111.62,6057.14,3163.02
4377.14,10733.45,13909.50,3380.21,3259.07,3157.82,3190.27,6006.41,3118.29
4996.88,10560.64,12979.81,3143.29,3111.15,3080.32,3284.64,6268.65,3504.54
4277.56,10016.99,13524.13,3277.09,3142.45,3126.78,3162.14,6144.44,3133.08
4579.33,10964.60,12602.31,3112.35,3072.61,3252.40,3452.87,5987.82,3255.21
4237.45,9977.15,12893.25,3085.00,3185.58,3152.50,4615.01,5819.64,3142.14
4269.17,10163.40,12988.71,3307.71,3217.87,3325.94,3571.05,6050.01,3253.13
4252.77,11798.77,13191.16,3177.30,3179.69,4451.31,3250.32,6115.84,3074.33
4434.90,10663.82,12941.37,3406.25,3130.73,3675.42,3394.64,5928.03,3133.49
4504.95,9474.13,12789.86,3125.84,3469.28,3129.48,3627.35,6201.67,3506.46
4334.64,9795.69,14252.93,3084.64,4478.08,3121.72,3359.85,5750.89,3150.00
5226.93,10267.04,12813.71,3388.23,3590.42,3339.17,3325.53,6101.47,3382.24
4288.23,9427.72,12745.28,4206.26,3125.47,3232.61,3465.73,5787.40,3065.16
4181.26,10165.17,12437.41,3425.99,3215.00,3316.10,3392.14,6314.49,3132.30
4514.17,9748.14,12783.51,3127.56,3104.48,3146.10,3296.72,5805.16,3237.04
4127.19,10175.95,13168.25,3371.41,3327.71,3189.01,3784.43,6325.63,3172.82
4157.09,9911.68,12735.80,3141.15,3082.56,3553.75,3802.87,5713.60,3392.71
4239.22,10361.94,12762.26,3059.74,3138.44,3197.19,3228.81,6130.01,3024.12
4384.95,9904.23,12801.16,3397.97,3386.46,3313.03,3217.56,5875.22,3243.60
4532.19,10173.61,14324.71,3185.32,3125.47,3106.25,3575.63,6084.90,3410.58
4505.53,10287.46,12848.97,3105.68,3148.60,3111.46,3209.33,5746.31,4383.91
4976.99,10091.32,12858.45,3118.08,3044.27,3214.12,3093.23,6063.81,3533.91
4265.79,9919.34,12718.19,3070.16,3176.72,3146.98,3324.33,5939.85,3133.34
4295.53,9647.46,12701.63,3521.72,3368.96,3473.34,3200.26,6112.92,3329.59
6111.93,10178.71,13863.25,3109.48,3147.92,3158.03,3371.51,5926.36,3107.82
4726.78,12317.67,13069.76,3265.21,3242.30,3078.86,3197.61,6059.90,3242.40
4837.14,10045.07,14322.62,3167.40,3098.75,3442.71,3148.29,6112.14,3382.71
4311.52,10550.64,14370.44,3138.34,3214.95,3178.44,3510.68,5496.05,3257.24
4243.29,9920.90,13217.46,3253.18,3552.35,3221.20,3190.79,5711.67,3407.09
4398.24,10350.59,12993.45,3182.77,3106.05,3154.90,3193.91,5717.40,3151.62
4403.76,9768.66,12359.29,3389.12,3118.60,3158.60,3155.52,6554.38,3139.54
4489.48,10521.42,12460.07,3121.83,3090.84,3342.92,3295.89,7669.54,3380.32
4508.34,10096.31,12795.54,3071.57,3142.24,3130.79,3115.58,6134.64,3162.50
4626.62,10225.33,13076.53,3372.61,3501.05,3398.86,3177.30,6045.16,3342.92
4735.68,10439.65,13255.85,3143.86,3125.94,3130.99,3322.50,6124.59,3216.72
4426.41,10323.09,12628.82,3199.74,3121.20,3090.99,3136.51,5896.52,3138.81
4293.44,10502.04,14270.59,3193.60,3100.32,3225.79,3441.72,5985.58,3494.22
4833.29,9895.85,12933.04,3071.46,3131.05,3150.94,3122.45,6237.09,3267.30
4401.05,10536.78,12511.68,3491.78,3733.70,3366.25,3184.74,5960.84,3257.97
4808.86,9438.55,12765.85,3157.92,3193.86,3171.25,3281.41,5686.47,3178.86
5095.32,10438.45,12651.94,3328.55,3607.56,3121.93,3113.08,6230.95,3043.29
4202.24,10074.39,12778.45,3173.39,3263.18,3545.21,4637.82,5954.75,3199.54
4391.41,10260.48,12648.09,3081.41,3178.70,4292.92,3112.09,5990.63,3169.12
4174.64,12011.99,12548.24,3088.70,3642.14,3478.44,3344.48,5774.02,3305.32
4225.06,9784.34,12621.37,3162.35,3259.38,3123.08,3115.37,5633.97,3100.11
4483.65,10201.32,14464.76,3304.54,4356.36,3248.60,3308.91,5779.07,3081.83
4330.63,9982.36,12993.56,3181.57,3260.21,3269.12,3386.25,6125.27,3233.86
4429.80,9935.64,12295.69,3077.50,3314.48,3533.55,3293.29,6475.53,3169.74
4599.64,9880.79,12465.22,4601.93,3207.66,3151.41,3171.72,6023.97,3581.52
5151.20,10155.01,12621.37,3240.58,3159.95,3161.36,3061.72,5980.69,3285.53
4375.68,10800.64,13291.84,3399.38,3510.32,3211.36,3197.61,5735.06,3470.63
4285.27,9546.63,12678.19,3165.84,3168.39,3137.87,3405.68,5838.08,3128.49
4348.91,9948.97,12539.65,3177.71,3261.41,3283.86,3429.54,5834.70,3179.12
4416.26,9531.47,13001.32,3106.62,3143.75,3088.29,3233.49,5864.64,3289.80
4187.40,9456.16,14006.01,3067.09,3057.76,3122.66,3182.30,5791.00,3155.79
4264.38,9909.39,12577.62,3469.69,3274.59,3410.11,3132.14,5907.25,3320.84
4335.68,9593.76,12886.84,3131.31,3129.80,3105.79,3197.04,5903.86,4493.39
4438.34,10145.07,12381.63,3581.15,3384.95,3410.73,3379.33,5949.33,3446.78
4399.59,9554.70,12914.24,3278.13,3156.67,3231.41,3152.09,5673.86,3169.12
6761.16,9367.46,12641.84,3423.08,3112.97,3220.94,3625.47,6058.81,3191.36
4773.24,10467.10,12681.11,3270.68,3405.06,3327.66,3175.58,5844.96,3386.10
4307.35,12803.71,12912.99,3358.75,3239.74,3174.54,3143.29,5935.22,3600.53
4912.35,10913.71,12735.43,3540.01,3194.12,3335.63,3192.24,5656.15,3313.60
4379.22,10632.31,13799.34,3360.99,3154.07,3104.33,3431.98,5915.48,3183.23
4522.56,9635.48,12837.31,3522.66,3361.93,3152.97,3178.70,5719.44,3104.43
4206.99,9317.77,12842.57,3292.82,3081.15,3529.85,3113.44,6130.79,3400.99
4065.58,9624.34,12603.04,3545.63,3231.57,3199.28,3270.94,5628.39,3114.27
4334.95,9466.05,12633.30,4019.95,3423.75,3388.70,3235.84,6121.31,3469.95
4371.62,9216.52,12922.88,3268.60,3110.63,3150.21,3154.17,5390.32,3173.65
4404.75,9097.36,12862.73,3287.66,3133.44,3126.78,3190.58,6257.61,3157.40
4637.87,8718.29,12694.91,3180.26,3074.22,3218.49,3090.68,5650.22,3272.14
4909.23,8670.79,12616.32,3128.18,3295.89,3145.68,3594.33,6318.65,3170.47
4510.01,8762.51,14214.50,3171.62,3471.67,3510.06,3226.05,5843.08,3337.71
4282.56,9532.67,12504.18,3114.48,3127.30,3206.41,3306.25,5585.84,3200.32
4165.79,8819.23,12969.34,3500.37,3246.77,3118.91,3138.39,6066.10,3128.65
4427.35,8690.06,12524.96,3175.68,3100.79,3386.36,3441.36,5833.71,3805.89
4163.96,8544.96,12660.28,3445.89,3194.12,3141.15,4568.13,6208.39,3119.69
4093.18,8593.24,13249.03,3154.74,3653.65,4318.76,3279.85,5694.59,3247.71
4309.90,9111.31,12523.87,3431.72,3165.63,3363.96,3153.86,6119.07,3141.41
4722.04,10516.11,12948.56,3110.00,3138.96,3388.08,3149.48,5709.38,3292.50
4097.51,8644.54,12513.61,3163.75,3081.20,3155.84,3371.25,6329.33,3023.08
4765.16,9279.02,14571.37,3360.99,4774.64,3115.27,3114.59,5732.77,3149.80
4476.57,8683.14,12544.81,3169.80,3118.81,3514.12,3338.08,6141.00,3151.62
4358.13,8574.80,12520.12,4472.19,3117.82,3114.38,3140.42,5758.71,3167.09
4262.92,8559.59,12974.44,3337.40,3246.25,3191.88,3139.12,5981.99,3388.44
4194.75,8970.43,12631.84,3156.41,3140.84,3228.75,3501.41,6115.89,3178.23
4118.81,9064.44,12569.34,3095.42,3134.59,3109.01,3129.74,6095.95,3187.82
4614.95,8725.79,12937.36,3132.30,3082.09,3453.18,3132.35,5664.28,3549.90
4268.70,8755.27,12314.39,3375.94,3174.85,3119.01,3098.75,6130.22,3119.85
4284.69,9152.98,12981.27,3156.51,3554.74,3287.61,3200.21,5728.81,3163.39
4448.86,9043.03,14356.53,3412.97,3146.41,3124.33,3453.81,7264.96,3065.84
4481.41,8770.69,12852.67,3049.59,3176.36,3074.38,3112.50,5792.20,4538.96
5347.77,8296.26,12698.97,3119.90,3064.48,3250.42,3133.13,5898.97,3225.21
4289.12,7928.76,12626.73,3268.81,3133.44,3160.79,3085.26,5770.79,3145.42
4143.29,8077.61,12807.72,3120.47,3374.64,3504.22,3150.58,6050.01,3360.42
6239.23,8264.91,12825.48,3365.00,3134.33,3125.99,3228.08,5812.20,3152.92
4719.17,9614.86,12643.35,3649.80,3151.77,3317.71,3117.45,6112.40,3098.39
4674.38,8431.26,12719.81,3185.26,3056.83,3140.63,3195.53,5829.80,3107.87
4334.02,8346.26,12734.18,3549.74,3198.39,3116.05,3107.30,5970.11,3096.46
4338.65,8400.90,14157.83,3127.40,3452.09,3256.46,3186.88,6032.56,3686.83
4367.45,8334.49,12852.93,3223.03,3230.79,3168.81,3505.32,5935.32,3170.68
4234.38,8366.52,12623.51,3160.99,3600.89,3451.57,3131.15,5782.46,3281.88
4569.07,8047.09,13041.73,3172.04,3198.81,3111.78,3645.42,6106.31,3095.21
4860.58,8237.56,12880.85,3271.46,3147.19,3277.56,3188.44,5915.79,3159.59
4849.75,8144.28,12667.36,3144.38,3573.65,3493.55,3154.59,6172.20,3533.23
4237.77,8534.28,12515.22,3389.43,3177.56,3138.81,3515.79,5584.49,3086.83
4446.15,8347.72,12646.68,3128.08,3354.43,3380.21,3165.11,6038.03,3473.03
4099.74,7952.30,13223.87,3084.22,3108.49,3137.24,3084.17,5680.95,3149.17
4251.00,7974.18,14025.43,3474.22,3050.47,3175.06,3119.85,6052.30,3072.14
4548.08,8320.38,12698.19,3178.03,3382.40,3263.34,3103.29,5819.28,3371.83
4192.92,8537.41,12710.17,3144.28,3246.62,3141.10,3366.83,6042.51,3166.25
4255.73,8418.45,13049.55,3116.83,3103.34,3149.12,3130.37,5562.92,3361.36
4941.73,8505.69,12536.21,3057.56,3051.46,3066.10,5004.54,6115.42,3152.92
5008.96,8275.22,13581.37,3411.36,3080.06,4730.16,3233.34,5635.84,3137.87
4683.91,9720.48,12596.68,3121.78,3374.38,3134.85,3624.48,6178.39,3454.28
4377.97,8256.05,12639.81,3389.33,3163.75,3142.82,3193.29,6008.91,3192.04
4253.70,8501.83,12909.29,3108.49,4631.78,3404.17,3128.96,5927.51,3159.95
4289.02,8424.39,13974.50,3099.01,3241.72,3130.16,3296.93,6077.51,3119.12
4393.50,8093.81,13118.56,3235.06,3340.11,3120.89,3130.16,5647.66,3117.66
4465.06,8305.74,12960.33,4294.22,3188.75,3065.00,3255.11,6667.77,3371.67
4720.32,8674.39,12500.22,3486.15,3126.15,3297.76,3178.91,5980.11,3138.29
4686.78,8246.78,13181.58,3237.82,3164.33,3486.25,3487.61,6600.89,3165.21
4391.93,8393.76,12725.95,3174.33,3133.18,3097.97,3169.74,5856.88,3095.73
4255.42,8371.16,13563.25,3181.88,3168.65,3292.14,3132.30,6329.49,3092.14
4359.69,7930.01,12702.00,3128.60,3126.67,3137.14,3284.28,6641.88,3248.96
4587.04,8000.06,12748.56,3511.98,3085.79,3392.61,3128.86,6736.78,3213.60
4173.44,8499.02,13965.80,3120.06,3520.06,3685.16,3240.16,8056.83,3707.61
4055.47,7935.90,12827.93,3270.00,3129.07,3231.31,3165.37,5731.21,4514.95
4306.10,8052.93,12947.46,3116.25,3106.72,3406.88,3174.69,6679.28,3132.87
4579.38,8413.55,12693.71,3082.45,3121.10,3122.66,3270.52,6300.89,3163.49
4408.13,8261.16,12402.72,3512.45,3108.86,3079.22,3143.60,6325.84,3114.80
6395.01,8217.04,13415.12,3124.95,3544.17,3268.34,3103.08,6410.27,3536.10
4188.65,10277.15,12635.17,3232.87,3219.74,3206.10,3088.91,6381.73,3101.78
4447.19,8353.71,12607.00,3172.24,3333.29,3271.88,3169.38,6568.71,3242.30
4408.96,8271.89,13892.05,3073.23,3168.39,3161.51,3497.35,6413.50,3177.76
4504.22,8381.00,12853.77,3376.93,3083.81,3098.49,3174.01,6607.30,3067.30
4921.93,8222.72,12481.01,3135.26,3626.72,3476.62,3355.84,6438.34,3565.11
4454.64,8367.93,13131.37,3393.55,3115.79,3153.65,3159.02,6411.00,3144.90
4455.01,8257.77,12443.82,3144.12,3249.12,3323.60,3208.29,6550.01,3445.84
4190.68,8183.34,12858.30,3080.99,3170.58,3203.08,3456.57,6421.78,3120.47
4044.22,8269.49,12898.66,3213.65,3069.27,3321.20,3170.94,5796.73,3086.93
4235.21,8263.86,12520.28,3155.89,3412.82,3118.49,3159.07,5812.82,3328.29
4100.16,8478.97,13089.03,3274.95,3193.60,3204.74,3121.72,6086.83,3177.14
4088.60,8300.79,14405.54,3151.10,3447.87,3442.04,3136.88,6154.44,3347.66
4193.96,8404.44,13454.65,3159.22,3683.44,3147.56,3527.61,5750.06,3184.01
4499.90,8206.42,14023.87,3525.21,3304.07,3364.17,3171.15,6215.01,3444.17
4250.16,8181.89,12600.02,3134.90,3123.13,3084.01,3155.68,5670.58,3142.71
4081.52,8105.43,12718.14,3245.89,3091.15,3122.56,4511.05,5738.29,3158.23
4645.63,7985.90,12758.61,3152.14,3371.20,4401.78,3464.22,5859.17,3325.53
4437.35,8102.25,12693.45,3053.23,3142.71,3334.12,3156.98,5755.37,3171.98
4673.55,10064.80,12457.52,3263.91,3274.12,3394.28,3183.23,7425.84,3255.94
4418.13,8726.31,13553.66,3155.68,4369.80,3143.34,3590.26,6218.29,3055.84
4214.28,8492.51,14063.35,3512.04,3694.48,3436.57,3172.24,6080.22,3131.62
3991.20,8292.46,12726.53,3127.77,3176.20,3150.32,3148.03,5826.83,3404.22
4375.11,10065.43,12995.64,4468.91,3070.42,3141.36,3120.94,5801.52,3087.87
4211.20,8192.35,12417.20,3447.40,3515.79,3236.78,3131.25,5925.37,3150.32
4436.99,8679.07,13008.51,3128.08,3130.00,3121.46,3660.06,5937.72,3218.70
4904.07,8424.02,12466.73,3303.29,3125.00,3296.57,3095.16,5727.14,3686.78
5336.05,8481.26,12757.20,3185.42,3132.45,3141.36,3207.61,6190.37,3560.16
4237.51,8176.05,14307.31,3424.48,3180.06,3173.65,3205.21,5732.35,3136.41
4421.57,8127.82,13066.48,3125.47,3417.30,3520.79,3165.79,5797.87,3276.46
5320.06,7950.64,13887.99,3151.57,3117.71,3216.46,3665.01,5973.29,3140.11
4387.09,8122.04,12622.83,3080.06,3276.93,3448.23,3322.24,5941.36,4963.24
4928.70,8215.32,13004.03,3514.43,3152.04,3179.64,3465.99,5654.02,3278.34
4365.53,7959.28,12688.56,3193.91,3155.42,3118.13,3113.08,5835.79,3065.84
4390.42,8360.38,12873.61,3180.16,3641.15,3254.54,3111.20,6006.93,3509.64
4144.90,8867.51,12677.36,3129.74,3198.13,3141.46,3082.09,5829.07,3116.72
5904.07,8373.29,12530.02,3113.86,3320.00,3357.66,3144.01,5891.15,3248.81
4523.76,9845.33,12853.97,3476.36,3150.89,3144.95,3328.08,5777.82,3189.12
5032.45,8505.74,12689.70,3124.90,3068.55,3087.87,3186.62,5901.62,3099.28
4334.49,8369.02,14592.67,3283.34,3242.82,3624.95,3431.36,5604.07,3551.15
4524.64,7964.80,12669.55,3199.90,3125.32,3125.58,3138.70,5894.38,3150.11
4228.91,8137.35,13008.98,3105.63,3391.72,3304.43,3137.40,5601.15,3495.99
4389.07,8102.56,12574.03,3268.13,3151.10,3205.84,3499.38,6215.69,3129.12
4369.12,8020.53,12750.69,3129.64,3118.39,3098.23,3159.69,5725.63,3155.37
4535.32,8110.69,12675.12,3383.34,3446.31,3251.15,3184.74,5914.07,3044.95
4493.70,8122.88,12626.68,3161.05,3147.30,3125.06,3089.07,5684.59,3129.07
5076.57,8213.76,13178.40,3164.01,3135.16,3404.38,3160.32,5879.96,3314.95
4344.22,7998.03,12742.10,3387.35,3180.16,3122.50,3508.55,5815.06,3087.56
4432.40,8121.26,14054.55,3131.88,3354.07,3078.18,3190.84,6172.72,3255.63
4575.16,8238.66,12844.13,3206.31,3147.35,3359.17,3217.40,5577.98,3094.43
4403.91,8471.00,12973.35,3187.45,3171.10,3148.81,3059.22,6178.50,3133.44
4814.49,8206.05,12509.81,3183.34,3382.92,3142.30,3174.54,5937.20,3590.84
4496.67,8575.74,13785.96,3514.22,3115.47,3123.23,4706.36,5884.96,3173.44
4968.70,8383.40,13542.67,3160.06,3412.30,4731.15,3259.17,5576.62,3128.23
4398.65,9675.79,12571.68,3387.76,3137.09,3332.04,3597.97,5774.96,3057.56
4337.35,8334.49,13404.70,3165.06,3163.18,3350.16,3177.77,5767.98,3165.21
4645.21,7972.56,12673.71,3276.25,4561.62,3725.27,3597.97,6096.88,3526.72
4332.14,8295.64,14265.64,3113.96,3212.61,3377.92,3167.04,5633.34,3105.94
4628.86,9711.99,12743.97,3178.96,3231.05,3344.43,3182.19,6027.46,3240.32
4520.21,8509.75,12873.87,4474.22,3283.55,3807.24,3272.09,5662.82,3104.54
5041.15,7989.75,12661.84,3258.70,3194.95,3380.16,3113.60,5941.93,3197.35
4816.93,7985.79,12696.47,3492.71,3116.77,3315.42,3329.64,5920.16,3564.54
4316.83,8148.60,12767.41,3160.37,3513.55,3442.97,3158.02,5871.15,3103.75
4483.03,8245.43,12991.01,3227.30,3139.07,4136.31,3139.54,5864.38,3471.10
4268.96,8174.39,12895.33,3096.15,3314.59,3242.71,3496.62,6076.52,3160.26
4374.54,8026.57,12704.96,3148.70,3229.38,3632.56,3123.55,5872.66,3090.00
4647.14,8129.44,14137.31,3223.03,3163.23,3151.15,3361.10,5854.64,3269.17
4776.67,8265.38,12870.02,3179.01,3379.64,3528.08,3168.08,5605.27,4525.58
4720.32,8059.18,12885.80,3500.84,3139.33,3221.98,3221.10,6094.07,3332.61
4340.42,7995.48,12849.86,3141.15,3417.40,3219.69,3111.88,5723.08,3146.25
4322.04,8295.48,12622.52,3248.91,3123.13,3089.74,3115.53,6123.97,3568.65
6046.31,7851.63,12865.90,3393.08,3129.69,3133.49,3509.22,6204.90,3184.27
4698.13,9876.68,12710.48,3134.02,3350.53,3382.35,3159.27,5952.20,3090.58
4660.79,8221.31,12931.63,3299.12,3206.36,3169.07,3111.88,5723.24,3331.88
4480.11,8502.82,12721.58,3082.56,3238.91,3456.41,3075.68,5922.14,3109.28
4213.13,7830.22,14262.83,3208.34,3201.62,3118.18,3159.69,5540.01,3190.06
4220.79,8369.91,12875.28,3524.12,3509.54,3146.88,3371.67,6051.62,3144.43
4390.16,8579.33,12842.72,3160.32,3139.07,3297.30,3158.86,5788.18,3074.33
4226.15,7994.70,12515.17,3337.35,3163.81,3230.94,3305.89,6899.18,3623.55
4413.65,8096.26,13046.21,3161.05,3367.09,3199.90,3115.21,6000.63,3150.94
5022.35,8070.79,12577.78,3128.70,3135.68,3098.96,3156.67,5932.98,3353.65
4520.63,8370.64,12770.59,3204.54,3254.85,3106.46,3596.15,6021.41,3168.02
4714.69,8138.45,13135.43,3182.04,3087.92,3357.87,3148.08,6832.35,3058.49
4394.38,8180.48,12700.07,3409.22,3135.73,3151.20,3133.70,5793.86,3649.59
4396.15,8264.07,14154.29,3220.37,3255.63,3120.84,3079.48,5820.53,3136.57
4285.01,8147.41,12952.52,3122.35,3136.15,3110.42,3197.50,5830.48,3514.01
4411.46,8074.39,12489.18,3400.99,3481.72,3126.77,3465.27,5937.46,3128.86
4421.15,8430.43,13040.07,3182.66,3120.42,3490.42,4406.20,6042.61,3259.38
5228.50,8189.80,13077.52,3166.10,3102.71,4354.85,3319.80,5916.57,3046.72
4293.60,8521.26,12551.21,3121.10,3356.41,3710.27,3158.13,6000.53,3143.60
4326.00,9824.91,12887.62,3166.67,3134.38,3194.28,3250.84,6022.30,3282.35
4202.61,8020.84,12587.05,3391.52,4466.72,3497.09,3162.35,6262.77,3128.44
4715.01,8004.07,12883.66,3141.41,3318.39,3179.22,3226.20,6189.17,3059.17
4337.71,8130.58,14233.82,3290.06,3440.53,3065.89,3566.78,6171.26,3500.63
4296.10,8026.94,12615.07,4233.50,3143.23,3258.08,3148.81,6321.73,3150.47
4059.48,8205.84,12916.16,3499.28,3138.34,3135.00,3112.56,6145.42,3251.83
4283.65,8361.73,12928.51,3095.00,3357.56,3314.80,3075.84,6047.35,3167.66
4593.81,8248.14,12887.93,3104.12,3147.61,3178.60,3196.83,6036.00,3280.99
4800.58,8105.53,12894.60,3497.30,3289.95,3115.58,3591.72,5986.94,3123.65
4623.65,8271.57,12728.25,3144.27,3060.47,3496.20,3101.46,6001.36,3149.28
4463.70,8765.27,12804.39,3168.23,3198.86,3127.61,3362.56,6072.87,3482.45
4223.08,8170.48,12974.91,3219.80,3533.65,3092.92,3181.36,6404.85,3279.48
4437.25,8329.28,13865.80,3145.32,3161.41,3171.25,3195.84,6186.57,4654.12
4058.34,8319.59,13010.75,3311.05,3341.31,3082.19,3624.64,6066.15,3294.22
4265.11,8208.34,12934.91,3110.06,3158.70,3336.36,3128.86,6201.26,3271.57
4502.14,8153.08,12665.43,3391.36,3085.11,3194.54,3388.86,5903.08,3066.93
4375.94,7914.28,12772.31,3160.16,3254.12,3242.61,3143.39,6331.31,3197.35
7049.23,8194.91,12798.25,3053.18,3131.31,3142.14,3069.17,6126.05,3422.77
5379.85,9749.44,12918.19,3424.85,3477.35,3090.58,3239.80,6346.05,3180.73
5820.58,8232.41,12886.79,3198.60,3192.61,3722.66,3157.56,5955.06,3403.60
5470.06,8809.70,12734.50,3161.20,3057.24,3185.26,3260.89,6250.43,3048.86
5471.00,8320.95,14184.81,3162.30,3430.68,3149.74,3124.48,6473.97,3137.45
4740.32,8184.75,12617.78,3054.22,3087.92,3194.74,3162.71,5888.97,3333.86
4717.45,8249.23,13112.31,3372.97,3174.59,3096.93,3533.55,6463.34,3204.90
4404.02,8184.39,12303.14,3143.08,3104.07,3368.44,3141.15,6001.00,3264.64
4534.49,8039.12,12755.59,3400.84,3127.92,3138.70,3345.42,6243.08,3050.00
4580.01,8042.35,12770.43,3114.07,3460.89,3371.93,3188.23,5922.56,3132.45
4801.15,7941.10,12902.62,3064.38,3124.48,3177.45,3094.74,6485.89,3476.98
4661.31,8459.18,12748.14,3280.63,3412.66,3122.35,3207.45,6051.73,3133.08
4285.94,8105.17,13923.66,3124.64,3215.99,3692.09,3208.49,5900.53,3119.33
4307.92,7960.84,12905.75,3243.44,3074.12,3116.41,3313.49,6206.67,3105.79
4299.02,7822.35,12939.08,3169.33,3277.19,3275.21,3149.43,6186.83,3137.19
4582.92,7842.25,12588.61,3079.54,3194.38,3144.43,3135.06,6353.45,3366.10
4546.36,7793.81,12597.52,3502.66,3277.19,4520.11,4871.67,6463.13,3161.62
5210.27,8043.19,12983.56,3120.21,3172.24,3386.57,3150.32,5972.92,3310.06
4506.57,7828.55,12585.54,3265.79,3089.43,3550.84,3348.91,6322.35,3083.49
5215.89,9277.41,12799.50,3118.03,3497.92,3111.46,3223.65,6066.36,3590.06
4346.10,7958.50,12859.03,3081.62,4505.53,3155.79,3300.63,5953.55,4003.23
4326.62,7961.57,13860.96,3250.84,3372.97,3234.64,3165.68,6490.06,3180.63
4597.19,8044.80,12482.78,3164.38,3120.73,3115.89,3403.03,6259.96,3282.97
4491.41,7956.83,13244.50,4322.61,3208.44,3276.83,3077.50,6029.02,3102.87
4554.02,8136.00,13577.73,3326.51,3167.87,3067.92,3125.68,6015.27,3371.05
4664.07,7814.80,13975.80,3546.20,3118.75,3223.39,3235.84,6389.12,3095.63
4450.84,8216.57,12965.02,3173.13,3491.20,3437.71,3496.15,6383.65,3178.86
4343.29,7963.14,13002.88,3084.22,3135.89,3119.02,3389.01,6027.35,3255.47
4381.05,8322.15,12573.77,3320.42,3320.32,3393.49,3108.86,5909.85,3134.48
4457.14,8581.05,12801.42,3197.50,3176.25,3065.58,3112.24,6032.56,3393.55
4494.22,8726.16,14138.66,3176.72,3105.89,3140.47,3412.40,6411.00,3149.27
4853.91,8278.81,12519.96,3207.50,3243.70,3313.08,3120.37,7155.01,4734.80
4606.78,8136.21,12670.75,3143.49,3122.24,3184.80,3441.20,6250.01,3059.38
