mac_1,mac_2,mac_3,mac_4,mac_5,mac_6,mac_7,mac_8,mac_9
21146.10,18753.20,18515.20,18572.90,18281.70,18544.10,26033.90,91.60,19303.70
20258.40,18418.70,18442.70,18475.70,18230.40,18579.90,25811.30,94.50,19227.20
18632.00,18424.10,18526.90,18295.90,18546.20,18557.70,26082.70,91.30,19625.10
18608.90,18418.30,18515.10,18577.60,19051.20,18530.60,28421.80,92.80,20102.60
19370.20,18508.90,18627.20,18648.10,18424.30,18709.90,30193.00,91.10,18980.50
18775.30,18512.00,18455.00,18413.60,18400.70,18665.90,27122.70,91.10,18716.30
19678.30,18488.90,18470.10,18341.70,18386.80,18523.70,26772.50,90.70,18617.90
20192.90,18602.10,18442.50,18299.50,18346.00,18812.40,25987.80,93.10,18713.80
18645.10,18452.00,18437.80,18310.80,18577.80,18475.20,20558.70,104.50,18822.80
18568.90,18431.80,18461.30,18433.30,18443.40,18505.20,22920.90,93.50,19600.00
18622.00,18423.80,18540.50,18402.40,18305.90,18406.00,20776.30,91.60,20380.50
18617.60,18346.50,18469.60,18633.70,18450.30,18433.30,21319.10,93.50,20066.60
19541.30,18444.00,18421.10,18503.00,18344.80,18489.30,21391.00,91.40,23012.60
18618.90,18328.10,19442.10,18479.70,18484.40,18414.90,18889.50,91.20,19683.80
18601.20,18431.50,18521.80,18466.70,18599.20,18440.10,21687.40,91.50,19980.80
18668.00,18494.00,18443.00,18480.80,18507.20,18385.40,20124.80,92.20,21768.30
18674.20,18535.80,18470.60,18467.70,18435.80,18406.30,19287.90,92.90,18775.80
18562.70,18813.40,18510.80,18435.00,18566.90,18565.00,24238.40,92.20,22904.10
18588.00,18487.80,18445.30,19238.20,18458.80,18413.80,31480.80,104.10,18587.00
18511.40,18448.40,18591.30,18616.10,18421.60,18334.60,28537.70,97.50,18908.90
18496.30,18435.00,18603.90,18629.40,18431.00,18386.90,27642.90,93.40,19026.50
18449.40,18487.50,18408.80,18513.00,18427.40,18417.60,26353.50,91.80,18997.40
18525.40,18306.70,18319.40,18468.40,18775.80,19385.80,24420.50,95.20,20935.40
18607.00,18716.40,18847.50,18565.40,21361.10,18371.80,28577.90,92.30,21085.40
18512.70,18638.40,18398.70,18536.30,18527.80,18366.60,22389.60,92.50,23771.40
18729.70,18611.90,18326.10,18470.40,18456.00,18331.50,23090.50,91.70,23641.10
18506.30,18500.20,18249.30,18418.00,18497.10,18282.00,25928.20,90.90,20608.90
18524.50,18559.50,18331.90,18439.30,18458.70,18303.80,19566.90,90.90,19394.50
18902.00,18619.10,18428.40,18550.90,18503.00,18414.80,21956.40,92.30,18682.80
18694.00,18498.40,18328.40,18276.60,18471.20,18428.40,36848.30,102.80,23371.70
18647.80,18537.20,18348.10,18381.40,18418.10,18601.20,28779.80,94.20,18918.80
19034.20,18646.50,18271.50,18302.70,18347.80,18593.10,30622.30,91.70,18968.90
18417.20,18471.30,18278.90,18394.90,18510.80,18446.10,37882.30,92.80,18769.90
18550.40,18482.40,18270.30,18812.30,18481.10,18473.20,34597.60,91.60,19613.70
18768.50,18731.80,18385.00,18368.40,18454.20,18503.00,32198.70,91.20,18723.30
18615.40,18301.50,18308.60,18584.90,18746.30,18649.10,35681.50,91.00,18725.40
18553.30,18423.20,18322.60,18437.40,18853.30,18699.40,46851.60,92.10,20903.90
18618.00,18442.40,18454.50,18412.50,18854.10,18309.60,40579.30,90.90,19252.20
18322.70,18338.90,18369.50,18502.10,18606.00,18385.60,30623.90,91.00,19050.60
18370.50,18455.50,18382.30,18560.40,18327.10,18522.00,29189.30,91.00,20105.60
18509.20,18407.30,18284.00,18471.00,18330.30,18580.50,28366.40,125.70,19422.80
18588.10,18541.50,19296.70,18246.00,18763.50,18496.90,25089.90,94.40,22401.20
18589.80,18414.10,18653.70,18269.90,18637.10,18264.80,27641.70,91.50,19020.30
18549.40,18331.50,18500.00,18376.10,18304.10,18272.20,28364.10,91.40,18670.30
18521.50,18348.10,18515.10,18520.20,18281.20,18252.20,27803.80,92.60,19110.10
18544.40,18387.10,18534.60,18404.20,18265.20,18541.70,26030.10,92.00,18669.50
18562.60,18651.90,18594.90,18451.70,18238.80,18471.30,26099.70,91.10,19182.50
18531.40,18421.70,18290.70,18513.60,18265.10,18325.80,24046.80,96.00,20543.70
18469.90,18382.60,18371.70,18498.60,18372.70,18602.50,25716.90,92.30,19936.60
18535.80,18364.20,18405.00,18519.80,18322.70,18495.90,31766.00,91.30,22625.80
18510.80,18453.90,18616.70,18441.40,18516.90,18932.20,39285.00,100.50,18676.90
18529.50,18587.80,18769.50,18520.20,18526.90,18561.50,36941.50,94.60,18749.10
18525.20,18429.80,18937.40,18546.00,18497.30,18471.70,37398.70,93.20,22443.80
18550.60,18365.20,19039.90,18547.60,18579.30,18519.70,46917.00,91.50,21727.30
18571.90,18796.20,18379.10,18459.00,18513.00,18680.70,39342.40,91.10,18925.70
19858.40,18542.10,18297.00,18596.50,18454.50,18666.60,37390.40,91.00,18787.50
18757.30,18599.00,18342.30,18381.70,18382.20,18700.40,43589.50,92.30,18469.20
22102.40,18388.20,18804.80,18430.10,18502.30,18561.90,40030.40,90.90,18574.70
20054.00,18294.10,18299.80,18416.90,18483.20,18449.30,37424.70,90.90,19904.70
18734.60,18302.10,18307.30,18440.60,18587.40,18468.40,39718.70,90.50,20761.50
18519.60,18278.10,18344.40,18425.70,18489.60,18614.30,35537.40,91.70,18525.30
18808.20,18379.80,18595.80,18324.30,18516.40,18484.60,37953.50,101.40,18522.60
18587.80,18368.50,18478.60,18312.00,18479.90,18489.70,35340.70,93.10,18815.40
18536.10,18444.20,18544.20,18312.00,18508.90,18457.90,34498.80,91.60,19130.50
18536.20,18471.00,18483.20,18280.20,18609.20,18433.00,42746.10,92.80,22838.50
18566.70,18487.60,18395.00,18521.60,18729.80,18375.50,34479.50,91.30,19112.20
18553.30,18489.30,18444.80,18666.00,18526.40,18475.90,32076.70,91.00,18802.70
18589.60,18483.50,18439.80,18376.10,18438.40,18412.90,35718.60,91.00,18975.10
39740.00,18498.50,18441.30,18299.10,18490.60,18438.10,33025.10,91.80,20396.70
27763.90,18438.40,18405.20,18359.00,18452.60,18417.90,29727.40,90.80,24277.20
18634.30,18431.70,18397.30,18321.80,18311.20,18398.40,34972.30,90.80,22115.40
18503.20,18592.60,18512.90,18344.70,18292.80,18440.20,32525.70,91.40,23500.50
18539.80,18704.70,18376.00,18366.60,18408.20,18398.00,33355.20,144.50,20087.80
18548.50,18716.80,18462.90,18480.20,18512.40,18408.60,37223.60,104.90,23203.10
18542.60,18618.60,18879.30,18358.60,18482.40,18376.80,44454.80,94.40,19385.70
18600.20,18510.60,18661.60,18303.70,18486.40,18414.30,102693.30,93.10,18703.70
18577.20,18531.20,18416.90,18577.50,18637.80,18411.60,36047.10,93.40,18414.50
18676.00,18533.70,18458.60,19007.80,18662.40,19424.90,32978.30,96.40,18700.90
18580.60,18332.50,18416.70,18691.30,18575.20,18429.70,36822.20,92.00,20984.00
18550.40,18440.40,18474.20,18498.30,18494.70,18479.10,36756.90,91.30,21672.00
19614.80,18653.40,18412.20,18547.60,18412.00,18357.60,38200.80,92.50,18867.90
21359.00,18333.50,18438.00,18841.10,18516.10,18446.70,33043.10,91.90,21461.50
20114.20,18774.50,18494.70,18522.10,18497.90,18519.00,31721.40,104.90,22130.00
18374.90,18513.80,18421.00,18309.20,18648.90,18400.90,35758.50,94.60,21281.20
18522.70,18368.80,18407.80,18487.70,18518.60,18615.70,34464.70,93.00,21805.60
18596.80,18368.30,18415.60,18680.90,18400.50,18556.10,32330.90,91.30,18873.30
18605.50,18408.90,18362.50,18428.50,18406.00,18416.10,30827.20,91.40,20411.20
18706.20,19300.60,18539.50,18498.50,18483.80,18393.70,31396.50,91.80,20996.40
18542.20,52301.70,18449.10,18326.10,18478.90,18418.90,30040.20,92.40,19130.30
18589.40,24551.10,18611.60,18326.20,18410.70,18413.30,32744.90,91.30,23176.50
18541.80,19593.30,18473.10,18328.30,18626.50,18490.20,28452.10,91.80,18526.30
18847.00,18299.70,18283.30,18323.60,18699.00,18457.40,27776.10,91.30,19133.60
37857.00,18403.60,18299.50,18277.00,18531.60,18471.70,26875.50,92.90,18666.20
18441.30,18562.80,18333.60,18616.10,18689.40,18449.60,26738.70,103.00,18497.30
18431.90,18714.40,18277.10,37264.50,18480.00,18511.20,27579.40,92.50,20599.00
18514.00,18569.30,18294.00,20176.40,18569.40,18491.90,25566.00,92.10,25036.70
18569.10,18368.80,18384.00,18359.30,18602.00,18364.50,21589.80,92.50,20045.10
18650.10,18466.20,18321.30,18327.90,18526.10,18415.20,26049.60,91.60,19002.90
18724.50,18460.40,18307.10,18333.80,18459.90,18490.90,31999.00,91.30,21268.00
19786.30,18487.20,18299.50,18437.10,18465.10,18614.50,27659.00,91.20,20647.70
18797.90,18455.00,18341.30,18394.70,18422.20,18479.90,29690.40,92.50,19190.60
18398.30,18464.70,18358.20,18478.80,18312.40,18518.10,29672.90,91.50,22235.50
18458.90,18670.50,18366.60,18514.30,18386.40,18456.80,28810.20,91.10,18805.60
18492.20,18479.50,18507.20,18320.70,18444.50,18561.20,28088.60,100.50,21416.60
18367.70,18526.80,18533.70,18413.00,18445.90,18509.80,25438.50,95.80,18815.00
18499.10,18377.70,18538.50,18439.80,18473.60,18555.30,23699.40,91.80,19697.00
18569.50,18298.10,18712.10,18335.70,18483.90,18333.80,29123.40,90.80,19117.10
18788.10,18265.60,18559.30,18577.20,18964.40,18393.10,29394.10,91.20,24415.00
22442.70,18406.50,18572.30,18426.10,18739.60,25695.50,26826.30,92.30,18869.00
18655.10,18369.70,18425.80,18426.80,18623.20,28915.30,28247.50,91.10,18914.70
18339.00,18516.90,18483.00,18355.40,18413.10,20212.20,26502.30,91.30,19698.40
18414.50,18545.90,18441.90,18295.10,18474.10,18277.90,26185.20,90.70,18652.40
18547.60,18509.70,18545.00,18305.90,18487.30,18282.70,22910.70,92.20,18570.40
18453.50,18507.40,18400.30,18272.20,18565.90,19195.40,21351.90,95.60,19142.20
18490.60,18497.20,18344.00,18276.00,18410.20,18658.70,21335.90,103.40,19248.00
18385.20,18492.60,18368.80,18518.20,18588.30,18593.30,24644.80,94.30,19114.90
18491.00,18512.80,18502.90,18266.40,18396.30,18483.10,24178.00,93.60,21140.50
18373.20,18301.80,18457.10,18267.60,18489.90,18276.90,21266.50,91.90,19343.70
18517.10,18296.40,18445.90,18279.30,18419.20,18308.90,22534.50,91.60,18669.10
18490.10,18473.10,18414.60,20328.80,18403.90,18391.50,23939.00,91.30,18649.20
18271.20,18389.00,18504.70,18384.20,18451.90,19423.80,25688.20,92.90,18870.50
18260.40,18557.90,18442.20,18316.60,18445.90,20017.00,25406.10,91.50,18950.60
18261.50,18494.20,18405.00,18316.80,18426.60,19534.60,22574.20,91.10,18775.00
18262.80,18574.70,18413.40,18308.30,18582.60,23095.80,23174.50,91.60,18583.70
18303.20,18629.90,18475.10,18429.00,18498.60,18665.60,24073.10,92.70,20536.50
18423.90,18434.10,18594.90,18451.50,18452.50,18379.10,27038.30,103.50,21030.80
33064.10,18298.40,18467.90,18641.00,18497.90,18552.60,28022.00,92.80,21089.20
30651.60,19999.70,22432.00,18788.20,18535.70,18482.60,26840.20,91.70,20788.60
20652.70,41293.90,18464.90,18507.90,18431.10,18455.70,27486.90,92.80,20221.70
18646.00,24624.60,18570.20,18342.00,18530.60,18516.20,32177.20,91.70,20644.50
18883.50,18532.40,18477.00,18342.50,18369.20,18485.40,26931.80,91.50,19344.30
19256.90,18575.20,18502.70,18325.60,18462.00,18685.00,21526.90,91.80,20477.40
18527.80,18733.80,18460.20,18447.10,18583.30,18550.30,21574.90,92.80,20027.10
18494.70,18518.10,18466.40,18336.20,18569.90,18623.10,21663.60,91.90,18673.50
18527.20,19471.50,18496.60,18376.10,18489.20,18670.90,26377.60,91.80,18867.10
18456.50,18556.50,18379.10,18438.20,18435.30,18657.10,26001.40,92.00,20370.40
18420.20,18674.30,18643.20,18350.60,18281.70,18585.60,23959.10,106.00,19215.50
18603.40,20498.90,18470.20,18276.70,18561.10,18596.60,21282.60,92.40,25603.80
18389.70,18560.80,18420.80,18280.90,18393.70,18605.60,26022.90,91.40,19047.80
18446.10,20709.90,18456.00,19534.50,20077.80,18415.20,25760.50,91.50,18764.60
18553.80,21416.20,18481.20,18622.50,18522.20,18356.00,25993.40,92.40,18779.50
18518.60,18342.90,18908.70,18670.40,18554.70,18376.90,23583.40,91.50,18629.10
18546.70,18323.30,18319.90,18348.00,18322.60,18309.10,28495.70,91.60,18701.40
18580.20,18462.60,18260.50,18697.20,18413.50,18511.20,32803.90,91.40,20206.80
18484.10,18380.90,18387.10,18506.50,18347.40,18660.60,30719.80,92.00,22685.10
18443.80,18943.80,18351.90,18328.40,18385.50,18431.30,36393.40,91.20,18629.80
18539.00,19140.90,18417.80,18299.80,18345.10,18357.30,33303.10,104.50,18740.50
18528.80,18795.90,18397.50,18373.70,18289.70,18435.90,37991.80,94.80,20286.60
18700.70,18354.10,18231.10,18431.70,18692.80,18548.80,36757.30,93.20,26355.80
18580.90,18838.20,18232.60,18378.70,20247.70,18497.60,31658.10,91.30,20954.90
18803.20,18681.90,18327.50,18507.10,18683.40,18284.50,34251.40,91.50,18702.20
18842.40,18668.80,18422.90,18552.50,18434.40,18296.30,33644.10,91.30,18709.20
18649.80,18363.80,18339.90,18419.90,18277.10,18310.00,29921.90,92.20,18773.40
18394.20,18758.70,18384.20,18434.00,18779.60,18314.80,29525.60,91.40,20830.40
18335.50,18681.70,18315.00,18409.60,18459.70,18303.10,29994.50,91.00,18866.60
18374.00,18606.10,18268.00,18518.40,18490.50,18441.40,28570.20,91.40,18998.30
18602.70,18557.80,18525.30,18530.50,18385.20,18568.30,29320.40,95.70,18580.50
18616.50,18473.50,18543.20,19920.50,18255.00,18502.80,29886.40,101.40,19651.40
19818.00,18483.00,18458.20,18451.30,18249.10,18576.10,30201.20,93.20,18634.70
18522.90,18706.80,18486.70,18565.70,18316.80,18500.40,31035.00,91.60,18639.60
18497.80,19039.00,18712.90,18424.80,18345.70,18867.90,28285.40,92.10,18957.90
23256.30,18517.80,18457.30,18323.80,18580.50,18488.30,29981.10,91.60,20918.40
19320.20,18437.00,18351.40,18328.50,18527.50,18684.00,29682.40,91.10,19239.50
18433.10,18429.40,18263.10,18461.80,18489.50,18586.10,24690.30,90.80,18661.70
18362.50,18872.00,18266.70,18452.50,18485.90,18556.50,30075.80,92.40,22947.20
18370.00,18554.20,18262.80,18289.30,18439.20,18348.30,28697.80,91.40,22748.10
18386.90,18541.90,18271.50,18374.40,18433.60,18489.30,28411.90,91.10,18640.40
18294.40,18485.20,18583.70,18257.00,18504.80,18910.80,25085.30,91.40,18529.10
18340.40,18467.20,19381.00,18324.60,18471.00,18657.10,27251.70,320.30,18455.00
18360.30,18493.40,18593.40,18329.70,18397.80,18521.30,24049.90,128.20,18726.30
18311.70,18474.20,18429.90,18654.10,18533.40,18500.30,27567.30,99.70,19731.70
18374.50,18422.50,18476.40,18381.50,18495.60,18642.90,28961.80,96.60,20997.40
18518.20,18486.60,18534.10,18294.80,18439.80,18557.00,30914.40,96.40,20402.30
18754.60,18385.50,18771.90,18284.30,18446.30,18495.60,29994.10,93.90,21304.70
18663.20,18463.10,18630.60,18289.50,18582.60,18579.90,29818.70,93.30,19878.70
18616.40,18399.00,18351.40,18303.40,18448.40,18807.10,25974.50,92.80,19736.70
18796.80,18293.70,18255.40,19206.50,18444.00,18639.10,28047.30,105.80,19020.80
18576.80,18612.00,18277.70,18326.60,18573.00,18502.70,25651.40,93.40,18882.10
18533.80,18391.60,18407.10,18632.70,18405.90,18468.70,27594.60,92.70,18627.80
18545.60,18411.40,18671.40,18670.40,19743.80,18435.70,26342.40,92.00,18670.10
18732.50,18383.30,18435.10,18529.80,18682.60,18536.70,27041.20,93.40,18713.20
18531.80,18393.70,18431.40,18626.20,18425.10,18475.80,27200.40,92.20,18902.80
18495.90,18419.70,18339.20,18433.40,18402.60,18435.30,27003.20,91.70,19225.90
18372.80,18665.20,18432.90,18355.30,18403.70,18354.20,32545.50,92.90,18913.60
18792.30,18535.30,18347.00,18360.10,18365.40,18476.40,35002.30,93.00,18696.90
19086.90,18973.60,18270.20,18298.20,18434.40,18737.20,30012.30,91.40,19889.50
18501.90,19165.60,18278.60,18250.50,18553.40,18562.80,24905.60,104.60,19412.70
18457.70,18907.50,18251.70,18413.30,18679.00,18576.30,28764.60,96.40,19007.40
18589.30,18612.40,23749.30,18311.50,18457.90,40755.20,29159.80,93.50,19071.50
18594.50,18590.50,18288.00,18296.40,18432.80,28116.30,27980.50,92.00,18614.60
18489.40,18503.00,18365.50,18273.90,18457.40,18510.80,27290.60,91.60,22222.50
18467.40,18494.30,18296.70,18454.70,18488.30,18689.80,27719.60,92.10,22098.20
18450.50,18719.10,18337.50,18509.10,18461.90,18511.30,26712.80,92.90,24164.20
18552.90,18578.90,18275.90,18498.30,18307.10,18337.20,26011.60,92.80,22111.70
18390.50,19065.50,18267.90,18479.80,18411.30,18491.40,28952.30,91.10,19157.70
18402.10,18748.30,18275.20,18546.40,18271.30,18548.40,28102.50,92.30,19810.60
18338.40,18676.50,18450.30,18544.20,18557.00,18507.00,26724.60,93.20,18901.90
18456.40,18667.70,18628.10,18608.30,18453.10,18541.10,25340.10,102.90,19445.90
18383.20,18871.90,18553.30,18808.40,18448.30,18521.60,30263.80,93.10,18891.00
18476.80,18675.10,18563.40,18356.50,18446.30,18477.00,30008.80,91.60,18659.20
18775.50,18884.40,18463.50,18453.10,18594.70,18522.40,24998.90,93.10,19629.60
18579.30,18351.30,18595.00,18622.30,18381.00,18562.90,28536.30,91.20,21959.00
18638.90,18356.20,18521.40,18372.50,18322.10,18522.60,25679.80,91.90,19384.30
18453.00,18319.70,18625.60,18516.60,18870.50,18518.40,28353.90,91.90,23707.90
18515.70,18321.20,18486.60,19587.00,18592.20,18428.60,29252.70,92.80,21468.40
18575.90,18274.90,18367.10,18548.90,18624.20,18573.90,31096.20,91.60,19659.80
18507.60,18291.40,18422.40,18442.60,18511.00,18318.70,29445.00,91.30,19258.70
18525.10,18288.60,18456.50,18417.80,18444.20,18359.50,29232.70,90.90,18843.10
18592.20,18897.00,18254.50,18413.10,18401.70,18468.90,29611.30,105.50,19918.00
18392.40,18749.30,18282.80,18491.30,18408.40,18580.40,26785.00,92.40,18943.90
18330.10,18644.10,18296.40,18589.20,18424.70,18478.50,28787.30,91.30,18728.30
20579.20,18470.40,18251.60,18493.30,18415.10,18581.10,30025.90,91.20,18781.80
18429.10,18650.80,18379.00,18582.50,18679.10,18595.10,29176.00,92.50,18818.40
18455.20,18399.30,18530.20,18532.30,18337.20,20387.00,32406.80,91.90,19330.10
18870.70,18281.20,19283.40,18491.00,18393.00,18408.20,31914.20,91.70,18922.90
18567.90,18447.30,18564.60,18515.80,18404.00,18824.60,31973.10,91.10,19565.00
22714.70,18507.60,18743.60,18581.90,18491.60,18504.60,31288.90,92.60,18949.30
18793.50,18624.70,18378.80,18592.20,18774.90,18655.90,31036.30,90.70,18559.90
18607.20,18386.20,18320.80,18494.40,18344.70,18623.00,31619.30,104.90,18627.10
18373.10,18486.70,18608.90,18327.30,18663.60,18433.20,30608.90,95.90,19382.20
18336.00,18485.00,18610.40,18274.60,18411.70,18532.90,32090.00,94.00,18698.20
18415.00,18521.50,18538.10,18304.00,18343.60,18511.70,30968.80,92.60,18742.50
18432.90,18619.50,18459.00,18492.70,18280.60,18710.70,30889.40,91.60,21228.90
19055.80,20314.50,18544.90,18550.80,18705.50,18400.80,29407.80,91.70,24570.70
19089.30,20999.80,18268.10,18590.50,18341.70,18529.10,31074.10,92.60,22124.90
18581.80,18649.30,18253.60,18461.80,18292.40,18461.60,31207.80,91.60,25843.50
18803.00,18396.40,18352.10,18514.90,18299.50,18308.60,30278.90,91.40,20181.30
27317.50,35897.70,18306.00,18433.40,18405.10,18322.50,30499.40,91.80,20077.70
19771.90,24644.80,18524.40,18474.00,18375.50,18406.10,29943.90,93.10,19107.20
20351.10,20571.50,18621.60,18468.40,18402.50,18377.00,31107.10,126.40,19854.40
21290.70,18595.10,18987.40,18589.70,18316.70,18344.60,31565.20,99.90,21928.80
18622.80,18483.60,18777.70,18508.90,18244.20,18443.90,31539.00,93.30,18561.10
20553.00,18522.60,18570.90,18508.20,18299.80,18513.80,30632.40,94.50,18417.30
19123.60,18585.40,18396.30,18503.50,18319.90,18329.90,31819.10,92.90,18969.40
18718.80,18557.30,18512.00,18689.60,18275.90,18322.90,36376.00,91.80,22780.90
18607.80,18941.40,18559.70,19230.80,18262.60,18548.90,33973.10,91.80,18703.50
21030.70,18694.90,18473.30,18603.60,18268.60,18534.50,31870.40,94.00,19168.30
20282.80,18397.30,18675.90,18540.80,18268.40,18453.10,32538.80,91.90,19904.80
19629.60,18411.10,18419.70,18473.60,18262.40,18541.00,32505.10,92.70,21707.30
19079.50,18420.90,18588.80,18462.20,18452.90,18462.30,30077.40,104.90,18421.20
23292.00,18475.60,18401.70,18662.30,18817.00,18498.00,34312.60,98.80,19292.30
20353.80,18266.10,18325.00,18600.90,18774.00,18604.70,33564.20,92.60,18872.40
21170.20,18290.90,18280.80,18500.90,18533.50,18348.30,33909.90,92.80,19281.70
21848.60,18384.50,18695.20,18528.80,18467.30,18429.60,32573.70,92.80,18694.40
18698.20,18497.10,18776.70,18431.70,18497.30,18495.90,31062.30,92.00,18683.20
18659.60,18502.80,18349.40,18506.20,18517.60,18537.50,31553.70,93.10,18762.30
18438.60,18547.40,18268.30,18411.00,18456.10,18690.70,23048.10,92.00,20368.10
18531.20,18391.90,18547.10,18378.90,18431.00,18501.00,29555.60,91.90,23056.00
18616.10,18314.00,18469.50,18416.60,18303.50,38422.40,32428.30,91.40,23328.40
18528.90,18322.90,18517.30,18412.90,18250.00,23149.30,28549.30,93.30,43360.20
18569.00,18415.20,18482.60,18505.70,18456.70,18489.70,32901.40,104.80,79418.10
18341.40,18768.20,18486.60,18320.60,18317.30,18502.10,36480.50,94.00,52631.00
18326.40,18689.50,18512.40,18439.10,18336.10,18477.00,27509.70,92.00,38163.50
18540.10,18543.50,18536.40,18449.10,38147.40,18634.80,32806.80,93.30,30726.70
18486.20,18451.00,18379.90,18343.80,22011.00,18758.60,33040.70,91.40,22652.60
18509.50,18380.70,18433.20,18301.80,19536.20,18580.30,28658.00,92.00,31825.60
18711.50,18470.20,18485.90,18382.30,19635.40,18545.00,28076.10,91.50,31161.70
18565.40,18488.50,18501.40,18423.00,19152.50,18529.70,26739.20,92.70,27373.80
18699.80,18478.50,18377.60,18777.60,18553.80,18485.50,27669.90,91.30,25763.90
22509.10,18383.30,18426.40,18513.00,18371.60,18511.60,27536.00,91.30,23537.00
18581.90,18340.30,18515.80,18511.90,18329.70,18970.50,28460.60,91.10,23602.20
18540.40,18310.80,18467.30,18654.60,18719.50,18461.50,29254.00,104.20,22891.80
18529.60,18559.80,18516.10,18460.00,18366.30,18563.30,32475.10,93.70,23901.70
18541.60,18489.70,18487.50,18821.60,18452.50,18551.90,29457.70,92.20,24492.80
18640.60,18353.30,18569.80,18527.90,18294.30,18618.70,28010.70,92.00,25721.20
18598.40,18775.60,18291.30,18308.40,18304.90,19357.80,27383.40,93.50,22929.10
18793.80,29717.20,18267.90,18310.80,18288.30,18688.00,29633.20,91.90,25213.00
18566.30,36975.30,18468.80,18304.00,18221.90,18470.80,27932.20,91.50,27763.60
18607.60,20657.20,18749.20,18315.30,18477.50,18317.30,29461.10,91.90,20773.70
18724.30,18464.80,18721.00,18496.70,18291.40,18327.70,29108.40,93.10,18737.10
18569.60,18602.60,18531.10,18711.60,18267.80,18450.80,28794.00,92.00,18549.10
18491.20,18502.50,18714.10,18575.70,18426.40,18551.20,28996.40,104.40,18505.60
18414.30,18468.10,18716.50,18465.40,18359.90,18495.80,26226.60,95.60,18842.30
18364.50,18297.00,19451.80,18391.00,18286.80,18612.60,28038.20,94.30,20415.10
18646.70,18501.00,22628.00,18426.20,18285.60,18578.90,31621.70,92.20,19701.50
18357.90,18443.20,18436.90,18526.30,18523.60,18723.50,30911.90,91.30,20762.80
18348.90,18337.10,18445.20,18515.30,18397.10,18531.60,26808.60,91.70,19233.00
18335.30,18533.00,18506.60,18588.70,18340.10,18526.20,29187.20,93.20,19318.10
18347.20,18366.70,18419.00,18303.40,18324.50,18510.90,28725.20,91.60,18615.90
18344.10,21107.60,18507.30,18276.80,18316.10,18470.30,28655.70,91.20,18499.00
18402.10,18941.10,38252.80,18322.80,18796.80,18565.10,32470.80,91.40,18641.10
18294.70,18702.20,22078.20,18304.10,18516.60,18498.30,30102.20,93.10,18561.30
18357.50,18932.40,19157.20,18275.60,18281.60,18536.20,27934.80,101.20,18862.50
18304.70,18522.70,18412.00,18591.90,18232.00,18478.70,27757.00,93.10,18547.70
18281.20,18363.60,18396.30,18471.20,18287.00,18483.30,30507.60,91.30,23273.60
18674.30,18723.50,18441.20,18471.90,18395.60,18527.00,30520.90,92.80,18767.00
18615.20,19269.70,18413.90,18365.10,19311.30,18327.50,28334.60,91.00,21338.70
18562.60,18489.90,18481.80,19221.70,18499.00,18413.10,29994.10,91.50,20205.80
18534.60,18433.50,18439.10,19153.30,18436.10,18559.50,29435.30,91.30,21153.00
18746.90,18739.00,18639.60,18593.80,18298.00,18465.50,30723.80,92.30,21464.80
19394.50,18596.40,18492.80,18431.20,18336.10,18391.50,30388.80,90.90,20969.70
18634.40,18569.10,18601.10,38070.10,38858.10,18445.80,28526.70,90.90,19400.80
18616.10,18498.70,18303.20,18468.50,25312.20,18487.80,25075.90,91.40,18583.70
18470.20,18410.00,18329.10,18518.70,18539.50,18540.40,28209.20,105.50,24519.70
18584.40,18413.10,18476.80,18463.50,18711.10,18650.70,29865.30,93.40,19045.60
18808.80,18499.70,18437.90,18469.00,18709.90,18630.60,25436.00,91.50,19115.30
18509.30,18409.50,18561.10,18554.10,18475.80,18485.50,25195.50,91.50,20718.70
18476.90,18499.00,18538.50,18489.10,18509.70,18309.70,30473.10,92.30,21461.10
18470.20,18485.40,18436.60,18489.70,18497.20,18417.80,30318.80,91.50,20163.70
18842.40,18592.60,18406.70,18457.90,18658.30,18987.40,28834.60,91.10,25157.10
18480.40,18376.60,18448.30,18395.80,18532.50,18563.70,30921.20,91.40,18900.30
19448.40,18535.10,18459.90,18294.20,18304.50,18487.40,27102.70,92.20,18870.70
18572.20,18423.40,18270.00,18352.40,18266.00,18477.00,28376.50,90.90,18646.20
18420.80,18643.70,18421.10,18369.10,18355.20,18499.90,28746.40,93.20,18953.20
18506.60,18380.30,18495.90,18331.70,18506.50,18466.40,22676.70,101.70,21072.40
18413.40,18497.10,20821.90,18422.20,18433.10,18473.50,29157.10,93.90,19393.20
18425.20,18530.80,18364.60,18456.70,18337.40,18621.00,24351.10,91.30,21076.10
18478.70,18545.60,18293.20,18454.20,37981.00,18407.50,22757.40,91.20,18759.90
18498.10,18477.60,18421.10,18536.40,18559.30,18767.20,26726.70,91.10,18455.30
18522.50,18498.90,18571.70,18341.60,18409.50,18858.50,20288.10,91.90,18683.90
18634.60,18483.10,18654.90,18394.00,18297.70,18506.30,20439.30,91.00,23918.50
18437.90,18505.60,18491.60,18444.60,18317.20,18378.50,26258.50,91.60,20384.20
19198.20,18460.20,18466.40,18423.50,18270.60,18315.50,25096.30,91.20,18827.40
18905.90,18570.90,18586.20,18704.90,19025.60,18281.90,25451.60,92.50,20256.60
19944.80,18443.60,18507.00,18615.60,36441.50,18354.40,27823.00,106.10,18778.70
20781.50,18553.50,18482.00,18509.10,20068.80,18552.80,26483.50,96.60,18778.90
20383.70,18823.90,19287.30,18492.20,18798.70,18913.30,26903.30,92.20,19388.90
20543.90,18739.20,18513.50,18576.00,18359.40,18730.00,26300.80,93.80,18772.60
18583.30,18630.30,18463.70,18297.90,18310.80,18507.50,28256.10,91.40,19480.30
18631.80,18364.20,18444.40,18520.50,18411.80,19259.50,22440.40,91.50,18918.30
18346.90,18306.40,18582.50,18434.10,18347.40,18595.50,25182.50,91.50,18514.00
18307.20,18687.80,18653.90,18467.00,18306.40,18511.20,25580.10,93.00,24431.10
18279.60,18738.10,18575.40,18445.10,18320.10,28853.00,33100.20,91.90,23151.70
18327.20,37687.40,18556.70,18409.80,18362.50,34906.10,29473.00,91.20,18567.00
18339.00,18287.90,18507.70,19582.20,18829.80,21630.00,29812.60,90.90,19631.10
18495.40,18272.20,18486.10,18503.60,18391.50,18383.40,27945.70,105.60,20139.40
18357.30,18319.80,18569.10,18825.90,18662.60,18537.50,26195.70,93.40,18788.80
18513.40,18396.20,18310.70,18519.70,18545.50,18694.10,26736.90,91.50,18555.70
24421.70,18500.40,18286.20,18575.20,18482.60,18554.50,28887.90,91.20,19067.50
30649.00,18495.00,18599.50,18428.60,18450.20,18388.80,26485.90,92.50,18925.70
18450.60,18484.70,18454.40,18358.70,18491.60,18419.10,27820.70,91.50,18971.50
18430.30,18413.80,18369.00,18453.00,18391.70,18321.30,25923.20,91.20,19894.20
18504.60,18491.60,18289.90,18484.00,18438.10,18385.30,25908.40,91.00,18798.00
18442.70,18606.20,18266.80,18450.10,18459.60,18356.60,24535.90,92.80,20730.90
18414.60,18390.90,18255.90,18574.50,18490.60,18404.40,28850.50,90.60,18449.40
18406.40,18451.70,18306.40,18459.30,18473.20,18369.40,26626.20,90.80,18758.30
18442.90,18741.60,18847.60,18517.60,18859.60,18309.90,28315.20,102.40,18510.90
20811.70,18540.40,18288.60,18609.20,18623.00,18597.10,24694.00,94.20,19625.90
18495.10,18547.60,18272.30,18506.40,18486.30,18324.00,26758.40,91.60,19184.90
18407.60,18446.60,18248.70,18518.20,18393.40,18473.10,29092.00,91.10,18919.70
18423.60,18424.40,18276.60,18575.90,18411.60,18453.30,29325.80,90.90,23312.90
18412.90,18433.80,18273.60,18521.70,18441.00,18486.60,26423.10,93.30,18574.60
19395.30,18408.70,18416.60,18688.80,18427.70,18508.30,24454.30,91.40,18947.80
18857.10,18457.10,18586.90,18683.80,18586.60,24173.70,29096.90,91.60,19421.80
18366.60,25757.00,18539.80,18455.50,18576.50,32324.10,28176.10,91.50,26135.00
18271.40,20477.10,38208.40,18492.50,18357.30,18475.80,22080.50,93.70,18976.20
18400.00,18573.80,23040.80,18481.60,18582.80,18544.80,24295.50,100.70,18737.80
37989.40,18324.60,18474.90,18497.80,18539.40,19622.50,26151.90,98.20,18701.70
18436.50,18342.40,18477.40,18522.20,18501.10,18497.10,24986.30,92.90,18512.20
19231.60,18649.30,18662.50,18469.90,18434.00,18470.90,25084.80,93.00,18582.60
19696.30,19469.10,18381.70,18582.90,18473.30,18476.90,25014.70,91.80,18387.90
19318.00,18614.60,18254.70,18552.90,20538.10,18831.20,29754.60,91.60,18971.70
19579.40,18498.80,18279.40,18418.00,18920.80,18535.10,27997.70,92.20,18676.00
19194.20,18474.40,18296.10,18498.90,19474.70,18497.90,28730.10,92.50,18536.30
18938.00,18488.10,18346.50,18435.80,18457.90,18334.00,29374.90,91.50,18505.00
19339.60,20733.60,18343.60,18527.40,18360.70,18343.40,24775.10,90.90,19549.90
23344.60,18825.30,18339.00,18418.20,18467.00,18295.50,29844.80,91.00,18852.60
21877.70,18588.20,18352.90,18431.70,18409.90,18690.60,31587.20,121.60,19247.10
19489.40,18284.90,18383.70,18537.50,18570.00,18509.10,28869.90,97.40,19276.60
19176.20,18605.60,18475.60,18365.60,18615.70,18481.20,24064.00,92.00,19849.80
21048.10,18313.00,18500.70,18289.60,19277.90,18629.30,25387.50,91.30,19283.10
22336.70,18376.70,18514.20,18384.60,18661.40,18497.40,28683.40,93.00,18920.20
22341.80,18441.40,18524.10,18285.00,18508.60,18760.90,29155.20,91.30,19543.70
19665.40,18506.30,18477.70,18243.60,18642.50,18718.80,26791.80,91.70,18348.10
19352.30,18595.80,18489.80,18337.20,18826.30,18416.60,27013.50,91.60,18632.80
19612.60,18551.00,18308.00,18309.50,19081.00,18497.60,26555.70,92.40,19492.30
20175.40,18564.70,21759.90,18386.40,19254.90,18482.10,23978.10,91.00,20971.60
19657.40,18474.60,34991.70,18248.90,18417.10,18546.50,27454.10,90.90,21053.20
22348.50,18535.50,18428.50,18470.10,18383.80,21384.60,20913.50,103.50,19773.40
23339.30,18411.30,18445.80,18504.30,18300.60,18629.90,21773.70,94.60,22379.80
19747.30,18508.50,18549.30,18480.70,18282.50,18516.00,22673.60,91.70,18638.60
19442.50,18899.20,18260.40,18674.00,18510.90,18766.90,26760.80,91.90,18954.00
19687.60,21320.50,18438.80,18485.70,18608.40,18453.40,33470.10,91.80,18843.30
19790.00,18789.80,18383.70,18431.10,37912.60,18379.00,30038.90,92.70,19474.90
19820.80,18539.70,18492.00,18530.90,18430.00,18601.40,32105.40,91.50,18818.50
19067.30,18480.20,18359.80,18377.30,18406.40,18505.30,31667.20,91.80,19039.00
19075.20,18478.50,18986.10,18471.90,18285.30,18697.10,31368.60,91.10,20495.80
18609.70,18443.50,18284.70,18710.70,18602.60,18465.40,29245.90,93.90,21951.50
18362.20,19431.70,18523.70,18261.80,32336.00,18505.80,28970.30,103.20,18724.80
18311.80,18519.80,18312.80,18361.30,24127.80,18527.20,25545.50,96.00,18579.10
18428.50,18474.20,18285.50,18446.00,18709.20,18525.50,21793.60,92.00,18550.20
18750.10,18509.90,18538.90,18578.10,18509.20,18480.20,25076.90,93.00,18580.20
18647.80,18488.00,18434.50,18478.60,18401.70,18643.90,22007.10,92.10,18687.20
18576.10,18376.40,18514.80,18493.20,18414.20,18589.80,24326.20,92.00,18705.10
18492.70,18353.60,18474.20,18493.60,18320.20,18550.10,21968.60,92.60,18791.70
18650.50,18472.40,18480.60,18299.50,18276.90,18533.40,22134.70,92.30,20319.90
20948.70,18471.20,18418.60,18383.80,18258.30,18550.60,18606.50,91.30,21002.70
18676.10,18483.60,18532.50,18449.20,18654.50,18598.20,22495.00,91.60,21027.80
18641.80,18459.80,18448.70,18645.80,18531.70,18532.50,19218.10,91.80,20226.70
21356.00,18482.50,18551.40,18515.90,18671.00,18510.30,19201.80,129.00,18406.30
18610.90,18565.40,18494.00,18379.30,18480.40,18572.40,21764.70,102.00,18993.60
18546.60,18450.40,18732.20,18447.60,18505.40,43728.30,19830.60,93.60,25528.00
22512.10,18547.10,18473.40,18419.00,18509.40,37675.70,26411.10,93.80,21865.60
23858.20,18461.50,18342.80,18367.20,18324.50,35115.10,29482.50,94.10,19422.50
18722.10,18476.50,18253.60,18292.20,18279.80,33304.40,27225.30,93.00,22661.90
18398.50,18555.50,18277.10,18435.00,18322.40,32642.30,26341.90,92.30,18910.40
18354.50,18553.70,18418.10,18341.70,18302.80,33624.00,21361.20,92.40,18693.90
18510.70,18493.30,18337.80,18490.50,18528.40,33313.50,20333.80,93.50,18613.90
18463.20,18613.60,19489.20,18454.20,18555.90,32327.20,21670.80,91.90,21728.30
18591.70,18324.20,18479.30,18521.20,18710.20,31383.40,26328.10,104.80,22590.70
18342.70,18339.30,18485.80,18419.60,18568.80,30011.10,26919.70,96.10,19344.20
23147.20,18289.10,18410.90,18472.30,18500.50,30696.00,25398.50,94.30,21517.30
18652.20,18248.30,18359.30,18372.10,18491.10,29802.90,25814.80,92.50,20319.30
19387.70,18276.80,18354.00,21654.90,18617.20,32502.50,24823.50,91.90,20722.60
19433.30,18292.00,18489.70,38194.00,18608.70,33209.30,27690.60,91.70,20283.10
18730.20,18275.50,18482.40,22011.90,18684.40,31610.30,27607.30,93.50,20581.30
18380.20,18364.10,18417.60,18726.70,18410.00,43410.50,23443.90,91.90,20901.90
18413.10,18436.70,18279.70,18329.30,18417.50,37777.70,24799.40,91.40,20160.30
18591.20,18345.60,18532.90,18421.20,18451.30,49976.30,21760.80,90.90,19563.90
18499.00,18445.00,18463.50,18439.50,18545.00,34958.90,22770.70,92.50,19778.30
18459.40,18463.80,18393.60,18476.60,18464.70,38235.00,23691.60,103.60,21879.20
18557.40,18849.70,18456.80,18475.90,18479.20,69920.90,19823.60,93.70,19209.10
18525.00,18768.30,18511.90,18558.80,18602.00,53136.00,24867.00,92.30,19426.90
18461.20,18889.80,18579.70,18486.20,18514.60,40262.60,26425.00,93.60,19232.00
18463.10,18774.60,18583.20,18501.30,18441.90,32178.70,26489.40,91.70,19091.70
18686.30,18676.30,18454.60,18499.40,18469.40,36049.00,20543.40,91.10,23343.20
18855.50,18322.30,18502.60,18527.70,18477.70,32456.60,24379.60,91.40,19352.80
18494.70,18291.30,18328.50,18548.60,18553.40,32866.40,25912.20,92.50,18476.70
18663.30,18373.00,18738.50,18496.90,18498.30,33810.50,19968.10,91.80,19527.00
19040.00,18430.00,18447.90,19432.70,18477.80,32429.50,20016.30,91.20,19511.60
19022.40,18344.70,18467.30,18585.90,18438.60,35563.50,20013.50,91.20,24940.50
21337.50,18305.40,18661.10,18533.00,18461.80,32095.00,21928.40,102.10,18855.30
18455.40,18371.10,18547.90,18524.90,18484.30,37589.80,23844.20,93.30,18836.10
18493.80,18668.60,18447.00,19354.10,18510.80,31983.90,20388.50,92.50,18624.00
18413.40,18474.00,18536.50,18479.50,18463.00,30390.80,25944.10,91.50,18901.90
18460.00,19112.40,18615.70,18479.00,18461.70,34771.30,22506.00,93.10,19402.90
18334.70,18796.00,19256.60,18567.80,18289.80,30197.40,26242.70,91.70,19272.50
18312.80,18313.70,18649.10,18540.50,18461.70,29424.20,28052.60,91.80,18695.00
18391.10,18311.20,18678.60,18372.90,18591.10,31331.50,30331.10,91.30,18827.70
18435.70,18483.60,18654.60,18451.90,18497.80,27319.50,25433.50,92.60,18624.50
19475.40,18449.40,18344.10,18575.50,18484.30,32946.00,27036.50,91.20,19270.10
18347.30,18500.70,18546.80,18366.50,18474.60,32086.20,29131.40,102.60,19028.50
18331.50,18421.90,18640.00,18602.90,18474.60,29628.20,28427.80,97.10,18586.10
18336.10,18451.50,18489.20,18457.40,18455.60,30201.00,30763.10,93.60,18825.60
18420.90,18528.00,18472.60,18515.10,18562.20,27978.00,33798.90,91.90,18828.90
18357.50,18449.60,18489.00,18480.90,18589.40,31882.90,31012.50,91.90,18796.50
18492.90,18589.80,18523.80,18449.80,18292.10,30341.30,21049.40,91.80,21050.20
18416.60,18444.00,18500.10,18465.50,18275.60,32660.70,27134.80,92.80,18563.60
18389.50,18857.30,18528.90,18506.00,18485.70,31200.10,27794.10,91.80,19406.00
18460.10,18746.50,18622.20,18392.40,18478.80,27267.30,24878.40,91.50,20354.80
18529.60,18534.10,18499.90,18450.10,18463.30,27174.20,28466.90,91.40,20176.60
18534.10,18310.60,18500.90,18249.90,18475.70,31944.70,25443.20,92.80,19617.50
18860.20,18307.20,18478.00,18278.30,18892.40,28679.20,23807.80,101.90,18805.80
18630.80,18315.00,18526.20,18375.20,18541.60,29795.50,24415.30,93.50,19805.90
18268.40,18767.50,18570.90,18535.30,18565.90,38780.40,25699.30,92.00,20296.00
18767.70,18589.10,18395.80,18459.70,18503.10,30610.60,21366.70,92.70,18606.10
19137.80,18840.70,18365.60,18363.30,18603.20,27735.60,20982.00,90.90,18841.10
18665.30,18487.90,18437.70,18444.30,18510.20,24379.00,23442.50,91.30,19022.30
18503.90,18498.60,18443.90,18542.40,18482.60,32373.50,27968.60,91.50,18703.30
18437.40,18731.20,18414.10,18662.00,18446.90,31832.90,24611.50,91.10,18818.00
18752.50,18540.00,18501.30,18503.00,18490.60,30523.90,19734.20,92.30,18713.90
18709.80,18552.50,18488.80,19453.80,18294.40,28511.30,20606.20,91.20,19243.50
18374.40,18481.50,18531.90,18430.40,18353.10,30299.30,26140.70,91.10,20132.30
18276.70,18591.40,19494.90,18499.40,18356.50,26541.20,27006.50,102.90,19010.50
18295.10,18539.50,18511.70,18473.80,18390.80,29468.80,29524.50,95.00,23469.80
18464.80,18544.80,18352.20,18323.60,18376.90,31989.30,29778.70,92.00,21799.50
18512.00,18401.70,18545.30,18277.80,18417.50,30931.40,27696.80,90.90,20526.50
18575.60,38161.40,18552.70,18333.40,18782.60,26103.30,24733.50,91.10,23049.50
18509.70,20806.00,18483.80,18387.90,18763.30,28596.00,26801.70,92.40,18731.30
18502.70,19230.30,20572.50,18629.40,18323.80,25371.30,20518.40,91.50,23076.30
18463.60,19414.90,18318.00,18530.60,37688.30,27349.40,21490.70,91.60,20895.70
18369.70,18305.20,18318.30,18411.50,18303.80,25006.40,27031.60,92.10,19585.70
18345.00,18913.10,18434.30,18461.60,18272.80,23920.20,27855.90,93.20,18539.90
18425.50,18513.10,18425.10,18381.20,18459.40,29806.80,26978.30,91.70,19180.80
18457.50,18542.00,18433.50,18385.00,18574.30,26773.60,29916.10,101.60,20993.90
18444.30,18534.10,18470.40,18414.70,18498.40,25072.70,31618.40,93.00,21689.10
18409.60,18485.00,18492.40,18499.80,19252.40,26764.90,29540.60,93.20,20470.20
18557.60,18472.60,18414.90,18470.30,18872.60,30432.60,31982.90,91.30,19150.10
18623.90,18423.10,18315.10,18441.60,18362.70,34337.90,31116.00,91.00,19279.10
18456.80,18487.50,18457.00,18550.00,18881.00,34111.60,27136.60,91.10,19124.90
18461.00,24098.80,18494.10,18630.60,18829.90,29779.50,28662.30,92.40,20320.00
18302.80,18484.80,18550.50,18636.00,18311.30,27987.60,29263.20,90.90,21852.30
18276.60,18391.80,18464.80,18652.30,18306.10,30218.40,26642.60,91.20,18663.80
18354.30,18391.20,18451.00,18488.20,18333.30,31624.90,29051.10,91.00,18630.60
18296.10,18462.80,18452.50,18550.40,18237.20,31037.10,28826.40,101.50,20779.60
18465.70,19550.20,18433.30,18814.40,18691.50,30104.40,29031.20,94.30,23834.90
18583.50,19000.90,18539.30,18497.80,18443.00,23395.30,24918.30,92.10,18857.20
18338.80,18805.70,18265.60,18290.60,18520.50,20111.10,27317.40,91.30,19012.90
18583.60,18303.30,18247.00,18447.90,18436.00,20845.90,25140.80,98.80,19044.30
18353.80,18277.20,18316.60,19194.10,18427.00,22564.20,29344.10,91.70,19583.20
18512.90,18407.60,19052.90,18306.70,18468.60,25514.20,23785.80,91.10,21132.10
18732.80,18617.40,18800.00,18404.90,18440.30,26723.10,27009.30,90.80,19907.50
18431.20,18483.70,18361.00,18600.60,18418.50,26105.10,19639.90,93.00,18655.70
18519.80,18450.80,18432.60,18445.50,18441.30,22585.80,22631.60,91.40,18920.10
18450.70,18458.50,18355.20,18444.40,18345.00,27345.30,19809.30,92.30,19990.30
18536.20,18376.60,18328.80,18399.60,18892.00,24791.40,22177.70,126.30,19355.50
18469.90,19207.50,18371.80,18484.60,18484.20,19901.10,26455.50,147.90,18780.80
18463.60,19399.40,18307.20,18431.20,18260.30,27101.40,24966.50,149.10,18776.40
18397.00,19565.30,18296.70,18762.30,18376.10,26361.80,26531.80,159.30,18762.70
18454.10,18450.20,18373.40,18697.00,18269.90,24082.80,27828.20,117.20,18872.60
18405.40,18374.30,18817.50,18300.30,18733.40,28975.60,26821.80,98.70,19422.70
18437.40,18546.50,19213.20,18324.90,18468.40,27385.50,24670.40,95.40,19324.30
18419.90,18540.00,18466.40,18273.60,18325.20,28845.20,23334.00,93.80,20068.00
18367.00,18453.30,18643.50,18382.10,18311.30,28366.00,23936.30,102.60,20081.60
18589.40,18565.60,18280.60,19019.40,18284.80,26476.20,23190.80,97.30,21294.60
18329.60,18358.50,18340.10,18416.50,18507.40,28611.10,21501.20,93.40,20499.10
18429.20,18344.50,18359.20,18360.70,19950.00,25779.40,22071.80,92.60,22068.90
18447.60,18742.20,18298.90,18322.40,18390.00,24134.50,19843.60,92.40,22961.40
18413.80,18473.00,18352.60,18402.80,18412.70,29249.90,20080.50,94.00,19282.10
19462.80,18480.80,18385.80,18285.60,19391.20,29836.10,19321.70,91.90,21022.20
18664.00,18474.90,18346.50,18245.70,18415.30,28625.50,20725.10,92.10,18631.50
18549.70,18431.10,18264.20,18325.30,18564.00,26973.00,21875.50,91.80,18693.10
18503.90,18497.80,18486.00,18739.20,18440.70,29363.40,21606.40,93.90,18403.60
18304.50,18460.30,18417.20,18463.10,18348.20,26226.10,19578.20,91.70,21075.80
18298.70,18537.50,18352.70,18304.10,18335.00,28001.40,20752.50,103.90,23336.40
18604.50,18511.50,18338.80,18378.30,18258.50,28077.70,20580.90,93.70,18896.20
18457.30,18497.40,18302.70,18282.50,18258.30,27992.80,20746.20,95.10,20783.40
18418.10,18318.90,18296.60,18407.80,18652.30,32178.00,19037.50,92.00,19090.30
18293.20,18551.60,19436.10,18523.60,18651.40,31503.00,20691.10,92.10,18824.70
18331.40,18423.60,18579.70,18408.30,18515.70,27736.80,25948.60,91.60,18988.40
18334.10,18435.60,18540.70,18381.90,18694.60,30463.90,24092.60,92.90,22718.80
18309.10,18501.90,18466.40,18330.30,18388.20,32103.90,23484.30,91.50,21722.30
18274.70,18301.50,18542.40,18268.70,18453.90,28228.70,20675.80,91.50,18928.20
18303.20,18235.60,18512.20,18462.50,18353.90,27124.10,26571.60,92.00,18721.10
18335.30,18373.80,18400.00,18348.00,18707.40,26687.20,25267.90,95.00,19077.70
18535.40,19368.50,18473.40,18256.80,18828.80,26758.50,25077.10,100.90,18627.70
18876.30,18651.70,18496.90,18286.30,18702.80,24900.50,23012.20,92.20,18883.20
18686.80,18600.30,18541.00,18314.90,18665.40,27240.80,27966.00,91.50,18719.00
18299.00,18454.50,18529.70,18356.00,18506.00,29492.00,25391.40,93.50,21223.20
18301.20,18426.20,18315.60,18566.30,19117.20,27830.20,23799.60,91.70,27179.90
18271.30,18471.70,18279.80,18643.30,22501.00,26979.80,23778.20,92.90,35081.20
18322.30,18612.60,18285.90,18505.80,18727.20,27768.70,23525.60,92.00,35716.40
21052.90,18423.80,18288.70,18479.50,18433.70,28277.40,27636.20,93.30,25101.20
21357.30,18387.80,18305.20,18359.10,18453.60,24179.80,23776.00,91.30,24880.30
18296.00,18385.30,18391.80,18348.40,18258.80,24097.80,26658.90,91.80,29383.70
18381.80,18406.10,18480.70,18295.80,18268.70,24378.10,27844.60,101.70,27779.00
18331.40,18303.90,18476.40,18269.10,18482.70,20206.10,27484.50,96.10,32671.20
18343.70,18228.40,18542.20,18285.90,18333.00,20896.60,22089.90,93.70,28326.00
18292.80,18439.50,18385.30,18516.50,18469.10,20759.80,22327.40,92.60,30110.90
18378.10,18519.00,21993.80,19196.20,18633.40,22867.80,26322.00,92.00,32259.60
18347.10,18623.90,29924.60,18495.80,18497.60,30697.80,22840.70,92.90,30537.40
18366.90,18705.00,23473.10,18380.60,18434.10,27233.60,22102.20,91.40,32848.70
18286.70,18463.70,32486.70,18688.00,18383.20,30674.60,25480.00,91.60,30808.30
18307.40,18450.80,36286.80,18579.60,18502.10,28652.60,23879.10,91.50,28750.50
18305.50,18548.60,26820.30,18539.20,18501.30,25508.30,24259.70,92.90,29400.10
18309.60,18492.40,30324.70,18467.50,18493.70,26962.00,26850.00,91.60,28672.50
18310.60,18477.40,27692.10,18765.30,18390.80,25416.90,27311.40,104.00,27896.20
18287.10,18452.80,29271.00,18529.20,18451.70,23270.30,27292.40,93.50,26115.20
18423.50,18438.10,27241.80,18496.00,18476.30,20323.60,28488.40,93.70,34887.00
18369.40,18564.10,29327.50,18445.90,18283.20,20431.80,23754.90,91.60,29559.40
18554.00,18350.30,31429.70,18460.90,18304.10,26116.50,24865.50,98.90,30167.50
18569.50,18346.00,22863.30,18404.00,18308.20,21517.30,27493.30,91.90,28250.30
18508.80,18403.70,28204.20,18506.60,18252.50,23247.40,27060.00,93.00,28643.80
18655.60,18929.70,24060.00,18542.80,18389.90,34968.40,25663.60,92.10,25234.60
18346.30,18485.90,28364.80,18530.60,18340.10,27840.70,21702.20,91.70,26886.80
18281.00,18484.80,27342.00,18451.10,18284.90,22958.10,24707.40,91.80,23325.00
18400.40,18639.70,25619.10,18545.40,18274.40,20928.30,24501.70,93.20,23410.00
18307.00,18292.90,21061.80,18568.60,18251.80,24501.30,22645.80,183.40,18946.90
18396.80,18389.20,23578.00,18628.30,18255.40,19651.70,21083.40,124.30,18712.50
18441.40,18481.50,28334.60,18361.40,18524.00,20987.80,20549.00,107.20,22024.60
18602.00,18343.90,28660.40,18280.80,18376.10,19225.70,22255.10,104.10,21526.80
18529.90,18515.90,22590.50,18430.90,18302.50,18999.10,20910.00,98.80,19489.50
18510.60,18543.20,20033.80,18482.60,18337.60,18944.10,19393.00,96.90,19117.50
19406.00,18816.50,23554.70,18525.80,18287.90,19914.60,19180.40,94.50,27708.10
18616.30,18920.70,23414.00,18453.90,18493.70,25802.80,19742.90,95.30,19218.90
18512.00,18648.60,18893.10,18453.80,19502.90,24643.40,21607.10,93.70,19035.20
18414.90,18324.50,18564.00,18660.40,18514.30,26746.40,19744.40,101.30,18850.20
18625.30,18336.80,18708.70,18551.30,18447.90,26296.80,24885.10,93.20,21775.10
18350.70,18347.50,18707.80,18453.80,18368.40,26092.20,27740.40,93.30,18635.30
18380.30,18324.60,19522.70,18371.40,18474.50,21632.30,27219.90,91.70,19040.80
21070.70,18612.10,20141.10,18454.20,18402.00,25790.80,26897.10,91.90,21465.90
35673.30,18370.80,24963.40,18584.90,18593.60,25131.10,19143.50,91.00,22025.50
18465.30,18326.10,85204.70,19403.20,18387.90,21763.70,19097.60,93.40,19319.60
18470.90,18939.20,89080.00,18528.30,18262.00,23259.90,23939.20,92.40,18770.80
18474.70,18366.20,53717.90,18540.50,18372.40,23993.30,18660.00,91.40,19244.80
18468.70,18310.90,59941.90,18485.60,18465.70,23909.00,18404.60,91.10,18580.20
18460.10,18293.40,39957.10,18415.30,18618.30,19863.40,25543.00,100.20,19537.10
18447.80,18395.70,19882.10,18541.30,18483.50,19683.80,19672.60,93.60,19519.10
18534.60,18300.00,20347.40,18498.40,18446.60,18812.10,18766.60,92.00,19124.10
18501.20,18775.40,44228.30,18564.40,18519.90,24264.60,21767.70,91.20,19318.40
18489.70,18512.30,65061.70,18411.40,18489.30,19664.70,18510.30,93.10,22965.90
18521.20,18466.50,69111.60,18424.20,18467.30,23066.80,18339.20,90.90,19280.30
18486.20,18365.80,62555.40,18398.30,18556.90,21809.90,18419.10,90.90,19145.10
18512.80,18526.90,55200.00,18453.20,18588.10,20087.10,18657.00,91.30,18816.50
18484.50,18481.50,55806.70,18534.80,18683.90,21252.50,18496.10,92.40,22812.60
18407.80,18553.30,53111.90,18451.20,18797.60,20105.80,18470.70,91.30,20540.50
18683.60,20416.50,50566.60,18539.00,19052.40,19677.80,18950.10,91.40,23306.10
18375.60,19025.50,45191.80,18505.80,18717.80,21766.40,19576.70,98.00,18847.80
18403.10,18461.10,75830.80,18482.60,18340.70,22157.50,18962.80,94.00,18923.90
18365.80,18652.90,47567.60,18468.50,18879.90,21669.10,18875.90,91.30,21071.90
18323.40,20388.00,49642.70,18562.40,18405.40,25317.10,23157.70,90.50,18819.60
18675.30,18464.90,53214.40,18524.60,18268.60,27442.30,25269.20,91.20,21593.90
18537.80,18490.40,38286.20,18471.90,18549.60,22567.50,27498.20,92.30,24367.10
18477.50,18533.90,67571.40,21624.00,18553.30,20001.10,22498.40,91.20,20035.60
18441.10,18464.90,55623.00,18517.00,18585.60,24086.90,26267.70,91.00,19153.50
18378.50,18564.90,65150.80,18456.00,18533.40,19680.70,21301.20,91.30,18982.70
18971.50,18500.70,59529.90,18496.10,18519.30,20433.20,19786.60,92.40,19346.00
18843.10,18337.30,63504.80,18461.60,18556.70,21287.80,19650.60,91.60,24018.30
18319.00,18526.60,56049.90,18487.70,18409.80,21629.00,19714.20,129.50,18447.90
18473.90,18303.00,64445.20,18447.50,18441.10,24978.10,22061.50,101.40,18964.20
18377.20,18372.30,45982.20,18296.20,18430.80,20172.20,19271.30,94.90,24393.00
18345.30,18367.20,62495.60,18317.00,18428.80,25909.70,19487.50,92.20,19067.30
18481.50,18484.80,59877.00,18323.70,18418.80,26769.40,21849.00,94.50,18900.40
18427.20,18452.30,59110.70,18497.90,18474.90,24848.90,25240.50,92.10,18616.40
18333.40,18477.90,65133.00,18440.80,18476.80,25333.50,21370.20,93.70,19858.60
18328.60,18423.60,27030.40,18462.40,18549.30,20247.60,25868.10,91.70,19049.50
18287.00,18495.60,23151.20,18493.60,18518.20,21231.20,24373.60,91.40,21455.40
18459.60,18487.90,27860.40,18373.60,18563.70,24671.10,20015.50,91.10,18624.60
18378.30,18540.30,30744.90,18332.50,18471.70,24459.90,21223.60,100.10,18639.60
18378.50,18397.00,26816.30,18538.40,18421.10,20016.60,24015.10,94.30,18676.00
18340.30,18579.20,23422.60,18490.80,18539.40,24872.10,23080.90,91.70,18862.30
18384.50,18640.90,27130.80,18334.70,18478.10,23883.70,25703.50,92.60,18915.80
18346.20,18543.40,27502.40,18467.00,18388.50,24422.00,24760.20,93.00,22843.90
18286.70,18527.60,23946.60,18412.60,38765.10,25874.40,23073.00,110.70,29493.30
18277.10,18389.20,24295.50,18541.20,29259.50,24758.10,25566.90,92.20,25025.30
18508.60,18565.60,21854.90,18518.40,18828.20,19603.50,28305.40,91.30,21336.70
19309.40,18464.70,20932.80,18541.60,18384.60,19532.20,23173.60,92.50,26167.70
18580.80,18545.40,21218.20,18435.50,18252.10,26588.70,29308.10,91.20,21605.10
18391.30,18570.20,22157.00,18439.90,18321.00,19851.00,25594.40,91.90,23156.00
18436.50,18485.50,20030.90,18955.90,18425.10,18993.90,28780.70,99.00,22072.60
18529.30,18429.90,19672.70,18797.80,18447.00,24649.50,24083.30,94.60,20599.30
18458.90,18413.20,20126.50,18547.50,18419.70,23441.30,18998.40,92.30,19351.70
18754.50,18447.50,20619.20,18435.90,18306.50,26323.50,29094.50,91.60,21315.80
18547.50,18477.10,20156.90,18453.20,18297.10,22658.30,27399.90,91.20,21906.70
18524.80,18377.40,19673.30,18274.00,18379.40,19228.60,28578.80,92.90,23663.30
18476.90,18453.40,19714.00,18593.20,18418.50,25246.50,27220.00,97.50,20523.80
18545.70,18381.70,21563.10,18523.60,18545.10,26143.80,26391.50,91.30,18912.70
18490.40,18348.80,23831.70,18492.40,18497.80,21155.60,28789.50,91.50,20043.90
18392.40,18504.70,22223.30,18447.40,18313.60,20144.40,30239.10,92.60,21420.10
18369.10,18489.50,21377.80,18441.70,18299.60,21396.40,26835.80,96.90,18495.20
18369.00,18321.00,20340.30,18440.20,18435.20,24298.90,28142.10,94.50,18802.50
18470.40,18457.60,21594.10,18621.80,18530.50,22942.80,26925.90,91.30,18525.10
18403.10,18529.60,21111.40,18514.40,18610.00,25243.30,30365.20,93.20,19104.10
18367.50,18889.00,21079.00,18414.20,18446.90,25916.90,30359.00,91.30,23197.40
18554.50,18744.50,22902.50,18448.30,18484.50,26254.00,33446.90,91.10,21333.60
18458.70,18585.00,24838.60,18432.00,18464.50,26687.90,28838.50,91.00,20671.20
18426.20,18572.00,21723.70,18476.30,19336.90,26094.00,27674.70,92.40,25260.10
18400.10,18544.60,24635.60,18483.40,18621.00,25954.40,27386.80,91.30,19046.40
18415.90,18475.30,23148.10,18448.70,20093.20,22234.40,29458.20,91.80,21108.20
18474.90,18460.70,21865.60,18424.00,20607.30,26359.60,29691.20,91.40,20705.70
19033.10,18476.80,25126.70,18482.60,18490.80,27051.90,19627.30,99.40,19760.30
18419.30,18398.90,23424.00,18418.10,18507.80,26301.40,27438.70,93.10,19160.50
18389.00,18478.50,22624.50,18462.50,18479.90,26695.00,27564.10,91.20,20180.60
18401.70,18504.60,21348.10,18379.50,18305.40,26838.70,28976.30,91.50,19883.30
18260.50,18488.60,23194.00,18335.10,18382.60,27825.10,27344.90,92.70,25425.80
18272.70,18582.10,23820.00,18486.70,18440.60,23941.10,21999.00,91.40,23452.90
18493.30,18447.30,21110.70,18301.60,18542.20,25289.40,26820.90,91.10,19548.40
18582.30,18442.40,20552.60,18364.30,18456.90,23790.70,27882.50,90.80,19280.00
18634.00,18614.40,32907.80,18522.40,18508.40,25250.80,30185.90,92.10,18968.80
18448.40,18628.50,33627.90,18590.40,18386.60,27622.40,26312.70,90.80,18879.10
18313.60,18403.40,21603.20,18703.70,18454.90,20870.50,26533.30,90.90,18970.90
18315.20,18307.70,20354.50,18471.20,18535.70,20468.50,27960.00,127.60,18745.90
18303.00,18272.50,18749.00,18411.10,18430.50,21226.90,27003.80,104.30,18663.70
18280.20,18297.20,20675.70,18341.60,18314.60,24723.10,27434.70,93.90,18986.40
18535.20,18290.40,20056.10,18258.20,18442.80,24389.40,27678.30,92.00,21266.10
18408.60,18265.40,20275.60,19216.30,18412.90,22005.60,30299.90,92.60,19635.20
18821.90,18283.50,18916.70,18499.60,18414.10,20679.10,20955.60,93.60,23857.10
18419.50,18444.50,20789.40,18425.20,18403.70,25145.10,26565.10,92.10,19740.50
18330.40,18605.60,21580.60,18473.40,18474.90,27422.50,25102.30,91.80,19699.40
18474.90,18645.00,20321.10,18523.40,18489.90,25674.80,24232.10,91.40,24436.40
18464.30,18715.70,36041.20,18528.30,18524.60,25450.10,28985.10,92.80,23405.70
18380.60,18600.60,26746.50,18374.50,18487.50,27647.60,25414.30,99.00,18528.80
18274.10,18457.90,21247.20,18438.50,18414.10,23443.30,27415.40,94.30,18586.80
18281.00,18531.80,19301.20,18339.70,18411.40,26475.70,26429.80,91.50,18606.10
18293.80,18579.70,19373.00,18370.10,18466.00,21332.40,25491.90,91.40,18747.50
18482.30,18455.80,19519.90,18300.20,18495.30,24757.80,27246.10,92.40,19164.60
18262.30,18471.40,22300.70,18311.30,18623.30,25892.40,25478.50,90.90,19602.00
18268.00,18452.30,22793.70,18308.20,18431.40,25420.40,25163.30,91.00,22402.10
18238.20,18556.80,20318.80,18335.40,18444.50,27672.80,24300.00,91.20,26157.80
19401.90,18587.60,20199.40,18352.20,18556.30,19595.60,26010.20,92.60,19361.80
18597.30,18544.20,21574.50,18275.50,18678.50,19653.40,25091.10,91.20,18929.40
25094.10,18592.70,19520.40,18396.30,18544.80,22574.20,25409.50,90.90,18875.40
18414.30,18619.10,20534.60,18459.30,18517.80,19581.30,29365.20,97.20,20298.80
18419.60,18567.70,21211.20,18432.90,18573.80,19488.00,25363.60,95.40,18598.30
18521.80,18565.40,20997.30,18681.30,18610.50,25172.40,27145.20,91.50,19810.80
18698.40,18520.80,19748.30,19012.80,18507.00,23424.50,37887.80,91.00,19402.50
18446.70,18554.60,20197.20,18554.20,18546.10,27154.20,35294.00,91.20,20301.10
18375.30,18693.90,21475.40,18490.00,18500.10,24653.50,37009.20,93.30,19169.10
18377.80,18552.10,20408.10,18520.60,18583.70,20911.40,28961.60,91.00,18761.20
18322.70,18911.80,22020.20,18697.80,18804.00,25583.70,28119.30,91.10,18446.10
18267.60,18904.00,20554.30,18491.40,18477.80,22693.10,21133.30,90.60,18723.30
18391.80,18365.70,18705.40,18462.60,18540.10,24065.10,22250.40,92.30,18979.10
18467.50,18476.40,18758.40,18413.30,18522.80,20993.90,22309.20,90.90,18832.60
18493.90,18414.70,19172.10,34751.90,18515.30,22144.30,22204.40,138.60,18612.10
18492.10,18523.60,18948.30,25226.00,18646.10,23031.60,19070.90,94.70,18635.10
18529.50,18618.90,18797.90,19868.60,18699.50,20541.50,19007.70,94.30,18579.30
18489.20,18574.90,19089.60,18447.20,18694.70,21633.50,26937.00,91.10,20626.50
18481.30,18646.10,18976.60,18318.70,18540.60,28756.80,36452.30,91.30,19027.40
18289.00,18744.40,18910.80,18287.30,18464.10,22452.40,34217.60,91.10,19422.50
18410.10,18811.20,18716.40,18246.90,19391.00,22223.70,38652.30,92.60,18853.30
18326.90,18552.30,18471.80,18249.40,18992.40,26627.40,29028.70,90.90,18970.50
18372.40,18312.60,18607.10,18320.70,18650.60,22320.00,26108.80,90.90,19313.70
18430.50,18477.50,18878.50,18410.60,18591.30,26946.80,26669.70,91.40,23775.00
18395.60,18524.10,18740.10,18384.30,18408.80,29343.30,23509.40,99.70,19342.50
18290.90,18542.90,19267.30,18352.80,18557.20,23514.70,31976.30,93.40,18848.90
18360.80,18670.50,19051.40,18367.60,18525.00,24049.50,29042.10,91.30,18667.40
18455.40,18640.90,19412.80,18287.90,18458.40,23460.50,25751.00,91.20,18822.50
18548.80,18541.70,20995.00,18312.30,18328.90,25749.70,26363.20,92.30,20597.70
19061.70,18487.60,22914.70,18389.40,18708.30,25376.70,23282.00,90.60,19135.10
18554.80,18523.00,19968.20,18368.50,18808.00,23402.30,26061.90,90.80,22450.50
18494.60,18506.30,19053.30,18605.40,18468.40,26458.90,29607.20,90.80,18645.10
18484.80,18527.20,19056.30,21556.60,18536.80,23367.70,23535.40,91.90,19576.90
18301.00,18516.30,19076.10,18551.20,18537.70,19155.60,24803.00,90.40,20382.90
18393.40,18482.00,19015.60,18595.80,18443.00,20267.90,23791.00,91.00,18659.30
18300.60,18666.90,18919.40,18507.70,18418.30,22732.90,27717.10,120.90,18779.90
18541.90,18593.00,18918.60,18467.70,18448.90,19154.40,24519.40,118.60,24718.30
18458.10,18568.30,18860.80,18466.10,18395.30,21268.60,25399.80,95.20,23890.60
18288.20,18369.10,18883.80,18626.50,18426.60,27115.40,30101.10,92.90,22773.20
18300.00,18493.90,18986.90,18428.60,18432.10,19590.10,31784.90,92.00,21244.70
18419.50,18420.50,18513.50,18500.30,18298.20,26197.90,25729.70,93.30,22624.40
18314.50,19144.10,20398.60,18444.80,18260.90,22358.80,20358.30,92.10,24971.40
18251.20,18719.40,24824.80,18433.40,18448.80,24772.60,21460.40,92.30,36936.30
19692.60,18584.50,26833.50,28249.00,18499.60,29686.80,25846.20,91.00,20602.10
18459.60,38438.00,18911.00,28265.00,18412.70,30004.20,30480.40,92.50,21293.70
18478.60,30095.80,18950.40,18506.90,18340.80,29562.60,31142.80,99.20,23252.70
18461.20,18430.50,19706.30,18434.00,18349.80,29249.70,33887.30,145.70,21675.10
18431.80,18519.30,18874.70,18594.00,18290.30,29313.90,37122.00,96.90,20458.20
18555.40,18343.10,21756.70,18486.80,18481.60,28654.90,32155.10,94.70,20142.50
18378.30,18513.50,19428.10,18478.40,18503.90,23213.30,32824.80,92.20,32664.20
18272.10,18402.20,19036.00,18362.60,18823.20,26392.00,29228.00,91.60,34446.30
18363.00,18313.20,18466.20,18285.90,18535.70,28459.40,32066.20,92.10,29673.00
18266.80,18452.70,18580.60,18307.50,18491.60,26808.40,32438.30,93.40,38988.70
18323.80,18531.90,18845.80,19484.10,18443.70,22731.30,30156.40,93.10,30854.50
18498.10,18499.10,18944.50,18610.80,18476.40,28753.60,33761.70,91.90,36832.50
19294.10,18671.90,19103.70,18301.40,18497.20,29045.60,33352.90,91.00,34311.70
18664.00,18686.70,19605.60,18590.10,18591.90,30598.00,32112.50,97.40,35866.20
18584.00,18453.40,18797.00,18499.70,18549.10,26404.60,34195.60,91.30,22276.10
18484.40,18458.70,18576.70,18498.80,18522.70,29920.50,41081.00,91.30,23803.00
18451.00,18471.30,18672.50,18345.00,18540.10,26371.50,45355.90,91.60,22509.50
18283.20,18556.00,18773.40,18307.40,18433.10,26891.00,34351.40,92.40,24724.00
18280.10,18503.10,24282.40,19025.70,18301.20,25047.10,33009.40,92.00,23616.40
18292.50,18654.80,18820.60,19003.10,18431.70,19454.60,34739.60,91.20,22265.70
18276.90,19496.10,19032.10,18864.60,18491.40,22177.00,40302.20,91.40,18866.50
18595.70,18829.80,18863.20,18803.10,21608.50,23256.10,36543.80,93.00,18999.20
18524.10,18449.80,18600.40,18539.90,18666.70,22975.00,35363.80,90.80,19294.40
18498.10,18371.60,18672.30,18428.90,18559.70,25111.90,27391.20,94.80,18878.80
18483.00,18342.70,18875.20,18365.20,18482.50,27919.50,34107.40,92.30,25869.50
18456.90,18341.20,18785.50,18361.60,18512.80,22285.80,35369.90,92.70,19552.40
18495.80,18282.10,18768.60,18369.80,18474.50,25658.40,31892.60,91.40,25941.40
18498.30,18401.40,18688.10,18290.20,18530.90,25861.20,33669.60,91.50,20003.00
18479.20,18602.70,18590.70,18834.00,18503.40,21613.90,29923.00,91.50,18957.10
18461.60,19209.40,18825.10,18329.50,18670.90,22201.10,26728.90,93.00,19547.10
18492.80,18687.90,19242.00,18334.40,18538.60,26618.70,28511.30,91.30,19658.60
18481.70,18575.80,18744.30,18279.40,18573.90,21133.00,25498.10,91.40,23459.50
18639.60,18854.40,23596.50,18308.20,36190.40,25395.80,25340.30,91.30,20799.70
19023.00,18565.00,19181.90,18529.80,23578.40,25494.50,28645.90,92.70,26109.70
18650.60,18521.40,18979.80,18361.20,19564.10,25095.30,22588.20,94.30,35030.60
18263.40,18494.50,18863.80,18430.20,18526.50,23652.00,20420.70,92.00,20834.00
18348.90,18302.00,18771.50,18293.60,18695.60,26693.60,20839.00,91.20,22859.50
18604.20,18301.70,21845.70,18235.30,18899.90,24531.20,18717.80,92.40,18748.90
18525.20,18264.40,30085.00,18272.80,18637.60,20226.40,19214.00,91.20,19302.50
18465.20,18272.00,19674.00,18347.90,18352.30,22000.90,21256.30,91.40,19294.40
18581.70,18444.60,18684.40,18284.20,18321.80,22320.40,20138.10,91.70,19136.20
18669.70,18606.00,18869.60,18645.70,18334.70,25370.50,24534.30,93.10,21168.60
19024.50,18496.50,19104.60,18342.80,18408.90,23352.90,22649.40,91.00,19715.10
18345.40,18601.20,18631.70,18392.40,18787.40,19744.00,24272.10,91.30,20838.40
18401.90,18624.70,18776.80,18497.30,18811.50,18877.10,27111.10,91.40,21319.60
18683.10,18565.40,19020.30,18611.00,18677.50,21285.50,21427.70,97.30,19078.00
18921.10,18474.30,20921.50,18480.90,18706.40,23911.00,25114.60,92.50,23062.70
18421.10,18499.30,18910.30,18442.10,19040.90,26690.60,22619.30,91.80,18816.00
18287.90,19609.60,18753.90,18536.00,18398.50,27135.10,26254.00,91.10,18940.70
18265.20,18538.80,18879.50,18499.90,18286.30,26901.20,23835.40,92.20,23221.50
18257.90,18394.50,18893.60,18568.00,18345.30,19103.70,26183.60,92.30,18860.20
18274.20,18404.10,18752.30,18360.40,18332.10,19347.60,26222.80,91.10,20744.10
18301.40,18424.30,18797.10,18379.20,18684.50,23237.80,20949.20,91.20,20101.30
18332.50,18424.30,20956.60,18542.00,18624.80,20460.10,21244.90,92.30,18914.20
18360.10,25936.60,18807.90,18470.00,18774.90,25791.00,22731.00,91.00,21676.80
18272.50,20827.20,19061.00,18505.50,41344.60,22660.20,24813.30,90.70,21065.10
18227.80,18346.00,20338.50,18484.20,31258.60,24529.40,21096.30,94.20,19283.40
18451.20,18477.90,26576.30,18427.10,27221.90,19646.30,24827.30,92.70,19250.20
18487.70,18569.40,22614.40,18564.80,18706.60,24690.20,21153.60,91.00,18645.00
18632.90,19422.90,19253.70,18494.40,18390.50,28646.60,19797.60,90.90,18775.70
18293.80,18428.50,19892.00,18501.50,18388.70,26348.10,20468.70,91.20,18975.00
18265.30,18449.00,19251.20,18403.70,18326.60,21794.50,20672.60,92.10,20765.50
18305.70,19926.70,19140.70,18266.20,18271.70,23167.50,20683.00,91.10,22011.00
18321.10,18713.40,20827.50,18302.10,18391.40,21237.90,18877.70,91.10,21289.00
18599.40,18434.60,19548.10,18337.40,18516.20,20191.70,19198.70,90.60,24849.90
18414.10,18463.30,22865.50,18314.90,18419.90,20364.70,25102.80,92.40,24420.80
18550.70,18618.10,19556.20,18272.40,18463.30,19245.50,22724.60,91.00,21315.80
18385.80,18534.80,20939.30,18944.50,18415.10,20562.60,21158.50,94.30,18549.00
18331.50,18449.70,19169.90,18846.60,18358.80,18959.00,24899.60,91.30,18737.20
18518.50,18500.00,19061.70,19018.20,18298.60,25092.30,30532.30,92.40,18551.50
18606.90,18721.80,19672.10,18523.30,18288.10,24066.90,32099.40,91.60,22812.90
18536.20,18350.60,19123.90,18444.80,18944.10,21114.20,29031.60,91.20,22510.10
18417.70,18336.50,18717.30,18365.80,19198.20,19250.10,24161.70,91.10,22399.90
18598.20,18300.90,18620.60,18278.30,18771.30,19110.00,22431.60,92.50,21197.60
18808.90,18352.60,18606.70,18608.70,18595.50,19964.90,24967.00,91.10,18778.40
18646.80,18400.00,18674.40,18431.50,18302.20,21102.50,23625.00,91.20,18606.40
18692.80,18442.50,18567.30,18425.70,18297.40,19399.40,28227.60,91.80,18652.60
18528.80,18501.10,18853.70,18332.80,18392.60,23593.50,26347.20,92.50,21183.20
18449.30,18596.40,26889.30,18331.00,18544.10,23015.80,22904.90,94.80,18761.50
18540.80,18356.10,18751.90,18370.50,18521.50,25970.20,28256.00,91.70,19228.70
18452.70,18555.50,18644.70,18404.50,18635.50,23815.50,26024.40,91.30,18648.80
18393.60,19012.40,18661.10,18423.80,18501.60,21283.00,26533.60,92.70,19013.20
18497.40,18644.30,27487.70,18388.70,18987.50,23936.30,22550.20,91.30,19049.30
18416.10,20876.20,19172.90,18495.00,18691.20,23546.20,23928.70,91.50,24322.00
18395.40,19101.50,24887.80,18550.00,18353.50,23010.60,27228.20,90.90,19385.30
18421.60,18847.30,20261.60,18471.90,18372.20,20858.10,24863.70,92.30,22642.10
18441.20,18459.20,19087.10,18476.90,18529.50,22104.50,21693.50,90.90,18692.40
18409.80,19059.60,18936.50,18548.10,18761.30,20440.50,25252.50,91.20,19477.40
18398.40,18472.40,19071.50,20485.70,18469.80,26253.00,28762.30,91.10,19569.50
18408.20,18562.80,18906.40,40890.10,18451.20,22565.00,27900.80,96.10,18812.00
18640.50,18493.40,18839.80,24149.70,18482.10,19409.70,28909.80,91.70,21062.80
18500.10,18484.80,21173.30,18285.20,18521.90,33162.90,20501.50,90.70,18835.30
18437.10,18545.10,31819.80,18296.00,18522.60,23077.00,19727.70,91.80,18542.80
18513.40,18462.20,18834.40,18229.90,18533.40,21660.60,22209.40,92.40,24879.10
18463.10,18453.70,18762.80,18235.70,18428.30,21991.70,21481.90,90.90,24725.60
18526.40,18502.40,18815.50,18267.70,18415.70,23715.20,24452.70,90.80,19106.50
18492.10,18460.50,18832.60,18423.20,18512.10,27146.00,19340.00,90.30,18799.70
18410.90,18675.90,21146.00,18484.00,22388.10,23892.30,19830.70,91.90,18636.40
18467.00,19032.80,18759.30,18311.40,18505.90,22399.00,23580.30,90.90,18908.50
18633.30,18405.00,18636.50,18278.00,18535.40,25065.60,19573.10,93.20,18826.90
18451.80,18309.70,18796.40,18378.80,18518.20,24191.70,21300.60,91.80,19231.60
18341.50,18548.10,19065.10,18391.60,18517.90,27603.30,20840.00,91.90,21272.80
18610.90,18537.00,19175.00,18499.30,18535.50,29100.40,21696.80,91.10,24343.20
18443.50,18438.10,19097.70,18389.70,18494.50,24289.70,23724.10,90.70,19850.70
35455.30,18498.90,18929.10,18433.30,18454.70,26513.10,27746.30,90.50,21661.30
27929.00,18479.40,19824.50,18583.20,18495.00,28105.70,23422.80,91.60,19279.20
22857.10,18444.80,19147.70,18529.80,18621.00,27013.40,23798.90,91.40,22174.70
18705.50,18421.80,18888.60,18419.00,19022.30,21910.40,21729.50,90.90,18791.90
19571.90,18429.10,19470.70,18486.50,18366.70,21165.10,21887.50,90.90,18608.30
18453.80,18432.00,18961.40,18390.90,18353.40,29804.00,20108.50,92.10,18886.50
18506.10,18457.10,20413.50,18464.00,18733.50,21341.50,23366.70,94.50,18908.30
18434.20,18537.90,32953.90,18470.60,18686.10,20541.50,24959.30,100.70,18641.40
18474.90,18447.60,19930.70,18608.70,19026.20,21325.20,27509.60,91.20,18533.40
18510.10,18458.60,20706.30,18465.30,18658.00,23689.30,25238.00,91.70,19536.20
18349.70,18544.30,20055.80,18461.10,18336.80,19959.60,21226.00,91.10,19749.30
32769.50,18286.90,19123.20,18495.80,18343.90,25068.00,24679.30,90.90,22726.20
27955.30,18491.80,18965.30,18447.10,18420.60,28687.20,24614.30,91.10,19852.80
20896.00,18418.30,19018.70,18577.10,18540.60,21321.90,22500.80,91.70,19537.90
18472.10,18314.20,18962.10,18533.70,18502.50,22183.90,25755.40,91.20,18859.90
18517.40,18323.70,18809.00,18475.60,18315.90,19160.70,24352.60,92.00,18736.60
18638.90,18503.50,18719.00,18671.90,18342.90,18796.90,23684.10,91.10,18884.10
18280.70,18347.80,19335.30,18593.10,18255.10,18957.30,19394.90,95.80,22570.00
18407.60,18244.90,19104.50,18576.00,18299.80,20063.90,19482.30,92.00,19847.90
18588.80,18292.30,19225.70,18514.20,18328.90,21762.70,28144.10,90.90,19261.50
18532.70,18269.40,18873.80,18494.70,18331.40,25710.10,26287.30,91.10,18688.90
18501.40,18336.30,19741.50,18448.70,18314.70,26257.20,26438.40,91.80,18563.90
18307.40,18479.50,22282.90,18626.00,18356.20,21910.80,22340.40,90.80,18805.90
18422.50,18444.10,19597.50,18435.60,18389.20,22393.30,25043.60,90.90,19195.30
18306.20,18516.90,18991.40,18283.70,18431.20,21070.50,19216.80,91.30,18824.50
18574.70,18508.90,18904.50,18397.90,18390.60,24664.70,19570.30,91.40,18612.20
19182.90,18686.80,18562.10,18417.10,18471.20,20881.50,21117.90,91.90,18555.00
18295.80,18460.60,18772.20,18465.60,18530.20,21514.50,22930.40,91.20,19585.40
18336.20,18313.00,27001.30,18571.90,18334.30,23130.60,25567.70,94.10,18451.60
18332.00,37783.50,27623.00,18441.60,18396.40,23640.30,28504.50,92.30,18795.10
18304.30,20709.20,18957.00,18627.10,18376.20,21860.10,25483.20,90.70,19401.80
18364.20,19354.20,21806.80,18526.00,19304.50,23562.50,30792.50,90.60,18480.50
18429.00,18468.60,18961.20,18493.20,18471.40,26252.70,21263.80,91.20,20431.10
18277.30,18406.60,18778.40,18429.40,18417.20,19770.40,22766.00,91.80,20585.10
18321.90,18339.40,18733.10,18416.20,18475.90,28267.40,23187.10,91.10,21881.20
18358.80,18273.30,18748.60,18422.80,18487.30,21808.20,26430.50,91.00,21828.80
18453.20,18308.40,18624.00,18430.20,18464.90,19307.80,30773.70,90.70,22124.10
18489.00,18401.00,18845.00,18510.70,18578.90,22338.00,37708.60,92.10,18725.10
18472.50,18291.70,18962.00,18511.60,18505.20,27242.20,31832.10,91.00,18731.50
18284.60,18562.00,18599.40,18484.10,35155.20,21297.70,30424.30,94.40,18657.40
19608.00,18561.40,19801.90,18533.60,27909.30,25639.80,31837.30,91.50,19167.90
18538.10,18435.90,19534.50,18487.00,19767.20,24994.40,29352.70,92.20,18806.50
18532.30,18496.70,19247.80,18471.50,18492.70,19400.00,26032.90,91.60,18859.50
18662.00,18452.70,18994.70,18444.30,18293.40,19182.20,28333.80,91.10,18983.90
18436.40,18478.90,19299.80,18444.90,18278.90,19263.90,24657.20,91.00,18954.80
18412.50,18522.50,19086.70,18452.60,18452.10,23694.10,24777.70,92.10,18851.90
18517.60,18361.80,19565.70,18605.00,18502.80,21937.60,22136.80,91.00,18944.80
18431.50,18482.00,25999.00,21624.60,18370.10,26722.30,19401.20,90.50,18553.20
18517.90,18567.00,21257.10,18768.90,18463.40,22237.40,26602.50,90.80,18539.50
18525.80,18504.30,24143.90,18488.80,18466.40,25288.60,20755.00,92.00,19096.70
18582.00,18583.60,18756.00,18428.10,18450.00,23757.70,18795.30,94.20,18988.10
18359.40,18470.60,19395.10,18450.00,18306.10,23348.70,20751.50,91.60,18635.60
18352.10,18506.00,19457.30,18420.80,18467.60,21778.00,28539.80,90.90,18916.30
18278.70,18367.50,19397.80,18398.80,18505.60,24771.60,26404.50,91.00,18769.40
18394.00,18536.10,22897.00,18404.00,18481.30,19391.40,22024.20,92.50,18757.90
18512.70,18558.70,18792.80,18314.30,18473.80,23837.10,22378.70,90.50,19632.60
18480.80,18649.80,18780.90,18279.10,18467.50,19217.20,27720.80,91.30,25807.10
18467.20,18448.50,18909.10,19333.40,18492.70,20824.60,28299.30,90.70,23928.30
18354.70,18454.50,19058.30,18487.70,18562.20,23143.00,27217.90,91.60,19836.40
18388.30,18468.00,19246.60,18541.80,18645.80,18991.40,23185.30,90.90,20193.70
18453.40,18677.00,19067.90,18445.60,18672.30,18785.40,22973.50,90.70,37436.50
18354.30,18542.40,18840.60,18424.20,18371.00,19361.50,21123.00,111.40,35012.40
18560.10,18536.00,19021.40,18544.00,18374.00,25440.00,19065.10,97.70,26489.30
18406.80,18605.80,19874.20,18453.50,18411.90,23632.70,19626.10,91.70,24141.50
18470.10,18493.70,18846.50,18694.00,18534.70,27632.70,24155.70,91.50,20172.90
18458.70,18583.80,19008.30,19488.90,18325.90,21195.80,28910.10,91.10,20511.30
18265.80,18558.80,18695.10,38392.10,18515.70,25306.70,33112.60,92.30,19080.00
18359.00,18618.10,18682.00,21582.60,18620.00,23146.40,29241.70,91.30,18634.70
18444.10,18460.60,19327.70,18457.10,18492.90,19245.40,26059.60,91.10,18619.70
18617.50,18321.10,18998.30,18758.30,18348.30,20969.60,19875.60,90.60,20262.10
18444.80,18707.60,18905.30,18543.80,18497.00,24532.40,21155.80,91.80,20217.50
18457.60,18440.10,18709.20,18498.70,18472.70,27443.40,23224.70,90.70,20624.60
18491.60,18495.00,18836.10,18500.50,18427.20,23472.30,35284.00,95.20,20401.60
18616.30,18540.80,18880.10,18477.00,18697.90,19204.60,29732.80,90.90,20180.80
18823.60,18594.40,18795.50,18546.00,18447.80,24469.40,29619.70,92.10,22041.70
18588.00,18344.00,18806.40,18559.70,18435.50,22865.00,20733.40,91.30,24063.80
18492.00,18511.00,18702.70,18527.20,18366.70,22775.80,27600.10,91.30,22333.80
18471.40,18548.10,18823.00,18502.80,18347.70,20486.80,25144.20,90.80,20932.60
18518.80,18573.10,18727.40,18469.50,18496.50,19541.70,19966.90,92.40,20112.20
18431.40,18531.10,18667.40,18489.00,18465.40,19232.80,27527.80,91.20,20367.30
18384.40,18486.70,19230.70,18880.10,18380.70,20003.80,22377.30,90.50,20966.50
18400.90,18488.30,19107.30,18411.70,18438.00,27662.10,25193.00,91.40,21065.20
18397.30,18458.50,25816.10,19982.50,18477.20,21170.20,25764.00,94.70,26077.00
18390.70,19266.80,24030.80,19371.30,18565.10,22430.00,27446.10,92.10,23016.10
18480.20,18675.90,18923.50,18340.30,18548.50,28687.90,24028.20,91.10,23669.40
18481.10,19311.40,18687.80,18486.90,18580.20,22455.80,22349.20,90.80,24052.20
18442.40,18499.60,18636.70,18659.60,18540.60,27503.70,22069.20,92.30,20261.50
18450.60,20861.70,20955.60,18478.40,18540.30,19232.80,23747.40,91.10,20116.90
18431.60,18466.50,18615.90,18456.50,18555.90,19117.40,24597.90,91.30,20176.20
18452.60,18524.60,18741.10,18459.50,18625.60,24061.20,24839.00,91.00,19981.30
18449.50,18492.50,27820.90,18543.40,18774.60,19257.90,21080.50,92.40,22271.10
18439.30,18473.30,23952.20,18623.90,18420.70,22835.30,18861.50,90.50,22933.50
18502.80,18606.70,19589.80,18530.60,18476.00,19255.20,19331.30,91.00,18675.90
18430.20,18461.60,19531.70,18567.10,18374.70,19747.00,20009.60,93.20,21067.00
18354.40,18464.80,19295.70,18528.80,18418.10,21780.40,19593.20,92.40,18766.60
18478.50,18539.10,21802.90,18529.10,18550.60,20248.60,19370.40,90.20,18685.90
18500.60,18382.30,18925.00,18476.70,18550.70,27862.90,21189.80,90.80,18546.30
18607.00,18286.90,19049.60,18480.30,18521.70,19664.00,20000.10,90.90,18616.60
18541.50,18576.00,20527.90,18508.00,18484.30,19167.50,18824.30,91.70,18394.10
18603.60,18458.70,31641.80,18563.30,18459.10,21765.50,18900.50,91.10,18453.10
18626.90,18415.20,25366.50,18497.90,18506.50,20959.90,18880.70,90.70,18696.90
18517.60,18433.60,19353.20,18685.90,18509.30,27135.20,18927.60,90.40,18704.30
18563.80,18482.40,18785.00,18511.40,18488.30,26494.30,21249.90,91.60,18714.30
18628.60,18748.90,26823.60,18469.60,18436.20,21267.70,19375.60,91.10,18629.30
18562.10,18334.50,18676.50,18438.20,18495.20,20936.70,23315.20,93.70,21133.10
18365.00,18447.30,18630.30,18506.20,18466.60,20693.80,18844.80,91.10,18701.10
18540.60,18480.50,24771.40,18422.30,18439.60,20296.10,18506.60,92.00,22537.70
18427.50,18482.20,22806.60,18311.50,18446.40,27311.60,18595.00,90.50,21434.10
18373.40,18588.50,18547.90,18288.80,18446.70,22868.80,18825.50,90.90,19192.40
18569.90,18520.90,18812.60,18271.70,18467.70,24597.30,19426.70,90.90,18857.60
18530.90,18507.90,18652.80,18412.80,18489.70,23717.40,23003.00,91.40,18751.60
18457.60,18629.20,18614.00,18520.00,18481.00,26663.00,23406.30,90.60,22588.50
19783.10,18631.00,18897.00,18583.60,18620.90,26770.40,19099.00,90.60,18700.70
18787.60,22371.40,18834.50,18568.70,18504.80,21793.00,19343.60,90.70,18620.50
18432.40,51535.40,20000.50,18469.50,18557.20,26052.50,23291.70,91.40,18848.50
18386.50,20303.60,18860.00,18515.30,18491.60,20444.90,22552.60,94.10,18780.50
18332.20,18610.30,18836.80,18578.50,18305.70,23844.30,20574.40,92.00,18740.70
18352.10,18566.80,18504.50,18692.30,18281.80,23061.40,25512.50,91.10,18957.60
18266.90,18483.80,18712.70,18583.80,18435.00,28429.80,19592.00,91.70,18851.80
18284.80,18456.00,18569.70,18480.00,18542.00,24451.80,19135.30,90.70,18968.20
18320.60,18426.60,18485.20,18516.10,18481.60,21457.90,24652.60,90.90,18760.70
18423.60,18473.80,18453.70,18317.40,18537.20,20073.70,22018.60,90.40,22316.80
18482.60,18599.10,18414.80,18369.90,18712.90,27321.20,19708.30,91.80,21496.00
18434.60,18526.50,18421.30,18497.10,18526.20,24600.80,20133.30,90.60,25470.50
18258.00,18500.60,18587.40,18562.70,18574.00,27646.00,19052.50,90.50,19171.20
18544.80,18309.40,18482.60,18594.20,18493.90,20371.40,23144.80,90.60,18593.90
18673.50,18583.00,18449.10,18503.10,18505.80,26121.30,19240.30,94.50,18659.50
18308.80,18555.60,18466.60,18462.70,18481.60,25108.00,19462.00,91.50,23071.70
18376.00,18434.10,18419.20,18460.90,18598.00,24411.10,19072.20,90.60,19135.70
18375.10,29872.70,18325.80,18558.80,18529.30,28053.30,25154.10,91.00,19037.30
18273.30,36638.90,18543.50,18351.40,18775.90,24418.90,20475.50,91.70,18909.70
18296.10,20729.60,18487.90,18282.10,18557.60,22082.00,22622.40,90.40,20313.00
18392.80,18455.90,18485.30,18326.50,18564.30,20198.20,20588.60,90.50,24717.40
18326.10,18426.10,18572.40,18330.50,18343.70,23396.10,21517.20,90.30,20297.90
18284.50,18546.30,18512.10,18614.20,18344.40,23082.30,18866.00,91.30,19978.50
18416.90,18832.60,18534.80,18473.30,18527.60,27699.50,22403.60,90.70,18894.50
18326.00,18783.50,18484.20,18448.70,18570.60,26275.50,20410.10,90.50,18909.00
18307.30,18368.90,18499.20,18540.90,18545.70,19805.70,19164.10,102.90,18680.30
18315.60,18580.80,18502.30,18578.30,19282.50,24368.00,18710.50,92.40,18680.30
18369.70,18578.30,19170.20,19449.80,18651.20,22277.50,26022.40,91.70,22115.00
18434.60,18330.10,18395.70,26706.40,18667.90,23227.50,20430.20,90.60,19170.00
18461.00,18351.10,18363.30,33364.00,18714.60,24469.90,19016.70,90.50,18762.00
18543.50,18384.70,18310.00,22479.00,18469.20,22056.90,20357.00,91.50,18623.80
18531.90,18391.10,19998.70,18337.10,18535.10,20466.40,18461.70,90.60,18684.90
18426.40,18371.30,19580.20,26326.30,18582.10,25812.60,18904.10,90.80,19019.70
18396.00,18310.50,18646.90,20268.50,18522.30,27066.70,20055.20,90.30,20600.40
18424.00,18324.80,18592.70,18353.90,18478.80,25068.20,19108.90,92.30,22781.80
18383.60,18347.30,18580.50,18677.70,18483.60,27494.20,19740.60,91.30,18657.60
18698.10,18364.40,18713.90,18312.20,18551.40,28346.30,19221.00,94.20,21376.00
21480.50,18434.00,18523.30,18293.80,18414.40,25557.40,18671.80,90.90,21203.50
18326.70,30130.40,18451.20,18332.20,18385.50,22633.70,21324.60,91.90,21578.80
18505.60,36356.40,18444.50,18459.20,18472.60,27702.10,18736.90,90.90,20492.60
18598.30,21035.20,18724.90,21681.20,18456.30,26431.40,18606.10,91.00,19165.20
18435.30,18453.00,22661.20,18609.60,18518.10,26931.20,19157.80,90.80,19086.90
18416.40,18370.70,19401.80,18785.60,18482.40,25657.20,18866.10,91.60,23769.40
18432.30,18323.70,18530.80,18562.30,18474.40,23624.70,18780.40,90.70,19664.60
18490.20,18477.70,18584.90,18874.10,18504.10,28978.30,19054.70,90.80,18778.80
19413.70,18541.20,18333.10,18995.80,19337.80,21360.40,18866.00,90.60,19653.40
18568.60,18490.70,18412.30,18358.20,18692.70,24759.00,18968.30,91.20,18556.50
18485.40,18392.40,18684.40,18360.40,18444.20,20339.10,18657.40,94.10,18866.00
18457.70,18446.10,18504.50,18288.80,18440.50,23244.10,20191.20,90.90,19111.20
18460.50,18500.80,18468.10,18474.20,18459.50,21863.10,26428.50,90.60,22320.60
18488.70,18740.50,18471.20,18517.70,18484.00,21450.40,24303.30,91.70,19096.70
18504.80,18536.80,18329.00,18479.10,18453.00,20462.60,21983.30,90.80,19419.30
18310.20,18483.10,37902.60,18536.50,18507.70,21833.70,20521.80,91.40,18868.70
18288.60,18762.60,18333.10,18510.80,18629.20,19201.60,21227.20,91.10,18894.80
18303.40,18787.30,18358.40,18449.30,18454.60,25663.90,19249.70,91.70,19914.40
18242.80,18698.10,18321.40,18435.60,18523.50,27610.10,18613.50,90.40,20249.50
18422.10,18427.30,18359.90,18649.00,18545.70,26093.00,18935.30,90.20,18722.20
18568.90,18338.10,18274.50,18536.40,18574.00,25312.80,18690.60,90.80,18907.50
18458.10,18524.60,18353.90,18512.90,18435.20,26011.00,18473.00,94.80,19162.50
18410.00,19472.20,18803.60,18384.70,18503.30,20346.40,20512.10,90.80,19091.80
18456.40,18632.30,19162.20,18449.80,18527.70,23389.10,20497.50,90.20,19046.70
18479.50,18520.90,18364.70,18387.60,18512.50,19095.50,18778.10,90.40,18702.70
18441.30,18639.60,18616.50,18564.90,18520.30,19002.20,18729.00,91.10,18602.80
19050.90,18551.00,18526.40,18665.60,18470.60,25671.50,18807.10,90.20,21371.10
19184.10,18512.30,18521.30,18607.40,18571.10,22597.30,19556.20,90.80,20607.60
18626.00,18506.00,18471.60,18507.10,18485.60,19758.90,19254.80,90.50,18999.90
18500.90,18523.80,18409.50,18466.30,18470.80,23709.10,19521.60,91.50,21095.20
18459.00,18652.10,18587.70,18531.40,18463.90,23234.60,18928.20,90.30,20580.40
18446.50,18351.90,18416.90,18314.30,18571.10,21079.90,19505.90,90.30,18930.90
18461.50,18348.80,18527.00,18312.40,18486.40,19869.80,19084.90,94.00,19705.60
18838.90,18531.10,18659.10,18249.00,18458.20,27859.00,19319.30,91.90,21312.70
18534.40,18619.40,18434.50,18500.80,18341.90,28026.50,22705.60,90.20,23176.80
18537.00,18550.90,18314.80,18533.50,18941.50,26734.80,19756.90,90.10,19004.50
18615.90,18552.00,18439.80,18474.50,18724.80,28544.00,19187.50,90.00,22313.40
18500.60,18737.70,18523.90,18451.40,18323.90,23327.40,18931.90,92.30,18826.90
18413.90,18651.20,18384.80,18471.30,18276.60,24436.50,19186.80,90.70,22401.80
18426.10,18476.30,18446.30,18527.40,18293.90,20639.70,18888.30,91.00,20687.20
18389.50,18460.10,18336.90,18579.10,18272.20,25535.90,18957.30,90.40,18559.70
18489.20,18642.60,18311.50,18420.70,18610.90,23192.90,18966.00,91.90,18915.60
18231.80,18525.20,18423.80,18422.40,18301.00,26776.70,18915.10,91.00,18723.40
18221.30,18488.30,18340.70,19478.50,18407.30,22570.40,18806.30,113.50,19315.50
18287.60,18564.50,18577.20,18446.90,18898.40,22354.90,18952.50,92.10,26723.90
