n,overlap,original,original_std,original_min,original_max,compose,compose_std,compose_min,compose_max,linq,linq_std,linq_min,linq_max,hashset,hashset_std,hashset_min,hashset_max,frozenset,frozenset_std,frozenset_min,frozenset_max,par_std,par_std_std,par_std_min,par_std_max,par_hashset,par_hashset_std,par_hashset_min,par_hashset_max,par_std_partition,par_std_partition_std,par_std_partition_min,par_std_partition_max,par_hashset_partition,par_hashset_partition_std,par_hashset_partition_min,par_hashset_partition_max
10,10,1.00,0.18,0.90,1.50,1.11,0.38,0.80,1.90,1.38,0.12,1.30,2.10,1.08,0.13,1.00,1.70,2.68,0.27,2.40,3.40,61.31,45.26,24.90,436.70,15.96,5.41,7.60,45.10,77.20,58.40,24.80,392.70,16.11,5.72,10.70,41.50
20,10,3.00,0.30,2.80,3.70,3.19,0.81,2.90,5.50,5.44,0.29,4.90,7.00,4.28,0.23,4.00,5.20,7.88,0.44,7.30,11.70,77.22,69.98,25.60,420.00,14.20,3.54,9.60,47.30,75.45,67.72,28.60,409.90,20.26,4.43,12.30,45.90
30,10,5.59,0.26,5.40,6.30,5.31,0.07,5.20,5.40,6.50,0.39,6.20,10.00,5.69,0.28,5.40,9.10,40.01,1.02,38.90,46.50,74.73,73.56,27.80,462.80,16.80,5.83,11.30,36.20,98.30,82.73,30.70,487.70,18.91,4.62,12.70,30.30
40,10,9.84,0.10,9.70,10.00,9.62,0.08,9.50,9.80,10.59,2.90,8.00,15.90,7.30,0.36,7.00,11.00,47.39,1.31,46.30,62.10,91.95,83.04,30.10,447.50,19.78,10.03,12.30,54.30,87.45,73.73,35.60,513.30,26.41,3.71,17.00,50.10
50,10,24.25,6.95,15.30,34.40,13.70,0.07,13.60,13.80,7.63,2.18,5.30,14.70,5.68,1.23,4.70,9.50,39.87,3.86,37.50,55.70,56.89,68.51,24.20,428.20,17.88,2.92,12.40,28.50,59.68,71.65,24.80,419.20,14.93,3.06,11.10,25.00
60,10,19.13,0.08,19.00,19.20,21.31,6.88,19.00,40.90,3.95,0.25,3.70,4.60,4.42,0.26,4.10,5.10,47.89,5.40,44.80,85.80,59.05,78.09,26.10,427.20,15.35,3.03,10.70,30.30,68.80,79.72,26.90,524.50,16.61,2.99,11.60,31.60
70,10,25.09,0.39,24.80,25.80,25.65,2.48,24.80,32.70,4.80,0.29,4.50,5.50,5.31,0.29,5.00,6.10,63.31,3.38,59.40,78.20,57.92,78.37,24.40,446.50,16.70,2.76,11.30,42.20,53.20,69.62,24.00,424.30,17.65,3.36,11.10,31.30
80,10,34.67,1.80,33.90,39.70,35.57,4.97,33.90,49.70,5.46,0.31,5.20,6.20,6.37,1.29,5.50,10.80,56.08,9.18,42.50,123.30,50.18,74.22,19.70,401.40,13.49,2.83,7.70,23.30,49.17,73.19,20.10,395.20,15.46,3.71,8.60,40.60
90,10,64.46,14.32,42.10,90.70,41.55,0.48,41.30,42.90,6.02,0.34,5.70,7.00,6.18,1.33,5.20,10.90,42.28,1.90,40.90,71.30,58.74,78.86,21.70,470.20,13.49,3.57,8.00,22.80,52.39,74.35,21.60,406.20,15.12,2.43,9.20,22.10
100,10,51.48,1.53,50.80,55.80,51.52,1.41,50.80,55.30,6.83,0.28,6.50,7.60,6.32,0.29,6.00,8.30,50.84,1.15,49.70,58.30,63.55,77.49,24.90,552.10,13.72,3.67,8.60,23.20,51.21,69.41,22.20,399.00,15.67,1.89,9.70,22.10
200,10,205.45,1.58,204.50,208.70,203.01,1.42,201.90,205.80,13.36,0.61,12.80,19.80,12.26,0.46,11.70,16.20,62.55,2.31,60.80,91.20,69.27,92.89,27.90,531.60,17.97,4.61,13.70,44.00,68.34,85.13,27.40,501.40,22.55,4.40,14.70,66.80
300,10,668.52,131.31,462.50,762.10,464.60,3.20,461.80,472.80,20.63,2.11,19.60,36.70,19.78,2.65,18.00,29.60,91.35,7.15,88.30,197.20,76.85,88.87,32.70,507.90,27.08,11.43,18.90,71.80,75.38,92.23,31.80,524.60,25.28,5.98,19.00,48.90
400,10,819.08,19.82,807.60,873.70,832.40,56.19,813.30,992.30,27.73,1.18,27.00,40.50,26.41,2.14,25.60,41.00,116.92,8.15,113.60,257.10,77.39,95.57,34.10,573.90,49.93,11.58,24.60,86.90,77.18,92.38,36.20,535.10,34.33,9.79,24.70,81.10
500,10,1278.30,18.31,1269.20,1329.90,1279.63,31.32,1264.80,1368.40,35.05,1.09,34.20,44.70,32.22,0.70,31.50,38.40,216.32,21.57,208.90,415.20,86.86,91.01,39.20,539.10,69.92,13.11,53.90,243.60,88.62,96.59,41.10,592.50,37.81,8.49,29.80,78.60
600,10,1839.48,16.44,1823.70,1878.90,1825.92,9.62,1816.70,1848.80,42.57,1.15,41.50,53.10,39.89,3.27,38.50,63.20,517.75,31.33,504.00,774.30,98.33,96.34,43.50,566.50,81.76,6.46,70.40,113.00,91.67,90.03,45.50,516.10,45.87,7.41,37.50,124.90
700,10,2478.52,25.61,2459.70,2542.70,2462.01,13.08,2450.30,2494.80,49.63,1.20,48.40,58.00,46.23,1.35,45.20,68.40,771.14,29.46,753.90,1008.50,103.94,98.38,48.40,585.80,87.40,6.36,73.80,128.70,97.99,97.06,50.30,573.20,53.89,9.61,42.10,139.10
800,10,3260.52,77.67,3211.80,3463.20,3251.44,66.40,3222.70,3436.40,56.68,1.58,55.40,72.70,52.68,1.32,51.50,69.10,809.51,28.60,793.20,972.90,114.22,106.46,51.90,616.60,84.87,9.83,76.50,176.80,106.18,100.04,54.30,612.10,63.38,8.46,56.90,101.60
900,10,4078.87,35.48,4049.00,4173.70,4122.02,97.34,4064.40,4372.50,64.68,2.90,62.90,95.80,59.47,1.70,58.10,82.00,895.58,25.00,882.40,1048.70,123.97,106.07,56.30,632.40,98.04,18.31,80.50,230.00,110.40,98.26,59.00,601.40,67.36,6.90,62.70,112.40
1000,10,5017.81,15.46,5006.30,5057.60,5019.36,20.44,5001.10,5069.90,72.90,8.29,70.00,127.60,67.34,5.36,65.10,104.30,926.65,28.42,909.00,1077.10,141.35,114.38,60.70,688.50,98.52,12.13,84.70,190.50,119.15,100.38,62.40,557.80,72.33,9.03,67.20,158.50
2000,10,21257.77,150.34,21132.80,21599.40,20583.86,718.39,20107.10,21898.50,147.51,7.95,144.20,253.50,137.49,7.46,134.40,238.40,1389.96,38.49,1361.80,1631.60,252.74,130.67,106.90,839.50,172.81,21.24,148.80,312.20,197.13,122.21,109.30,755.30,134.70,15.95,121.60,271.30
3000,10,52620.46,154.51,52450.70,53014.00,51158.76,388.01,50590.70,52015.20,232.09,13.40,226.80,361.50,217.89,15.12,212.70,352.20,1798.48,49.46,1767.10,2134.50,308.74,135.33,147.60,899.00,239.24,27.61,213.00,379.10,242.86,130.57,151.60,819.30,208.89,26.27,183.10,381.90
4000,10,94303.01,957.23,93355.70,96224.00,92870.39,1878.32,91367.90,97649.10,321.07,22.07,312.20,467.40,300.45,18.28,293.30,443.20,2520.24,97.58,2467.30,3511.90,381.57,153.19,197.40,973.90,293.80,31.46,269.20,445.30,327.96,152.36,198.20,927.40,272.26,23.65,251.70,433.10
5000,10,148258.26,764.31,146739.00,149092.10,148315.30,1584.94,146825.30,152447.50,431.20,80.47,393.50,1022.80,409.40,81.01,389.40,989.20,3097.68,181.49,2980.90,3769.50,439.38,148.90,269.50,970.50,381.50,98.66,333.70,1063.10,414.56,157.07,262.60,1004.70,363.73,88.77,318.90,1004.10
6000,10,386922.21,38446.50,310666.10,440784.50,295213.85,59169.05,242036.30,437180.80,763.11,199.53,480.00,1793.00,639.42,183.10,450.70,1667.20,4747.80,900.87,3320.60,6774.30,733.81,243.78,529.50,1650.10,645.39,182.50,434.30,1694.10,754.49,280.26,507.20,1789.50,575.84,169.71,412.60,1605.60
7000,10,440634.25,38082.55,338919.60,465603.60,530601.22,75227.02,393250.60,659275.90,827.66,256.57,580.20,1941.90,915.28,210.41,559.50,2033.70,6129.45,1041.39,3867.60,9194.20,770.86,257.04,469.50,1706.70,699.36,184.40,501.30,1805.70,799.30,307.38,465.00,1854.20,690.44,192.92,489.00,1852.60
8000,10,512856.84,43295.60,446098.40,577558.10,510178.67,57346.12,438559.90,618974.40,953.58,257.63,671.30,2192.90,911.81,256.32,627.80,2163.60,5633.02,1303.12,4141.60,8948.80,775.12,233.92,477.50,1548.00,654.71,194.85,532.90,1893.20,855.45,303.25,481.30,2003.90,699.15,214.64,523.60,1932.00
9000,10,528118.38,24105.43,502171.10,568587.40,547018.68,42587.71,504381.00,615300.50,867.38,203.81,745.00,1738.00,886.07,221.61,708.30,2126.00,5932.68,1042.32,4621.30,8949.00,1002.63,291.20,595.70,1979.70,774.21,227.84,595.30,2068.50,906.71,284.21,542.50,1706.00,767.47,231.23,576.40,2045.90
10000,10,667845.97,28022.21,640002.20,731019.20,672532.71,40429.03,607887.90,725388.10,1096.48,270.89,854.50,2442.20,939.42,184.02,821.50,1785.40,5716.50,589.53,5135.50,8453.10,1018.99,304.75,599.00,1950.50,834.77,246.09,661.40,2087.30,1054.24,338.02,569.40,2185.20,877.20,253.09,648.50,2262.00
20000,10,2523316.97,25381.70,2474233.80,2562052.40,3177813.20,1051678.28,2489244.50,5190375.70,2233.74,257.73,1858.80,3329.00,3634.02,519.03,2747.90,6646.60,18056.10,3826.93,9856.50,30564.00,2657.30,744.06,1652.30,5216.10,2885.60,514.93,1841.10,4427.00,2731.63,753.30,1300.90,4955.00,2715.09,593.01,1449.00,4168.00
30000,10,8638764.18,3011292.99,5776578.20,13814929.10,5518872.87,10586.13,5503879.30,5536569.10,3870.59,624.58,3168.60,6445.60,3587.20,295.84,3124.00,5389.00,66170.67,1571.14,63547.20,72083.50,2723.06,636.79,1770.60,4332.90,2492.74,273.91,2061.10,3535.40,2700.03,594.69,1818.70,4144.10,2512.25,271.38,2063.80,3502.30
10,20,0.85,0.41,0.70,2.00,0.67,0.05,0.60,0.70,0.75,0.16,0.60,1.50,0.69,0.18,0.60,1.50,1.60,0.27,1.40,2.30,22.06,23.84,10.20,281.10,5.31,1.25,3.60,12.20,23.00,29.46,10.80,295.50,6.52,1.23,4.60,12.30
20,20,2.29,0.07,2.20,2.40,2.27,0.05,2.20,2.30,1.39,0.19,1.30,2.10,1.24,0.18,1.10,1.90,3.42,0.33,3.10,4.20,26.83,37.43,11.80,301.90,6.53,0.72,5.50,10.40,30.28,38.49,12.60,306.80,7.84,1.48,6.10,14.90
30,20,4.89,0.03,4.80,4.90,5.08,0.38,4.90,6.10,2.05,0.20,1.90,2.70,1.82,0.20,1.70,2.50,18.09,0.71,17.30,23.30,31.47,46.78,13.60,316.50,7.36,1.03,4.80,14.30,30.67,48.46,14.50,325.70,9.51,1.84,5.90,16.40
40,20,8.07,0.22,8.00,8.70,8.02,0.04,8.00,8.10,2.77,0.19,2.60,3.40,2.45,0.19,2.30,3.10,22.64,2.01,21.50,36.70,37.94,51.36,15.50,343.00,8.35,2.43,5.30,18.20,33.79,50.27,15.80,352.10,10.42,1.88,8.00,18.60
50,20,13.08,0.22,13.00,13.70,13.18,0.36,13.00,14.20,3.34,0.23,3.10,3.90,3.04,0.24,2.80,3.70,24.45,0.81,23.80,29.90,42.74,59.55,17.40,367.50,9.28,2.52,5.80,19.30,37.78,55.93,16.90,346.20,13.47,2.99,6.90,24.90
60,20,18.37,0.14,18.20,18.70,19.00,2.18,18.30,25.20,4.09,0.23,3.90,4.70,3.81,0.23,3.60,4.40,27.65,1.13,27.00,35.90,42.91,60.89,17.10,362.40,10.41,2.49,6.40,18.30,40.77,56.84,17.80,356.90,13.21,2.49,7.80,22.50
70,20,24.37,0.16,24.30,24.80,24.18,0.04,24.10,24.20,5.01,0.38,4.70,8.00,4.57,0.34,4.30,6.50,29.61,1.24,28.80,44.00,55.70,72.42,21.20,404.40,11.82,3.40,7.10,20.20,48.89,65.89,19.50,374.70,13.36,2.37,8.60,20.60
80,20,30.56,0.19,30.50,31.10,30.54,0.05,30.50,30.60,5.45,0.27,5.20,7.10,5.03,0.25,4.80,5.70,34.80,3.07,33.10,55.50,54.57,70.78,20.30,416.50,13.97,1.65,9.60,20.20,47.84,67.62,20.60,385.00,15.01,2.95,9.10,29.60
90,20,39.98,0.22,39.90,40.60,40.91,0.14,40.80,41.30,6.12,0.27,5.80,7.10,5.46,0.25,5.20,6.20,33.49,1.48,32.40,51.30,53.20,75.04,20.70,469.50,14.11,2.67,8.30,24.50,48.28,70.32,21.20,395.70,15.29,1.75,10.20,24.30
100,20,49.07,0.19,48.90,49.60,48.55,0.52,48.20,49.80,6.79,0.28,6.50,7.80,6.20,0.30,5.90,7.40,38.03,2.73,36.70,72.40,52.61,72.58,21.20,392.50,15.07,3.35,8.70,31.10,50.83,72.54,21.60,384.20,15.26,3.88,9.80,36.90
200,20,193.51,2.47,192.20,198.90,194.96,1.83,193.90,199.30,13.90,0.41,13.30,17.80,12.84,0.86,12.00,18.10,63.44,2.16,62.00,85.30,68.90,87.86,28.50,516.40,17.60,3.28,14.60,38.00,63.10,81.87,27.70,486.50,19.34,4.35,14.90,33.50
300,20,442.35,12.60,433.10,475.50,437.16,1.22,435.60,438.90,20.72,0.64,20.30,26.30,19.79,2.40,18.80,30.80,88.30,11.11,84.90,170.20,78.38,93.16,34.40,508.80,24.62,8.49,19.20,72.50,76.69,91.13,33.50,552.50,27.59,7.27,20.00,54.80
400,20,767.08,9.15,761.80,792.60,766.46,2.06,763.00,769.40,28.49,0.67,27.80,33.90,26.93,2.71,25.70,43.00,110.08,5.52,107.40,192.30,88.77,91.64,38.30,544.10,46.24,14.67,25.20,106.60,84.53,91.47,39.00,518.00,34.37,7.67,26.00,65.90
500,20,1209.60,14.49,1202.00,1249.10,1225.04,60.52,1202.50,1396.60,35.14,1.00,34.30,42.10,32.78,1.35,31.80,45.10,199.95,9.63,195.10,303.80,87.63,90.62,41.60,480.50,67.90,9.07,44.00,223.50,86.81,91.02,43.30,515.10,39.62,9.08,30.70,70.60
600,20,1807.37,162.32,1723.00,2134.10,1734.31,15.40,1722.10,1772.90,41.83,1.20,40.80,49.60,38.62,0.63,37.90,43.70,317.64,17.26,309.90,445.00,99.76,97.49,45.10,563.40,81.95,10.02,67.50,198.00,98.55,95.79,47.60,548.10,46.90,8.25,37.80,90.60
700,20,2325.41,6.79,2320.80,2339.90,2332.93,22.60,2316.00,2383.50,49.27,1.29,48.10,61.70,45.94,1.27,45.00,62.90,757.06,33.56,738.00,1022.60,102.19,98.40,50.00,594.10,89.06,6.74,75.70,150.90,101.23,94.69,52.30,547.70,54.07,7.77,44.40,111.80
800,20,3082.04,27.52,3064.10,3147.90,3090.90,17.76,3080.10,3138.20,56.82,5.72,55.10,100.60,52.24,1.08,51.20,71.90,818.31,28.50,800.30,970.80,119.99,105.20,53.70,631.10,88.26,8.21,74.30,138.00,110.27,99.37,56.80,573.50,63.03,9.85,54.10,159.10
900,20,3871.07,19.26,3847.90,3915.10,3898.88,17.15,3882.60,3934.00,65.41,4.74,63.30,103.90,59.31,1.02,58.30,70.80,875.55,26.38,858.80,1015.00,124.29,105.32,58.10,585.40,91.90,8.88,82.00,144.20,112.68,100.26,60.40,598.50,68.69,8.28,64.10,120.00
1000,20,4795.17,28.58,4750.40,4839.60,4798.74,26.50,4767.00,4856.30,73.05,7.55,70.50,127.00,66.95,1.26,65.80,85.10,966.30,71.25,931.90,1369.90,132.99,108.95,63.30,598.40,106.37,12.79,86.80,215.70,123.56,101.01,66.40,599.90,73.55,9.17,68.40,150.20
2000,20,20053.19,125.97,19851.20,20244.80,19145.96,274.38,18978.90,19917.00,148.54,6.68,146.00,251.20,140.87,12.83,136.40,243.60,1378.63,35.85,1355.90,1538.80,252.23,133.58,113.00,870.10,173.57,19.23,153.20,293.30,208.60,123.26,114.80,744.70,141.38,22.90,125.80,323.40
3000,20,49595.63,682.03,48712.30,51348.70,48436.68,439.20,47780.90,49494.40,234.53,13.00,229.30,358.30,227.08,21.64,219.40,357.20,1795.43,47.34,1764.10,1985.20,346.30,127.76,201.20,887.80,251.00,29.78,222.30,448.20,310.41,122.72,204.50,845.50,214.42,23.34,190.60,369.60
4000,20,91551.14,2580.43,90182.90,96794.20,88748.45,180.70,88535.10,89132.90,320.91,18.84,314.60,473.60,303.81,19.71,294.70,446.10,2524.94,55.85,2485.30,2759.60,416.00,151.30,287.70,1046.90,307.31,32.12,277.10,480.10,392.58,148.36,261.60,949.00,286.13,27.33,262.80,436.70
5000,20,139673.45,1138.66,137896.20,141281.90,139651.53,2151.29,138036.70,145456.80,438.00,89.02,412.20,1058.60,418.39,88.82,395.40,1053.80,3119.55,178.85,3011.50,3776.50,465.87,153.72,331.80,1026.20,409.63,99.74,348.70,1122.20,443.52,156.17,313.20,1034.60,384.31,90.99,331.20,1015.30
6000,20,202508.23,1507.71,201214.70,206313.50,201955.82,1875.62,200205.00,206880.50,520.79,99.36,479.30,1142.00,496.80,100.54,454.50,1102.70,3487.34,216.76,3330.70,4182.40,502.60,156.60,374.90,1036.50,471.51,124.17,405.80,1249.30,489.40,164.10,378.80,1101.20,451.55,112.92,391.70,1161.40
7000,20,275636.44,3516.03,271539.10,280326.80,274255.44,1689.89,272129.10,276797.00,625.22,105.94,582.40,1293.40,600.54,110.13,554.30,1252.80,3994.26,214.06,3812.10,4735.30,563.22,176.80,412.50,1188.10,564.89,128.27,489.30,1380.40,549.09,177.14,419.20,1225.90,533.08,126.98,464.50,1345.20
8000,20,361123.16,3076.37,356308.60,367197.80,358838.31,2565.58,354353.60,364025.10,726.07,141.89,662.70,1464.80,688.34,134.42,629.70,1429.40,4298.00,291.49,4104.80,5238.90,698.49,245.37,474.30,1569.60,634.77,157.12,546.50,1525.80,678.67,254.90,476.60,1596.70,601.16,152.13,517.80,1486.80
9000,20,460245.51,2229.65,457249.80,464052.10,455707.75,4049.76,449965.50,461897.10,822.55,161.67,746.70,1730.60,784.91,155.13,712.60,1532.50,4963.19,447.62,4594.80,7381.10,798.62,264.40,527.10,1506.80,707.96,173.82,603.80,1642.20,771.26,276.06,531.60,1541.70,676.76,186.98,572.50,1633.40
10000,20,664264.58,127265.46,567884.40,885583.30,847758.87,42733.34,750040.30,898762.40,1389.53,333.64,875.00,2665.80,1330.39,305.48,856.10,2514.10,7383.29,1284.24,5349.40,10441.20,1290.46,396.29,743.30,2628.40,1011.67,267.16,727.60,2341.60,1220.09,343.59,759.10,2264.40,979.92,274.91,706.20,2422.00
20000,20,3301261.44,197133.91,3018991.10,3677206.50,2920952.37,85507.89,2813945.30,3050659.20,2850.93,703.77,1935.60,5255.90,3017.98,776.51,1901.50,5567.80,14100.76,2257.86,10319.40,19838.00,2336.86,440.87,1565.80,3608.30,2226.36,438.93,1513.90,3556.70,2349.37,540.23,1458.20,3961.70,2168.49,478.53,1421.40,3454.90
30000,20,11950130.32,2889678.08,9198195.50,17281906.50,7990983.74,2687621.27,5373911.50,11637864.30,5807.53,1020.88,3830.00,8793.20,4150.80,550.08,3402.10,6459.20,70410.15,4662.64,64387.70,85410.10,3473.31,648.62,2203.10,5195.80,3164.56,340.24,2480.20,4470.80,3775.41,1017.28,2220.50,7492.20,3970.62,1001.10,2478.00,6976.60
10,30,0.83,0.45,0.60,2.10,2.16,3.21,1.10,11.30,0.78,0.19,0.60,1.50,1.25,0.19,1.00,2.10,4.39,0.34,4.10,5.30,40.74,29.59,25.10,355.10,7.70,2.56,4.90,19.10,44.29,25.36,28.20,335.70,7.29,2.06,5.30,20.10
20,30,3.83,0.42,3.60,5.00,3.96,0.55,3.70,5.50,2.45,0.29,1.90,3.40,2.17,0.29,1.70,3.20,6.76,2.53,3.70,23.20,44.61,39.85,27.00,383.40,7.93,2.15,5.80,19.20,46.00,47.44,29.00,464.70,8.06,1.72,6.20,16.70
30,30,4.69,0.03,4.60,4.70,7.43,0.34,6.90,7.90,2.82,0.79,2.00,5.10,3.05,0.52,1.80,5.00,24.81,6.34,16.30,35.40,54.29,56.23,30.70,477.90,8.61,1.47,6.70,16.60,42.53,47.14,28.40,422.60,10.68,2.91,5.80,18.00
40,30,7.74,0.17,7.60,8.20,7.87,0.43,7.70,9.10,3.08,0.90,2.60,6.80,2.52,0.25,2.30,3.20,20.59,1.34,19.70,32.50,45.65,52.77,28.70,385.50,9.76,2.15,6.90,18.10,46.32,56.65,30.20,455.10,10.79,1.87,8.50,17.00
50,30,12.11,0.18,12.00,12.60,11.70,0.00,11.70,11.70,3.56,0.30,3.30,5.30,3.20,0.27,3.00,3.90,23.65,0.78,23.10,28.70,55.53,70.65,31.40,544.30,10.77,2.25,7.10,17.90,51.74,62.02,32.40,475.90,13.92,2.82,7.10,23.10
60,30,17.45,0.28,17.20,18.20,16.98,0.15,16.90,17.40,4.23,0.29,4.00,5.00,3.79,0.25,3.50,4.40,30.93,7.25,26.40,51.30,52.19,63.55,31.80,444.80,12.45,2.93,7.80,20.80,53.29,59.40,33.40,455.20,14.33,2.79,8.70,30.20
70,30,23.53,0.13,23.40,23.80,23.49,0.19,23.40,24.00,4.98,0.28,4.70,5.60,4.42,0.31,4.20,7.00,32.55,4.04,30.80,56.20,56.74,68.29,33.10,466.70,13.65,3.01,7.80,26.00,68.09,75.79,36.70,559.20,14.08,2.38,9.30,27.20
80,30,30.16,0.31,29.90,30.70,30.80,0.46,30.60,32.10,6.09,1.38,5.10,9.90,4.90,0.30,4.60,5.70,33.45,1.78,32.50,54.70,60.65,72.19,34.50,424.90,14.90,2.57,10.10,30.70,64.78,78.56,36.70,548.20,14.08,1.10,12.40,20.70
90,30,37.00,0.20,36.80,37.50,37.03,0.52,36.80,38.50,6.16,0.55,5.70,9.80,5.59,0.34,5.20,6.40,34.37,5.02,32.10,62.60,77.04,93.26,40.70,661.30,14.38,2.51,11.50,32.60,61.70,76.71,36.80,495.80,15.37,1.73,13.60,23.20
100,30,45.91,0.51,45.60,47.10,45.86,0.47,45.60,47.20,6.99,0.34,6.60,10.00,6.40,0.30,6.10,7.10,37.33,1.79,36.20,58.30,64.01,77.19,36.60,512.20,16.16,2.28,11.50,24.50,65.76,77.17,38.00,487.70,16.09,2.73,10.30,23.30
200,30,185.65,1.65,184.70,189.40,185.00,2.93,183.00,189.70,13.69,0.41,13.10,17.40,12.65,0.35,12.00,15.80,66.57,2.69,64.00,95.40,86.78,93.52,47.50,629.90,24.11,2.14,16.90,38.30,82.78,91.14,48.50,602.80,21.42,4.76,15.50,38.60
300,30,413.09,7.12,409.00,432.40,655.72,53.34,629.20,792.60,25.22,6.61,20.60,43.50,26.51,5.02,19.00,36.90,107.58,28.41,86.90,209.90,108.65,109.18,59.10,713.60,31.48,12.55,20.70,82.20,88.96,92.61,54.80,601.90,29.46,5.97,20.70,55.00
400,30,743.19,13.72,734.70,781.20,745.69,14.55,737.00,786.40,28.61,2.46,27.60,46.90,26.22,0.64,25.60,31.10,111.89,11.46,107.80,207.60,110.26,100.59,62.50,605.50,53.08,17.43,27.20,201.00,106.25,98.55,62.20,649.30,47.94,11.27,28.70,125.30
500,30,1205.96,123.47,1136.90,1522.70,1505.89,304.80,1149.00,1762.90,41.63,9.54,34.70,64.40,38.78,8.44,32.30,56.00,191.38,43.14,166.60,347.40,110.02,99.68,69.50,597.60,70.47,10.88,53.40,114.70,111.74,96.63,70.80,672.60,54.88,13.82,34.50,175.90
600,30,2236.52,404.46,1648.90,2508.90,1654.67,10.08,1646.90,1678.40,50.45,11.87,41.60,73.10,46.79,10.31,38.90,86.00,696.83,54.45,676.10,1101.60,129.15,101.82,79.90,705.20,89.00,12.64,69.10,149.90,124.10,97.78,80.70,628.60,68.78,14.32,44.20,166.30
700,30,2955.65,689.92,2213.70,3834.10,2399.16,185.52,2222.80,2683.50,59.87,14.19,48.90,87.60,47.73,5.23,45.50,77.10,812.10,158.39,740.40,1499.90,157.76,128.83,96.20,782.10,100.45,18.38,76.50,197.50,142.60,110.16,92.60,739.10,78.29,11.88,47.30,169.50
800,30,3173.38,429.34,2938.50,4240.80,2941.41,68.69,2902.10,3125.40,57.14,1.91,55.80,81.50,59.43,12.05,52.40,96.40,847.75,106.30,803.30,1472.30,162.97,120.84,106.90,803.30,110.74,13.71,85.40,203.20,157.50,123.99,103.40,857.50,82.17,13.89,61.00,189.20
900,30,3714.81,21.93,3695.90,3765.30,3867.75,438.17,3656.90,5095.10,67.98,9.81,64.00,116.30,66.67,13.06,59.70,109.30,967.95,172.65,883.00,1657.30,169.28,122.94,112.70,804.90,121.16,15.39,101.00,242.20,164.10,120.62,111.20,790.80,96.34,13.24,69.20,233.40
1000,30,4763.19,245.48,4570.60,5185.50,5345.65,1340.25,4574.40,8309.40,90.14,26.14,71.00,173.50,69.13,8.80,66.10,120.90,1011.35,175.77,925.80,1721.20,172.91,114.24,111.60,754.40,120.74,9.73,105.00,260.20,160.02,108.12,106.90,712.00,90.10,17.60,71.90,197.90
2000,30,20181.06,1971.87,18858.30,24741.30,18825.83,1326.52,17982.90,22170.10,163.50,31.15,147.90,275.70,148.77,24.74,138.30,263.60,1445.69,201.61,1364.50,2354.60,308.40,127.23,198.80,839.70,196.68,27.74,166.60,427.50,283.89,128.33,189.40,830.00,161.84,26.05,133.70,371.40
3000,30,47781.80,1984.64,45998.80,51521.90,46036.35,642.70,45704.10,47656.80,237.98,25.02,230.00,369.50,222.73,17.79,216.80,352.10,1845.77,222.71,1757.30,3024.10,384.05,133.53,270.20,958.30,277.44,40.45,230.90,548.40,361.65,139.37,232.20,981.80,230.21,30.08,204.40,458.80
4000,30,89581.64,7522.64,84126.00,108370.70,85202.70,5625.73,82169.90,100497.80,331.71,39.03,317.50,567.30,321.89,46.94,301.20,474.00,2578.62,209.80,2483.50,3805.50,477.21,156.40,324.70,1120.00,350.01,48.03,295.50,593.20,486.95,169.93,317.60,1176.10,327.31,46.87,285.50,607.00
5000,30,148104.68,13662.57,131505.20,171135.70,135991.55,4290.87,130485.10,145490.70,455.02,102.47,405.80,1068.40,428.76,93.05,399.40,1057.20,3153.05,328.13,2975.20,4930.90,544.89,154.62,368.30,1178.80,436.28,121.51,365.50,1230.80,532.31,160.36,358.50,1181.90,420.81,112.96,350.40,1177.10
6000,30,197547.23,7829.53,189857.00,212002.20,195066.34,5525.81,189924.80,204567.00,535.69,115.32,482.00,1189.20,525.91,125.61,460.60,1200.00,3517.67,305.53,3306.10,5560.10,619.48,163.65,416.40,1292.00,508.59,137.21,428.90,1345.30,604.88,170.34,402.00,1247.10,486.76,133.65,408.10,1291.60
7000,30,266553.35,7264.87,258609.10,283821.40,274261.62,13840.16,260214.90,296895.60,675.78,150.78,585.50,1380.40,638.24,136.62,559.00,1382.10,4114.14,387.72,3804.50,6419.70,719.26,179.80,471.20,1345.40,595.93,119.41,496.90,1158.50,674.49,187.54,449.30,1315.40,558.87,99.79,480.30,1047.50
8000,30,364227.51,22571.29,344522.10,422892.20,354250.11,19544.44,334697.90,392818.50,748.27,159.13,668.70,1563.30,732.32,164.64,637.00,1487.80,4479.58,480.25,4116.70,7140.90,861.97,294.08,529.90,2112.40,667.19,179.14,556.20,1650.30,817.55,252.85,512.20,1488.10,654.20,173.03,540.70,1628.90
9000,30,443733.54,8119.66,431943.60,453148.90,435482.85,6511.20,428900.80,448817.10,844.90,178.07,753.50,1636.70,816.90,180.90,718.00,1680.70,4957.51,524.89,4581.30,7720.40,970.27,262.15,624.50,1783.80,745.28,203.94,621.90,1771.40,922.26,278.09,583.20,1695.90,736.23,203.55,604.00,1691.20
10000,30,546463.89,7843.74,534935.30,556130.90,546336.88,10370.02,533974.80,565254.00,968.93,195.18,861.00,1800.20,918.46,177.94,823.80,1775.80,5450.94,556.50,5048.20,8524.50,1080.09,323.88,667.90,2140.20,824.70,213.23,693.70,1867.10,1010.88,283.76,640.70,1913.60,794.39,198.83,681.50,1817.90
20000,30,2228845.96,24879.19,2185519.50,2254022.10,2237969.83,16658.12,2223523.90,2276149.00,2172.69,431.24,1838.00,3838.20,2144.37,429.99,1813.50,3757.50,10581.89,859.37,9723.60,15853.00,2033.95,420.11,1330.70,3313.20,1593.84,181.29,1390.90,2299.00,1939.12,408.78,1312.90,3009.80,1525.81,211.40,1349.30,2305.10
30000,30,6523690.41,164443.67,6364025.70,6966045.60,5456833.20,105473.68,5290906.90,5594699.00,3455.58,292.20,3144.20,4971.30,3279.08,216.28,3064.10,4459.70,66381.03,3089.49,62448.40,77898.80,3726.07,1390.64,1943.50,15800.60,2640.74,226.09,2404.20,3531.90,3755.56,1528.65,2190.00,17270.30,3004.04,401.17,2371.80,4279.90
10,40,0.78,0.36,0.60,1.80,0.68,0.04,0.60,0.70,0.79,0.17,0.70,1.50,0.69,0.16,0.60,1.40,1.81,0.28,1.60,2.60,35.26,23.60,24.70,319.40,6.16,1.15,4.90,14.30,38.26,29.54,24.90,354.90,6.86,1.87,5.10,20.60
20,40,2.36,0.05,2.30,2.40,4.32,0.06,4.20,4.40,1.44,0.20,1.30,2.20,1.33,0.23,1.20,2.30,2.77,0.34,2.40,3.60,43.73,42.99,27.20,427.60,7.70,1.85,5.90,18.90,42.93,42.04,28.10,397.70,7.86,1.13,6.40,15.90
30,40,4.67,0.30,4.50,5.50,4.69,0.43,4.50,5.90,3.00,0.86,2.00,4.70,2.02,0.26,1.80,3.10,18.69,0.77,17.90,23.80,47.78,55.66,28.90,478.40,8.77,2.16,6.90,25.70,50.87,51.79,30.60,480.40,9.82,1.98,7.70,21.60
40,40,9.38,2.10,7.80,13.70,7.79,0.03,7.70,7.80,3.35,0.94,2.60,5.70,3.26,0.90,2.40,5.10,22.78,3.81,20.80,39.20,54.47,68.89,31.40,512.70,10.74,2.00,8.10,21.30,53.23,67.17,32.10,531.00,10.96,2.35,8.70,30.20
50,40,12.53,2.36,11.60,19.20,20.54,1.06,19.60,23.00,3.85,0.54,3.40,6.10,3.46,0.63,3.00,6.10,25.88,4.63,23.90,45.20,58.68,75.54,33.50,553.80,12.23,2.49,8.80,23.80,57.90,71.82,34.40,548.60,12.03,2.03,9.70,21.80
60,40,16.77,0.19,16.60,17.30,17.21,0.22,17.10,17.80,4.34,0.28,4.10,5.20,4.23,1.01,3.60,9.00,30.02,6.02,27.50,54.80,63.63,86.19,34.80,634.20,13.02,3.44,9.10,49.80,63.44,78.90,35.30,616.80,13.41,2.68,9.10,39.60
70,40,22.84,1.38,22.10,26.70,22.40,0.56,22.20,24.00,5.45,1.30,4.60,9.10,4.60,0.65,4.20,9.90,36.10,9.06,30.50,60.30,66.46,83.87,36.40,584.10,14.38,3.40,10.20,39.10,65.77,77.21,35.30,569.30,15.09,3.60,10.30,50.90
80,40,32.12,6.82,29.10,50.30,29.67,1.33,29.00,33.40,6.04,0.94,5.50,10.10,5.15,0.32,4.80,6.10,41.72,9.87,36.30,66.70,63.60,73.01,35.40,522.20,14.42,4.28,9.40,48.20,66.35,77.38,36.00,538.70,15.24,2.61,9.50,27.40
90,40,36.33,0.53,36.00,37.60,38.20,1.78,36.70,41.10,6.27,0.55,5.80,10.40,5.93,0.76,5.30,8.90,33.13,4.09,31.40,57.50,74.78,94.59,37.10,618.00,15.12,3.03,9.30,36.20,67.72,75.46,37.40,515.20,15.63,3.36,9.90,45.90
100,40,53.08,15.00,42.80,89.80,43.54,1.38,42.90,47.40,7.02,0.33,6.60,7.80,6.51,0.60,6.00,10.10,36.93,2.55,35.00,52.50,71.46,85.97,36.80,549.40,16.38,4.71,10.50,43.30,69.36,76.46,39.30,504.50,16.41,3.42,10.60,43.60
200,40,278.11,46.74,200.50,320.30,175.99,1.05,175.30,178.80,15.32,2.75,13.70,24.50,14.12,2.54,12.40,21.80,64.58,6.10,61.20,113.70,103.47,109.41,50.50,676.30,25.46,8.59,16.30,74.00,89.17,95.23,50.20,586.70,23.38,6.67,16.20,59.00
300,40,417.82,23.21,399.30,471.90,446.89,68.83,398.00,593.00,20.86,1.12,20.20,29.70,19.40,1.49,18.80,32.00,97.30,22.44,85.50,226.30,106.49,106.75,56.30,690.30,49.71,18.50,21.40,88.60,96.68,96.78,55.70,578.80,32.84,8.09,21.50,62.70
400,40,696.70,4.14,690.50,704.20,731.35,43.14,692.30,826.80,29.36,2.22,27.80,61.70,26.26,0.85,25.50,37.10,126.20,27.85,112.20,212.90,118.69,105.65,66.40,675.60,67.97,13.56,34.60,168.60,108.95,97.44,64.10,592.90,47.76,12.97,28.50,159.20
500,40,1182.33,151.03,1086.20,1538.10,1192.58,265.22,1094.30,1939.70,36.73,3.64,34.60,56.60,32.75,0.98,31.80,41.40,206.30,30.16,192.90,354.00,128.23,107.87,74.10,770.50,81.51,17.14,56.10,262.10,116.00,99.68,70.90,627.10,49.28,11.33,35.40,165.70
600,40,1592.59,52.54,1558.50,1696.00,1570.26,14.43,1560.80,1601.80,44.81,3.03,42.70,69.50,41.54,4.46,39.60,64.50,521.66,28.87,509.30,820.10,132.25,107.99,80.00,676.10,85.33,12.03,71.20,173.30,121.89,96.79,78.40,657.30,57.06,15.17,42.30,137.30
700,40,2175.01,52.16,2134.80,2295.30,2226.20,102.18,2124.80,2419.60,49.75,1.37,48.60,67.00,47.65,4.26,45.40,85.20,762.99,64.20,731.80,1191.40,145.72,103.14,89.40,712.20,91.61,13.36,77.60,201.90,132.15,99.02,84.70,675.40,69.23,16.11,48.20,179.60
800,40,3025.19,329.95,2754.10,3801.10,2817.11,108.33,2753.10,3109.80,61.54,11.03,55.60,97.70,54.03,4.89,51.80,160.20,844.47,43.79,817.30,1202.20,158.16,109.65,73.30,669.90,104.22,13.97,86.50,247.30,149.68,106.35,95.40,702.60,73.53,12.48,57.70,170.00
900,40,3524.85,164.43,3420.50,3879.50,3619.57,142.19,3482.00,3855.70,67.57,3.47,65.80,116.10,63.70,4.55,61.40,95.80,895.07,62.65,867.00,1394.30,182.93,114.98,106.60,797.00,116.24,13.56,100.90,232.60,155.29,108.88,99.90,728.90,82.31,14.16,68.80,166.40
1000,40,4332.19,19.06,4315.40,4377.60,4387.56,204.06,4314.20,4968.10,73.05,2.45,71.40,109.40,70.78,8.99,66.80,115.50,942.19,70.43,916.10,1478.50,189.84,114.03,115.50,769.20,128.92,12.73,109.60,258.30,164.70,101.64,110.60,674.70,88.79,15.78,74.00,231.50
2000,40,19391.02,2970.93,17717.80,27204.40,18231.04,2009.96,16878.60,22837.60,155.48,17.74,148.30,286.80,143.06,10.02,139.20,260.30,1446.68,163.67,1383.90,2256.00,317.06,122.61,214.00,824.50,205.50,28.20,167.70,387.00,287.18,121.40,187.50,809.40,164.39,22.08,137.60,331.00
3000,40,47783.82,7965.77,42108.60,66101.20,43149.55,937.39,42388.50,45387.20,246.21,37.31,231.00,411.70,225.38,19.54,217.80,356.50,1819.85,110.91,1760.10,2759.00,397.53,134.51,277.50,1020.40,274.81,38.45,234.00,514.60,372.45,131.73,260.50,954.50,238.69,29.12,208.50,420.60
4000,40,81122.95,2028.47,79199.10,86501.40,80528.62,2530.05,77821.70,84474.10,327.07,25.57,317.00,497.70,313.42,34.20,298.70,492.50,2580.03,156.66,2499.60,3868.20,482.39,151.94,330.00,1052.80,339.21,48.03,295.90,640.40,458.42,160.30,317.20,1141.10,305.29,34.45,283.00,553.70
5000,40,124596.74,1660.71,121298.70,126661.60,125929.71,2956.36,122580.30,130938.90,451.16,98.72,405.80,1054.30,424.62,84.66,398.80,1039.70,3206.37,317.09,3023.40,4817.50,533.30,153.20,361.00,1055.70,441.58,109.38,366.40,1072.80,515.67,154.60,359.50,1142.80,403.70,95.40,350.10,1137.00
6000,40,181558.01,1761.15,179264.00,184410.90,188128.78,9320.96,179891.80,207669.80,537.21,108.10,483.30,1171.50,518.33,109.37,461.00,1132.40,3499.18,264.69,3317.30,5213.30,610.05,175.06,401.10,1242.70,523.59,129.29,432.80,1224.40,589.12,181.27,403.60,1274.50,492.75,110.52,415.50,1127.70
7000,40,245008.02,3067.09,240497.90,250858.10,247854.02,5408.40,242120.80,257742.30,639.04,108.81,580.20,1332.10,619.80,112.26,556.50,1288.90,4098.28,346.03,3813.40,6161.80,673.76,185.46,448.10,1347.10,611.70,145.68,508.00,1359.80,678.14,192.02,452.70,1360.70,574.72,131.18,487.20,1284.10
8000,40,327796.68,6335.29,321194.50,342382.10,326635.68,6187.48,319510.40,338195.50,745.46,146.18,664.30,1509.80,715.95,140.44,638.70,1453.20,4467.61,365.82,4133.70,6624.60,872.46,279.80,542.60,1947.50,667.29,125.31,568.70,1299.10,850.82,279.07,523.60,1714.80,675.78,152.90,551.10,1430.40
9000,40,420406.29,12877.39,404194.80,443834.50,429256.77,32033.27,402765.90,512705.10,846.00,166.90,746.90,1624.10,816.97,179.12,716.30,1544.30,5185.95,801.42,4598.30,8420.90,1075.95,280.66,767.00,2017.20,838.67,213.90,652.50,1962.00,996.40,278.36,638.20,1769.90,731.44,192.68,615.40,1889.90
10000,40,532181.82,29707.44,510792.80,607210.20,534007.74,8952.94,514673.90,546180.30,1002.74,213.67,859.30,1969.30,964.70,198.46,828.00,1887.10,5480.28,456.95,5046.10,7126.50,1096.07,340.41,655.60,2150.20,900.81,211.31,708.40,1808.00,1052.52,333.02,654.50,2115.80,869.10,167.31,699.40,1522.40
20000,40,2107668.41,25326.56,2056821.20,2137798.20,2034895.49,7989.61,2026056.90,2049338.10,2070.46,373.30,1820.90,3442.00,2002.25,362.46,1760.90,3275.20,9955.72,347.08,9516.60,11246.10,1651.29,429.45,1118.60,2728.00,1499.62,164.93,1365.60,2184.20,1655.07,436.60,1148.20,2737.70,1469.21,168.31,1347.00,2144.40
30000,40,5000365.78,340473.64,4596251.60,5295428.60,4644069.37,17212.70,4617865.40,4669298.50,3311.18,257.94,2966.60,4423.40,3135.38,201.61,2891.20,4013.10,62787.82,1643.72,60617.20,74075.20,3089.72,1216.90,1834.20,13776.80,2772.24,288.49,2288.70,3778.90,3056.63,1431.01,1870.90,14275.40,2690.06,307.78,2203.10,3920.70
10,50,0.82,0.38,0.70,1.90,0.70,0.00,0.70,0.70,0.87,0.23,0.70,2.60,0.73,0.17,0.60,1.50,1.87,0.32,1.60,3.10,21.30,23.26,10.30,270.60,5.26,1.37,3.60,12.70,21.49,23.84,11.40,294.70,6.67,1.37,5.20,15.30
20,50,1.90,0.00,1.90,1.90,1.91,0.03,1.90,2.00,1.82,0.58,1.40,6.30,1.31,0.19,1.20,2.00,3.68,0.36,3.30,6.80,30.98,39.82,12.50,326.10,7.28,1.74,5.60,16.80,31.88,36.54,13.40,314.00,8.46,1.79,6.30,17.50
30,50,4.08,0.15,4.00,4.50,4.04,0.05,4.00,4.10,2.37,0.35,2.10,4.00,2.05,0.26,1.80,3.00,18.50,0.99,17.70,24.90,31.19,42.79,13.50,335.80,8.83,2.96,5.10,20.00,32.16,45.17,14.50,320.30,10.09,1.78,7.80,18.50
40,50,7.60,0.18,7.50,8.10,7.56,0.37,7.40,8.60,2.93,0.22,2.70,4.80,2.54,0.22,2.30,3.10,22.11,3.48,20.40,38.50,38.52,52.67,16.50,358.60,9.37,2.46,5.80,18.10,43.61,54.31,16.90,467.90,12.62,2.90,7.30,24.40
50,50,11.25,0.28,11.10,12.00,11.19,0.13,11.10,11.50,3.66,0.42,3.40,7.00,3.21,0.24,3.00,3.90,22.80,1.04,21.80,27.80,41.02,59.97,17.00,354.20,10.57,1.88,6.80,19.50,41.72,58.36,17.80,356.90,13.30,2.53,8.20,22.60
60,50,15.20,0.13,15.10,15.50,14.97,0.33,14.80,15.90,4.33,0.48,4.00,7.30,3.82,0.25,3.60,4.60,27.80,1.81,26.80,43.80,46.23,65.55,18.80,379.70,12.40,3.11,7.20,22.70,44.03,61.73,19.30,376.70,13.56,2.37,8.30,23.00
70,50,20.79,0.28,20.50,21.40,20.59,0.19,20.50,21.10,5.38,0.60,5.00,8.80,4.69,0.27,4.40,7.90,29.32,1.78,28.20,46.40,47.91,67.78,20.10,393.40,13.95,2.40,8.60,25.10,49.76,69.29,20.60,446.20,14.76,2.70,9.00,26.20
80,50,26.92,0.23,26.80,27.40,27.51,0.21,27.40,28.10,5.94,0.57,5.50,10.20,5.34,0.49,4.90,8.80,34.92,1.37,33.70,42.20,54.10,70.92,22.00,463.90,14.22,3.01,9.20,25.90,52.29,67.49,21.60,390.90,14.85,2.72,9.70,29.10
90,50,35.55,1.26,34.90,39.10,35.27,1.82,34.60,40.40,6.47,0.43,6.10,11.40,5.85,0.38,5.50,10.50,33.79,1.64,32.60,42.40,55.72,73.87,22.30,405.20,14.99,3.22,9.60,26.80,58.86,72.94,23.20,425.50,15.19,4.17,9.80,29.50
100,50,43.90,1.86,43.10,49.00,44.06,2.24,43.10,50.40,7.24,0.43,6.90,12.30,6.46,0.39,6.10,10.60,39.73,4.66,37.60,68.50,54.22,74.42,23.30,399.70,14.89,4.08,10.00,35.20,52.32,73.35,23.10,408.70,15.68,3.54,10.30,30.70
200,50,167.62,1.78,166.20,170.60,169.53,4.17,166.70,179.90,14.15,0.65,13.50,18.90,12.96,0.53,12.40,17.40,64.74,5.05,62.30,135.90,71.07,91.55,31.10,525.00,20.29,5.34,15.80,57.70,71.48,84.71,31.40,525.40,20.55,4.32,16.00,38.00
300,50,370.42,5.16,365.30,383.20,407.18,59.40,374.70,563.80,21.53,1.08,20.70,28.90,19.58,0.80,19.00,24.70,88.81,5.03,86.10,168.70,88.93,95.47,37.40,558.20,44.50,14.15,21.90,79.70,80.21,91.11,36.40,579.10,29.43,8.80,21.90,60.60
400,50,659.08,1.88,657.00,662.50,662.29,8.56,652.90,680.60,28.14,1.01,27.30,33.80,25.92,0.87,25.10,32.20,115.99,6.58,112.80,207.10,95.58,99.42,42.10,531.30,63.08,11.89,43.30,197.60,86.00,92.80,42.70,557.40,36.37,8.50,27.50,93.50
500,50,1038.83,74.66,1013.40,1251.30,1025.43,13.82,1008.30,1056.30,36.57,1.28,35.50,46.00,33.49,1.46,32.40,45.90,162.93,8.63,157.90,251.40,105.68,97.64,46.20,567.70,80.63,10.97,60.30,216.20,94.81,91.98,47.50,551.70,43.05,6.87,35.70,149.30
600,50,1466.38,16.05,1436.10,1492.70,1478.87,17.36,1470.00,1527.90,43.75,2.74,42.30,100.50,40.24,1.14,39.30,48.00,274.55,15.68,266.00,399.40,116.06,97.37,54.00,555.40,88.03,7.98,74.60,156.70,113.01,100.07,55.20,643.70,51.92,8.09,42.70,132.30
700,50,2056.74,134.27,1962.20,2386.60,2005.05,20.16,1994.20,2060.10,50.69,1.81,49.20,65.90,47.12,3.64,45.40,81.70,772.19,25.73,752.70,906.20,137.98,105.29,59.40,597.80,95.30,8.29,78.20,155.90,115.64,98.10,58.60,592.60,61.00,10.39,49.70,175.80
800,50,2632.36,81.48,2597.00,2854.70,2617.17,13.83,2607.20,2644.80,59.20,8.94,55.80,117.00,53.91,2.08,52.40,76.40,820.56,24.82,804.50,961.70,166.47,111.15,66.50,667.80,95.14,12.74,80.80,202.40,127.95,101.63,65.90,607.30,71.62,13.66,61.10,213.90
900,50,3290.67,12.18,3277.30,3321.00,3249.97,39.57,3205.00,3315.00,65.76,2.14,64.00,84.10,61.43,2.28,59.80,83.00,893.88,30.61,878.10,1186.30,172.29,108.64,69.90,644.40,104.72,13.18,89.00,193.30,134.63,101.11,70.70,611.10,73.66,11.31,68.00,187.20
1000,50,4045.00,69.14,3958.50,4222.80,4059.59,17.51,4016.10,4085.10,73.04,6.04,70.60,135.50,69.27,7.78,66.00,118.80,945.00,28.83,925.20,1085.90,198.94,113.89,77.80,705.40,116.87,14.29,95.60,230.20,152.89,105.03,76.30,652.50,82.80,14.66,73.40,188.40
2000,50,16698.06,25.89,16662.60,16759.00,16277.85,311.35,15998.90,16988.20,152.18,11.62,147.70,258.50,142.11,7.70,139.10,237.90,1412.92,54.83,1382.00,1682.40,324.02,122.62,217.80,850.60,196.01,24.69,168.20,344.00,286.02,119.72,185.00,829.90,153.78,22.10,135.90,305.60
3000,50,41515.69,1866.61,40452.50,46695.80,39474.66,271.28,39204.20,40011.60,238.50,14.21,231.00,356.40,224.01,14.54,217.60,342.70,1841.57,46.33,1809.20,2083.60,371.35,131.06,258.70,981.00,276.91,37.15,234.10,482.50,353.14,127.67,254.90,961.70,233.02,25.91,208.70,405.40
4000,50,74408.53,649.98,73516.30,75287.70,73560.23,568.76,72498.30,74312.90,327.89,21.36,317.00,492.50,310.69,22.13,300.80,449.10,2539.19,59.72,2488.80,2774.80,450.91,145.55,323.90,964.50,333.57,39.75,299.30,501.90,428.30,151.28,316.60,1085.10,311.71,34.94,282.20,538.40
5000,50,117350.27,2452.90,115235.40,123059.10,116462.24,998.77,114329.30,117539.90,446.67,89.03,405.20,1061.40,435.44,106.85,405.10,1095.10,3164.94,347.10,2965.20,4887.70,595.03,165.98,387.30,1229.80,438.55,98.30,378.50,940.60,507.15,174.66,361.90,1159.40,401.55,78.52,355.80,859.40
6000,50,166587.79,1474.36,164860.10,168804.10,169112.24,658.54,168165.50,170522.10,513.56,79.41,489.10,995.50,485.01,74.26,464.40,968.80,3425.44,188.66,3308.90,4079.20,539.95,175.56,400.10,1182.60,502.49,101.96,439.60,1028.30,529.37,176.20,404.40,1177.70,472.52,90.13,426.00,980.20
7000,50,232626.94,871.31,231966.00,234572.00,228460.78,2156.50,225016.20,232515.70,614.75,87.34,589.40,1137.20,584.92,81.81,561.50,1107.30,3928.34,175.10,3801.90,4518.50,600.80,186.20,466.30,1275.10,588.19,106.75,515.00,1178.90,599.54,191.00,454.70,1316.70,549.06,95.97,495.80,1077.10
8000,50,302373.31,3499.01,298909.90,310262.30,298051.37,3072.21,294454.80,304614.50,705.54,104.59,669.70,1263.90,671.16,96.91,644.50,1225.10,4262.44,219.42,4115.00,4979.30,732.22,260.35,509.30,1434.40,652.31,132.01,576.30,1280.80,735.13,270.49,518.20,1425.40,612.06,111.30,556.80,1240.30
9000,50,380716.15,2606.36,376594.40,384542.10,377534.67,2400.63,373769.60,380733.80,805.93,134.97,762.40,1406.00,773.21,125.52,731.60,1394.10,4808.36,325.20,4591.20,5719.70,864.23,310.37,572.70,1771.50,738.16,157.76,644.50,1438.90,847.71,304.81,579.70,1745.50,691.07,136.99,621.50,1375.60
10000,50,472347.62,4171.93,464558.80,478821.80,467828.33,1460.86,464368.70,469383.30,911.27,135.26,866.90,1577.40,881.63,135.37,834.30,1550.20,5281.85,273.30,5055.20,6014.80,933.36,315.02,611.70,2133.10,830.90,179.68,715.00,1628.30,913.06,309.67,625.50,1670.60,784.24,158.27,698.50,1554.40
20000,50,1905201.06,8260.02,1895468.50,1917658.50,1912265.77,6987.92,1901710.40,1924672.80,2081.38,442.86,1836.20,3466.10,2015.27,470.71,1780.10,3348.20,10019.36,327.25,9540.80,11322.80,1780.55,546.69,1169.90,3796.80,1609.00,163.39,1436.40,2210.80,1800.23,566.52,1192.60,3939.10,1609.88,230.54,1392.10,2424.80
30000,50,5121963.91,106575.01,5073472.70,5422382.70,4346074.68,30449.50,4319993.50,4425527.50,3317.38,329.15,2945.30,4850.40,3249.82,339.30,2878.90,4717.60,62263.55,1065.04,60778.30,66462.80,3195.40,1896.79,1861.80,18571.10,2509.98,274.54,2213.40,3397.30,3162.23,2015.11,1896.00,18663.70,2493.02,301.93,2186.40,3536.90
10,60,0.75,0.41,0.60,1.90,0.62,0.04,0.60,0.70,0.84,0.18,0.70,1.60,0.77,0.18,0.70,1.50,2.01,0.29,1.80,2.70,28.20,28.93,10.80,317.90,6.73,1.70,5.10,15.40,24.42,22.49,11.20,280.80,6.33,1.01,4.10,11.10
20,60,2.04,0.13,2.00,2.40,2.12,0.31,2.00,3.00,1.58,0.15,1.40,2.10,1.38,0.14,1.30,1.90,2.85,0.37,2.50,5.70,26.55,37.27,12.50,311.00,7.00,1.42,4.50,14.70,26.50,38.08,13.20,316.20,8.18,1.25,6.70,13.10
30,60,3.98,0.15,3.90,4.40,3.97,0.19,3.90,4.50,2.23,0.20,2.00,2.80,1.94,0.23,1.80,2.50,17.31,0.62,16.60,21.60,32.96,45.41,14.90,327.40,9.49,2.62,6.80,20.50,30.16,43.49,15.00,330.60,9.73,1.68,7.80,17.00
40,60,7.32,0.20,7.20,7.70,7.38,0.43,7.20,8.60,2.96,0.20,2.80,3.50,2.67,0.22,2.50,3.30,22.33,0.80,21.50,27.50,37.12,51.81,16.60,340.60,11.89,3.56,8.00,23.10,36.17,50.49,16.80,350.90,11.51,2.44,7.10,19.10
50,60,10.65,0.18,10.50,11.10,10.86,0.34,10.70,11.80,3.64,0.23,3.40,4.30,3.29,0.20,3.10,3.80,22.65,1.23,21.60,34.80,45.31,59.75,17.40,481.00,12.14,2.10,9.00,21.90,41.61,60.57,17.70,359.80,12.52,1.41,10.20,20.60
60,60,14.91,0.20,14.70,15.30,15.55,0.39,15.20,16.40,4.28,0.24,4.00,5.10,3.79,0.22,3.50,4.30,28.62,2.52,27.40,47.80,43.74,62.92,18.90,369.30,12.53,3.10,7.20,23.80,42.35,60.91,19.30,365.50,14.44,2.44,8.70,24.10
70,60,20.21,0.22,20.00,20.70,20.14,0.22,20.00,20.60,5.13,0.29,4.80,7.70,4.58,0.24,4.30,5.20,30.33,1.00,29.40,36.70,47.33,68.16,20.50,431.80,14.88,2.49,9.70,25.30,48.08,65.99,20.20,381.60,13.87,1.77,9.10,20.60
80,60,26.29,0.17,26.20,26.60,27.30,1.27,26.80,30.90,5.79,0.25,5.50,6.40,5.33,0.67,4.90,9.80,33.27,1.61,32.00,46.10,50.35,70.89,21.40,443.50,12.66,3.27,9.10,35.20,49.08,65.24,21.40,388.10,14.82,2.79,9.40,22.50
90,60,33.28,0.23,33.10,33.90,32.89,0.34,32.70,33.80,6.44,0.26,6.10,7.20,5.80,0.31,5.40,7.70,34.47,1.14,33.50,42.30,54.21,77.46,22.60,464.30,13.59,3.25,9.90,23.40,52.72,73.81,22.50,397.20,13.72,2.63,9.80,21.50
100,60,39.89,0.20,39.70,40.30,40.74,1.41,40.10,44.70,7.61,0.26,7.30,8.40,6.82,0.35,6.40,10.20,40.08,1.78,39.00,66.50,54.75,76.42,23.50,436.50,14.65,2.57,10.40,22.90,58.02,73.13,24.00,430.30,15.17,3.40,10.80,27.00
200,60,156.55,1.44,155.80,160.60,159.72,2.12,158.70,165.60,14.04,0.57,13.40,21.30,12.80,0.39,12.20,16.60,65.38,2.07,63.90,89.80,74.13,89.27,32.40,491.60,21.69,5.42,16.10,53.70,70.90,84.52,31.00,492.00,23.05,5.56,16.20,44.50
300,60,351.75,9.77,345.60,377.70,349.48,2.03,347.60,353.20,21.35,0.82,20.70,29.60,20.56,4.05,18.80,36.10,93.59,7.08,91.10,218.30,86.43,93.41,38.30,520.40,52.54,12.44,23.00,91.70,75.16,85.73,36.70,519.40,28.59,5.76,22.20,68.10
400,60,610.53,15.51,602.10,653.90,612.60,1.57,611.00,616.50,28.98,0.74,28.20,34.00,26.61,0.44,26.00,29.30,115.61,6.87,112.80,203.80,94.64,96.14,43.40,583.70,68.62,12.43,50.40,213.70,88.31,90.98,43.40,549.60,36.24,6.88,28.60,64.20
500,60,962.65,4.35,960.10,974.80,962.65,4.81,960.40,976.30,36.83,0.84,36.00,42.40,33.92,0.76,33.20,38.80,162.22,15.75,157.00,291.50,107.24,97.10,47.30,571.10,83.36,14.08,61.30,231.50,97.01,92.53,48.40,526.90,44.48,8.62,37.30,168.30
600,60,1331.68,6.36,1326.20,1347.60,1361.30,30.81,1340.80,1416.80,44.53,0.94,43.60,52.30,41.92,4.54,40.10,65.30,318.85,12.30,312.30,429.00,115.67,95.73,53.30,547.50,83.61,9.53,73.80,190.20,104.82,92.15,54.80,562.80,53.30,9.45,44.60,152.90
700,60,1903.49,99.90,1851.20,2178.10,1872.11,7.85,1865.00,1890.20,50.42,2.32,48.90,72.50,46.37,2.06,45.30,71.70,762.70,20.55,750.60,886.80,147.17,107.25,60.40,616.70,85.83,11.18,77.10,201.70,121.13,101.24,60.80,554.60,61.27,9.26,51.40,171.40
800,60,2469.22,7.22,2462.80,2487.10,2516.89,115.66,2474.10,2845.50,58.18,1.84,56.90,92.60,54.03,1.12,53.00,65.00,826.07,26.99,808.40,983.80,177.22,109.28,67.50,691.00,91.14,10.01,82.10,201.10,127.07,101.84,66.20,591.90,69.66,11.28,64.10,172.50
900,60,3143.35,24.91,3126.20,3192.80,3140.25,11.54,3119.00,3166.10,67.47,2.26,66.00,109.30,63.26,2.69,61.80,107.60,879.13,25.88,865.40,1032.30,204.69,108.93,74.80,694.20,112.85,16.55,91.30,231.20,160.34,103.42,74.80,609.20,74.79,11.43,70.10,192.00
1000,60,3779.21,13.49,3768.90,3809.00,3793.70,12.21,3780.70,3817.40,74.58,6.17,72.50,156.90,69.41,2.78,67.80,121.20,938.50,33.22,918.10,1134.70,229.47,101.03,86.00,693.10,117.15,12.25,94.80,234.20,190.03,108.86,81.80,704.80,81.87,13.34,75.80,199.40
2000,60,15675.48,414.51,15369.60,16704.80,15095.65,336.85,14852.40,15964.20,152.72,10.15,149.00,253.70,142.55,8.61,139.70,242.40,1393.41,37.41,1369.80,1554.00,328.28,117.47,218.10,896.10,194.41,25.58,172.00,344.90,298.40,119.20,210.40,862.40,159.07,25.92,139.60,335.80
3000,60,38288.42,487.25,37681.50,39112.30,37085.61,75.69,36963.50,37268.80,239.35,15.72,233.20,378.40,225.82,18.73,219.40,359.40,1801.02,49.34,1772.70,2245.70,383.33,128.58,270.90,966.90,276.63,37.52,238.00,489.60,345.24,127.01,259.40,943.40,244.94,34.95,211.30,443.30
4000,60,68341.34,366.86,67862.70,68863.60,68232.24,127.14,68123.20,68560.30,328.66,17.53,322.00,449.70,311.76,18.57,303.90,438.60,2518.31,64.40,2479.50,2907.30,453.94,168.60,324.80,998.60,341.93,45.04,305.40,542.60,427.87,162.27,317.80,999.20,321.63,45.46,290.80,625.40
5000,60,108686.63,146.75,108399.10,108918.40,107653.05,1341.65,105902.10,110507.00,446.60,83.34,414.60,1065.60,437.55,94.45,406.50,1013.50,3126.68,178.86,3012.50,3788.10,498.92,164.45,366.10,1043.60,455.09,102.17,380.60,1085.40,484.36,163.35,369.10,1027.20,427.98,98.17,366.50,1002.70
6000,60,158937.53,2019.28,157819.10,164581.40,156933.87,910.08,155435.50,158688.20,543.44,101.99,497.50,1177.30,514.39,99.72,469.80,1136.20,3453.19,206.37,3320.70,4151.30,550.81,174.56,414.80,1168.70,542.99,127.11,452.20,1223.80,539.46,173.83,412.90,1213.70,509.11,114.31,436.30,1139.80
7000,60,213123.98,1359.16,211362.80,215917.60,211397.02,840.27,209590.70,212775.70,651.78,106.09,595.30,1267.40,626.87,102.86,572.40,1228.10,4048.18,210.40,3840.30,4949.80,653.33,199.16,481.10,1365.60,615.48,130.11,535.10,1376.10,618.88,196.58,469.60,1312.00,585.46,116.74,512.10,1320.80
8000,60,280408.34,2634.95,276257.80,283244.30,280645.00,2911.83,276499.90,286051.60,750.47,135.44,683.30,1476.10,717.25,132.96,651.50,1439.90,4381.80,246.58,4104.40,5297.30,756.04,247.07,520.90,1423.00,709.43,159.40,605.00,1433.50,750.19,247.61,531.80,1423.60,670.65,148.32,578.60,1437.90
9000,60,354361.13,2811.27,350644.60,359156.30,358005.78,2071.12,353465.50,361052.70,847.80,155.59,772.00,1677.70,814.92,147.48,742.00,1557.50,4850.24,332.29,4583.50,5780.20,886.79,312.73,585.10,1761.20,797.34,189.03,665.40,1604.00,881.49,319.67,592.10,1851.20,740.41,159.12,647.00,1578.70
10000,60,440112.11,4301.30,434900.50,449028.90,439633.81,8074.74,432890.20,461878.70,957.60,157.04,881.60,1747.40,924.88,153.55,849.20,1675.20,5276.51,345.34,5041.80,6208.40,937.68,305.98,625.50,1736.40,884.76,191.51,758.40,1732.90,963.22,347.53,643.90,1804.90,837.42,179.87,726.60,1692.20
20000,60,1771844.50,9702.49,1754193.90,1785065.60,1783104.00,9859.95,1769268.90,1799166.70,2074.05,446.36,1853.10,3515.30,2016.12,455.29,1797.30,3283.90,9939.06,293.86,9559.40,11378.30,1912.25,581.31,1221.20,4059.20,1638.75,195.78,1446.00,2340.10,1861.34,568.84,1222.00,4088.10,1597.33,200.07,1418.50,2406.90
30000,60,4282756.28,179726.45,4087630.70,4519209.30,4114086.68,16587.63,4086256.60,4136722.10,3497.79,357.67,3141.10,5518.10,3166.24,243.57,2919.30,4352.30,63650.78,1660.76,61183.40,70671.90,4367.35,3885.13,1941.30,19704.30,2667.66,333.07,2285.20,3860.00,4309.46,3520.45,1997.00,18587.90,2674.90,332.70,2262.00,3736.10
10,70,0.74,0.45,0.50,2.00,0.60,0.00,0.60,0.60,0.89,0.18,0.80,1.60,0.78,0.18,0.70,1.50,1.76,0.29,1.50,2.50,26.32,32.19,10.50,321.40,6.46,1.34,5.10,13.50,22.01,28.76,11.40,303.90,6.61,1.27,4.50,14.90
20,70,2.26,0.91,1.80,4.60,1.91,0.35,1.80,2.90,1.53,0.21,1.40,2.20,1.37,0.20,1.20,2.00,2.78,0.30,2.50,3.50,25.30,34.16,12.70,318.40,7.18,0.98,5.00,13.80,27.24,38.59,13.20,339.60,8.33,1.71,6.30,15.80
30,70,3.93,0.14,3.80,4.30,3.91,0.03,3.90,4.00,2.37,0.16,2.20,2.90,2.12,0.18,1.90,2.70,17.59,0.65,16.90,22.10,32.89,50.37,14.40,342.70,8.09,2.18,5.30,17.60,30.91,46.22,15.20,337.70,10.32,1.54,8.20,16.10
40,70,6.78,0.25,6.70,7.50,6.51,0.21,6.40,7.10,2.95,0.39,2.70,5.80,2.59,0.24,2.40,3.20,21.67,0.73,20.80,26.20,39.82,56.30,17.20,377.70,11.28,2.49,6.20,21.60,38.47,55.63,17.00,367.40,12.08,2.73,6.60,19.80
50,70,10.17,0.26,10.00,10.70,10.68,1.31,10.10,14.40,3.78,0.24,3.50,4.40,3.33,0.24,3.10,3.90,24.07,0.99,23.40,34.40,42.08,61.32,18.10,368.90,12.88,4.06,6.70,22.90,43.78,66.05,18.30,391.40,12.79,2.10,8.30,22.30
60,70,14.37,0.23,14.20,14.80,14.36,0.20,14.20,14.90,4.56,0.25,4.30,5.10,4.01,0.24,3.80,4.60,28.72,0.91,28.00,33.80,45.68,67.14,18.80,387.80,13.91,2.54,9.00,24.60,44.58,67.13,19.60,389.30,14.12,1.75,9.20,21.10
70,70,19.13,0.22,19.00,19.70,18.54,0.22,18.40,19.00,5.25,0.25,5.00,5.90,4.73,0.24,4.50,5.30,32.62,2.00,31.30,50.80,47.44,67.93,20.20,405.50,14.45,3.03,8.80,24.50,47.44,68.51,21.20,433.40,15.82,2.89,9.10,23.80
80,70,25.47,1.87,24.60,30.70,25.40,0.18,25.30,25.90,6.08,0.64,5.60,11.10,5.38,0.35,5.00,6.30,36.27,2.46,34.90,58.10,50.24,70.89,21.70,473.80,15.24,2.52,9.50,27.10,50.38,69.25,22.20,438.10,16.07,2.56,9.90,24.40
90,70,32.74,0.18,32.60,33.20,32.74,0.21,32.60,33.30,6.74,0.31,6.40,9.90,5.96,0.28,5.60,6.80,33.19,1.05,32.30,38.60,53.52,72.90,22.40,388.30,12.90,2.38,10.10,27.60,51.01,70.71,22.60,392.00,16.09,2.08,10.40,24.90
100,70,37.20,0.32,36.90,37.80,37.14,0.22,37.00,37.60,7.45,0.29,7.00,9.20,6.76,0.34,6.30,10.30,40.05,1.00,39.20,45.90,56.74,77.46,24.40,423.40,14.52,2.60,10.50,25.30,54.86,74.32,24.20,424.40,16.86,1.28,11.50,22.50
200,70,146.25,1.43,145.40,150.20,148.49,3.81,146.60,158.80,14.33,0.44,14.00,18.60,13.04,0.28,12.70,16.70,61.46,2.16,59.90,89.80,78.78,91.79,32.60,500.80,23.49,5.03,16.60,47.60,66.93,83.61,31.30,471.50,23.17,4.68,16.70,37.30
300,70,328.82,1.78,327.30,331.90,334.05,1.32,332.70,336.20,21.65,0.62,21.10,26.30,19.73,0.55,19.20,23.90,89.33,4.42,87.10,167.20,91.05,97.10,40.00,581.90,53.06,11.49,23.40,171.40,78.88,93.27,37.80,536.60,29.50,7.42,22.70,57.70
400,70,596.08,6.35,591.90,613.40,601.58,4.92,598.20,615.00,29.49,0.76,28.90,35.40,27.54,3.77,26.40,86.10,128.12,8.53,125.10,218.70,93.49,92.13,44.50,513.50,68.72,10.70,52.20,200.60,88.20,92.20,44.70,503.30,37.15,8.11,29.50,154.90
500,70,902.23,2.45,898.10,906.70,903.29,20.20,877.60,950.10,37.37,1.02,36.40,46.60,34.70,3.32,33.30,53.70,170.85,10.51,166.50,278.00,114.05,97.93,50.30,565.80,85.25,11.72,71.60,223.10,94.39,94.23,50.40,516.30,45.13,8.83,37.60,164.90
600,70,1324.74,1.03,1323.70,1326.60,1332.51,7.57,1326.40,1352.70,43.94,0.83,43.00,53.40,40.73,2.51,39.80,92.30,242.83,13.16,237.00,358.20,126.99,99.45,54.90,574.70,82.51,10.18,74.00,186.30,106.07,90.64,55.90,521.20,53.73,5.91,45.10,99.90
700,70,1758.07,44.21,1733.70,1848.10,1746.25,10.38,1741.60,1775.30,51.82,6.43,49.90,148.40,47.36,4.25,45.90,92.50,763.52,23.15,748.30,895.70,154.46,106.08,62.70,616.90,86.10,9.27,78.20,186.60,121.78,100.38,62.60,572.80,63.83,8.16,55.80,108.60
800,70,2340.76,7.11,2335.10,2357.40,2313.28,38.79,2247.70,2341.50,58.90,1.35,57.60,74.70,54.81,2.56,53.40,99.30,829.74,27.36,813.20,979.50,198.42,106.93,71.60,687.30,96.04,12.34,84.20,214.00,165.59,102.88,70.60,624.90,69.82,9.97,65.70,200.80
900,70,2998.82,100.56,2922.40,3222.60,3078.85,412.04,2932.90,4251.00,67.83,6.31,65.50,149.00,62.00,1.89,60.70,94.50,878.03,29.24,861.60,1118.00,225.42,104.03,79.60,679.50,110.05,12.81,91.90,233.60,196.38,94.80,87.80,672.00,78.91,13.88,70.80,189.70
1000,70,3578.09,10.05,3570.00,3597.60,3579.90,19.16,3551.80,3612.70,76.95,12.63,72.50,160.30,69.37,7.67,67.10,154.20,948.52,35.75,930.30,1187.80,238.03,91.03,132.80,676.90,119.69,11.46,100.60,230.00,203.66,90.67,109.00,643.90,81.24,10.83,76.60,204.80
2000,70,14684.11,507.29,14331.70,16079.20,14232.02,568.59,14013.90,15845.80,153.44,9.20,150.20,247.50,142.83,9.66,139.70,243.70,1388.36,38.28,1364.90,1553.90,334.43,123.43,225.20,934.10,197.56,25.01,174.40,365.80,294.56,115.04,214.40,776.30,163.02,25.75,142.40,339.10
3000,70,35100.25,810.12,34271.20,36521.70,34311.62,172.10,34096.90,34741.30,241.46,16.33,235.70,359.40,225.49,15.85,220.00,339.30,1822.01,53.22,1788.10,2094.70,386.34,118.82,270.00,802.50,275.62,45.89,240.00,511.40,353.67,121.94,265.90,893.30,245.65,33.06,219.30,500.80
4000,70,63706.76,189.35,63462.00,64082.10,63036.64,1277.46,62301.20,66374.50,334.29,19.77,325.10,478.30,329.58,42.72,308.70,504.70,2528.98,91.76,2473.50,3390.50,464.67,174.37,326.90,1226.70,348.08,43.64,316.80,648.80,440.76,163.40,324.50,1065.00,332.80,49.06,301.10,657.50
5000,70,104673.02,4813.28,99873.40,115376.60,110383.65,5917.82,103608.20,120957.20,545.04,153.87,422.40,1406.00,455.55,114.13,409.10,1110.10,3278.59,406.93,3000.20,4770.80,575.78,182.23,383.40,1210.30,491.05,130.40,403.10,1221.00,550.16,178.72,389.30,1164.00,468.02,116.55,381.10,1073.20
6000,70,155300.24,5486.54,146079.90,162325.20,156059.14,7362.50,146387.20,170949.70,599.04,148.02,501.60,1222.90,558.59,123.27,479.50,1173.50,3509.53,281.75,3338.80,5202.50,564.92,179.86,417.10,1206.70,537.08,124.38,467.30,1258.10,566.62,172.79,430.50,1185.40,524.50,124.46,450.10,1191.10
7000,70,195628.86,1446.37,194178.40,198694.80,195953.49,935.32,193780.30,197305.70,657.86,99.89,600.90,1222.20,628.37,96.03,571.80,1193.20,4014.51,181.92,3836.10,4679.90,623.91,169.29,476.80,1244.30,642.56,136.65,549.00,1303.30,642.20,208.02,481.00,1430.10,598.68,123.92,524.20,1347.00
8000,70,261361.91,1831.44,258470.70,263857.70,261349.37,2174.51,257788.00,264957.20,755.09,126.83,690.00,1427.90,716.89,122.58,655.70,1392.50,4287.84,275.64,4109.30,5028.00,781.36,270.29,543.00,1500.20,708.61,154.89,613.40,1489.80,756.66,244.51,546.50,1365.10,680.00,141.36,588.40,1431.60
9000,70,332180.37,2957.13,325422.60,335023.60,332763.26,1920.79,329965.30,336778.60,859.53,145.79,785.60,1565.80,820.39,143.64,746.60,1521.50,4865.01,333.23,4593.80,5976.50,902.34,305.60,600.50,1784.20,810.58,184.26,687.40,1622.40,897.86,313.14,606.40,1964.80,768.25,166.10,662.50,1565.70
10000,70,404727.80,2630.71,401252.80,409061.50,407927.23,1796.71,403718.40,409637.80,964.26,155.59,884.00,1721.60,930.16,151.43,847.30,1670.00,5305.90,356.89,5042.40,6426.60,962.74,310.68,644.60,1842.30,897.44,187.53,774.10,1749.70,941.99,293.57,657.80,1682.80,849.29,172.88,739.30,1689.50
20000,70,1656642.64,7155.41,1642385.10,1669025.00,1678873.27,35306.05,1654641.20,1750633.30,2110.17,457.23,1881.90,3350.60,2089.94,366.06,1801.50,3231.30,9886.66,279.62,9523.90,11358.30,1874.35,544.33,1247.10,3878.90,1866.03,399.76,1595.10,3211.90,1889.70,577.86,1266.80,4082.80,1672.75,222.44,1459.60,2416.80
30000,70,4091444.65,378738.06,3742775.20,4532809.80,3755618.43,7784.00,3744786.20,3763857.30,3391.93,336.61,3024.90,4578.80,3178.61,252.94,2913.50,4098.90,62803.23,1383.57,61023.60,69398.40,4291.92,4059.99,1941.30,20018.10,2648.83,316.58,2323.40,3635.90,4427.75,4306.66,2004.60,20097.90,2642.41,328.09,2304.10,3787.20
10,80,0.72,0.42,0.50,1.90,0.56,0.05,0.50,0.60,0.86,0.18,0.70,1.60,0.73,0.15,0.60,1.40,2.10,0.28,1.90,2.70,22.28,29.06,10.60,311.80,6.47,1.41,4.10,14.70,19.59,23.07,11.30,314.80,6.75,1.18,5.40,13.30
20,80,1.80,0.00,1.80,1.80,1.74,0.05,1.70,1.80,1.63,0.19,1.50,2.30,1.50,0.23,1.30,2.40,5.93,1.50,4.90,10.80,28.69,39.65,12.70,343.90,7.69,1.59,5.10,15.90,32.20,40.26,13.70,354.40,8.13,0.99,6.80,15.20
30,80,3.94,1.06,3.40,6.70,3.57,0.40,3.40,4.70,2.28,0.23,2.10,2.90,1.99,0.23,1.80,2.60,11.41,0.45,10.90,15.60,31.41,45.63,14.30,338.40,9.02,2.82,5.30,19.10,38.34,48.47,15.40,349.20,9.32,0.92,6.20,14.20
40,80,6.22,0.21,6.10,6.80,6.29,0.19,6.20,6.80,3.07,0.31,2.80,4.90,2.81,0.25,2.60,4.10,20.34,0.69,19.60,24.60,34.80,53.52,15.80,348.50,10.61,2.15,7.50,19.90,39.46,56.41,16.90,368.30,12.11,2.31,6.90,18.90
50,80,10.02,0.21,9.90,10.60,10.10,0.19,10.00,10.50,3.93,0.24,3.70,4.50,3.45,0.25,3.20,4.10,24.07,0.85,23.50,29.50,42.32,63.44,18.10,371.90,11.54,2.45,7.00,20.00,40.47,60.99,18.40,383.50,13.24,2.68,7.90,21.40
60,80,12.86,0.35,12.50,13.60,13.02,1.34,12.50,16.80,4.60,0.27,4.30,5.20,4.08,0.23,3.80,4.70,27.29,1.35,26.50,42.50,47.54,69.67,19.50,409.40,12.51,3.71,7.80,38.50,47.73,72.40,19.80,394.80,15.13,3.19,8.20,22.20
70,80,17.49,0.19,17.40,18.00,17.59,0.22,17.40,18.10,5.26,0.27,5.00,6.60,4.69,0.30,4.40,7.40,32.34,1.27,31.30,51.40,48.19,68.95,20.90,389.90,14.49,2.64,9.30,21.90,46.11,66.37,20.80,401.90,13.87,2.15,9.40,23.70
80,80,23.21,1.46,22.60,27.30,22.25,0.41,22.00,23.30,6.27,0.59,5.80,10.20,5.61,0.27,5.30,6.30,35.69,1.04,34.70,41.20,51.96,76.57,22.80,464.70,15.88,3.39,9.60,25.10,52.63,72.22,22.30,426.10,13.87,2.24,9.90,21.20
90,80,28.60,1.53,27.90,32.90,29.23,1.36,28.60,33.00,7.91,1.96,6.50,13.70,6.28,0.45,5.70,9.70,34.62,2.06,33.30,54.40,55.13,74.44,24.80,394.30,17.08,3.79,10.70,45.00,53.99,70.50,23.40,380.60,12.31,2.83,10.20,22.70
100,80,36.65,1.52,35.70,40.80,35.00,0.34,34.70,35.60,7.49,0.37,7.10,11.40,6.77,0.26,6.40,7.40,40.06,0.98,39.20,45.80,54.41,72.34,24.00,391.00,17.43,3.49,11.40,26.80,52.75,72.64,24.10,392.70,17.32,3.47,11.10,26.70
200,80,139.47,1.04,138.70,142.30,140.73,4.30,138.60,152.50,14.72,0.70,14.30,21.00,13.44,1.42,12.80,21.30,63.07,1.85,61.60,82.30,74.99,83.69,33.60,466.10,21.33,5.87,17.00,59.50,70.16,87.45,31.80,507.30,22.34,4.85,17.00,39.30
300,80,313.49,1.60,311.90,316.20,311.81,1.49,310.60,314.50,21.83,0.64,21.20,26.80,20.93,3.76,19.40,38.40,88.53,8.36,85.70,197.90,86.38,93.26,38.70,522.10,57.18,11.67,32.20,189.20,84.25,91.44,39.00,542.70,32.91,10.56,23.50,120.10
400,80,545.52,4.06,542.50,556.30,537.91,1.48,535.90,540.30,29.55,0.77,28.90,35.20,26.79,0.59,26.20,32.70,111.59,9.22,108.20,206.60,103.05,93.72,46.30,560.60,68.69,10.30,53.50,212.20,93.68,90.70,46.10,526.90,37.48,7.98,30.20,133.70
500,80,858.67,21.80,848.20,920.50,848.34,4.60,845.40,861.20,37.21,0.92,36.30,44.10,33.75,0.56,33.00,38.30,153.29,17.43,147.40,271.70,121.70,99.17,50.40,536.30,85.80,11.94,73.40,233.10,104.22,92.33,52.00,564.70,46.69,7.07,38.50,139.90
600,80,1207.98,6.55,1205.00,1226.40,1212.17,5.46,1207.00,1225.70,44.64,1.53,43.60,63.70,41.26,3.19,40.00,67.10,687.21,24.05,673.50,819.60,152.58,102.42,59.60,654.80,81.43,8.03,75.10,161.90,107.18,95.55,57.60,571.20,57.67,12.52,46.60,174.20
700,80,1682.22,91.65,1651.50,1943.00,1601.93,10.01,1592.10,1625.50,53.11,1.15,51.90,68.20,48.65,1.82,47.50,85.90,737.69,21.41,724.20,861.00,191.15,105.72,71.30,701.40,88.54,12.00,80.10,198.00,152.89,103.40,66.00,612.90,65.68,9.17,60.00,183.60
800,80,2051.35,15.52,2041.00,2093.30,2077.70,19.01,2064.00,2130.50,60.09,2.81,58.50,108.70,55.29,3.43,53.50,103.20,816.24,25.29,799.50,943.70,215.70,104.66,111.40,709.80,100.37,12.57,86.80,216.20,189.32,96.49,77.40,673.60,72.38,11.24,66.70,178.80
900,80,2711.55,48.53,2597.40,2768.60,2743.65,45.21,2704.60,2859.90,68.66,2.45,67.00,93.50,62.74,2.28,61.20,101.30,880.25,22.60,866.30,1013.80,244.22,102.13,128.60,692.20,113.88,12.85,96.20,225.70,203.22,99.35,103.10,679.80,81.46,14.80,72.10,178.20
1000,80,3412.02,46.14,3388.10,3540.90,3376.44,26.13,3341.90,3439.40,74.15,2.30,72.60,117.60,67.90,2.67,66.30,108.30,927.96,33.74,908.50,1152.80,244.14,101.54,107.90,710.60,122.84,15.65,101.80,257.30,215.79,95.19,123.10,699.30,89.31,19.57,77.70,226.20
2000,80,13311.72,211.11,13163.90,13666.80,13035.15,161.24,12761.50,13164.70,155.26,8.32,151.80,243.50,142.47,8.45,139.50,234.00,1398.52,41.16,1368.80,1568.30,334.44,123.76,220.00,935.10,201.70,28.12,176.00,346.80,299.30,114.53,216.50,852.80,167.04,30.95,145.40,429.90
3000,80,32466.48,195.44,32189.20,32668.00,31315.99,418.58,31020.80,32192.20,246.99,19.66,240.40,371.90,228.84,20.57,221.60,338.90,1793.63,46.15,1764.60,2458.50,369.82,91.35,277.40,848.50,277.47,39.90,247.70,482.00,356.48,121.56,273.80,827.80,255.90,46.57,226.10,553.50
4000,80,59008.58,156.20,58733.40,59154.30,57922.83,1338.72,57125.70,61615.00,339.36,23.40,330.40,517.80,316.70,20.24,308.70,460.50,2509.47,56.94,2472.20,2738.00,473.94,166.80,328.60,1095.50,358.36,46.82,324.80,669.70,442.34,160.84,330.10,1012.00,335.26,39.72,306.00,612.70
5000,80,93564.45,483.74,93022.60,94315.80,91612.68,589.00,91143.10,92694.00,460.54,83.29,428.30,1048.30,430.07,80.44,409.80,1026.10,3110.24,156.79,3005.40,3678.10,515.29,166.97,382.60,1099.90,475.79,99.55,401.40,1086.30,496.41,166.28,381.50,1090.30,442.49,93.61,383.70,1020.50
6000,80,133824.30,2069.21,130832.90,136943.00,133602.94,988.78,131982.10,135316.80,556.04,91.70,508.20,1112.50,523.05,93.82,473.70,1083.20,3472.38,188.99,3346.00,4139.30,579.51,183.41,429.70,1284.20,565.50,119.46,477.60,1182.30,568.88,171.77,440.40,1209.00,524.01,118.72,458.50,1240.10
7000,80,181934.98,1421.75,179831.00,184284.80,182773.54,896.82,181296.40,184132.80,664.11,93.56,611.40,1199.90,626.77,91.93,574.20,1170.00,3994.31,188.59,3810.00,4857.50,646.04,200.02,480.40,1312.70,652.93,117.66,568.40,1269.10,640.05,199.01,492.00,1358.20,626.81,134.20,535.80,1250.40
8000,80,239250.52,2358.17,236023.70,243777.00,239059.81,943.36,238108.80,240708.50,762.54,125.32,700.40,1445.50,727.03,127.95,661.90,1408.20,4402.53,236.64,4148.20,5176.70,765.67,247.80,548.30,1492.90,720.93,136.41,627.30,1487.60,763.49,235.33,557.90,1397.20,679.49,152.99,601.70,1620.30
9000,80,304929.71,1659.40,300743.60,306330.80,303664.68,1582.61,301351.10,306497.40,865.02,141.57,794.50,1576.90,823.89,147.96,740.90,1530.70,4831.06,310.55,4599.60,5581.90,915.74,318.33,605.20,1883.10,804.43,181.39,690.80,1812.10,890.79,302.64,617.50,1781.10,766.65,151.92,670.40,1543.40
10000,80,378672.57,1520.53,376464.90,381820.40,376444.37,7430.07,371848.70,397174.80,977.30,144.30,902.30,1704.90,925.89,143.60,850.80,1636.20,5300.95,320.70,5092.30,6158.90,981.37,323.16,659.00,2160.40,890.27,193.14,770.90,1954.30,963.76,303.80,671.80,1760.90,857.00,171.02,754.70,1689.90
20000,80,1522554.26,4706.30,1512458.30,1529281.20,1519736.41,18302.56,1501774.60,1567475.90,2132.52,438.08,1925.50,3423.90,2093.59,354.28,1824.00,3235.30,9920.41,280.56,9562.30,11125.50,1902.15,561.55,1258.10,4060.50,1718.48,236.23,1510.00,2478.70,2025.27,631.35,1282.70,4275.60,1683.07,236.85,1486.80,2684.70
30000,80,3504321.99,36064.41,3432956.70,3544122.20,3452925.67,19764.78,3411171.80,3478767.20,3357.87,315.47,3055.40,5123.10,3082.32,202.77,2889.60,3973.80,63174.51,1421.87,61151.60,67899.20,4369.74,3950.15,2023.50,20074.30,2653.16,259.05,2343.40,3488.20,4301.19,3759.54,2043.00,19873.30,2623.63,267.32,2297.10,3512.90
10,90,0.67,0.43,0.50,1.90,0.64,0.37,0.50,1.70,0.92,0.20,0.80,1.60,0.78,0.19,0.70,1.50,1.91,0.30,1.60,2.60,22.73,28.45,10.70,299.80,6.21,1.20,4.00,11.60,19.32,23.84,11.50,289.40,6.64,0.65,5.50,10.90
20,90,1.78,0.15,1.70,2.20,1.81,0.21,1.70,2.40,1.64,0.19,1.50,2.30,1.44,0.20,1.30,2.00,2.52,0.28,2.20,4.00,28.61,41.05,12.70,330.10,7.22,0.70,6.20,12.40,32.79,39.74,13.80,336.10,9.11,2.67,5.20,18.70
30,90,3.49,0.22,3.40,4.10,3.57,0.37,3.40,4.60,2.35,0.28,2.20,4.10,2.14,0.20,2.00,2.70,17.05,0.80,16.30,24.30,33.18,48.49,14.80,337.30,8.90,2.42,5.40,19.20,34.21,49.17,15.40,343.80,10.31,2.41,6.20,18.10
40,90,5.75,0.13,5.70,6.10,5.78,0.22,5.70,6.40,3.31,0.27,3.10,4.90,2.97,0.26,2.70,3.60,22.89,0.72,22.10,27.20,38.86,55.72,16.40,368.10,11.44,3.43,6.50,22.40,36.94,55.66,17.20,370.90,11.89,1.55,9.70,21.00
50,90,8.64,0.20,8.50,9.00,8.84,0.20,8.70,9.20,3.83,0.26,3.60,4.50,3.34,0.22,3.10,3.90,24.42,1.71,23.50,34.40,40.44,60.61,17.30,375.40,13.56,2.15,9.50,21.70,41.18,59.04,18.20,370.00,13.42,2.78,7.60,23.70
60,90,12.04,0.25,11.90,12.50,11.98,0.19,11.90,12.50,4.76,0.31,4.40,6.40,4.29,0.30,4.00,5.00,29.52,2.86,28.30,56.70,44.23,62.97,19.20,386.90,13.10,2.54,8.30,22.30,42.50,65.11,18.90,384.70,14.33,2.81,8.60,26.80
70,90,16.57,0.22,16.30,17.00,16.25,0.16,16.10,16.70,5.38,0.31,5.10,7.20,4.73,0.26,4.50,5.30,31.82,1.46,30.80,41.40,49.93,69.80,21.30,421.90,13.03,4.22,8.70,25.10,47.22,70.15,21.20,455.30,15.90,3.06,9.10,27.50
80,90,22.19,0.22,22.00,22.60,21.83,0.15,21.70,22.10,6.11,0.43,5.70,10.10,5.43,0.27,5.10,6.70,34.48,1.06,33.50,41.60,49.37,69.50,21.90,398.00,14.83,2.94,9.60,24.70,52.59,74.33,22.60,422.10,12.92,3.04,9.70,22.80
90,90,25.97,0.33,25.70,26.60,27.07,3.04,25.90,35.70,6.81,0.29,6.40,8.00,6.15,0.26,5.80,6.70,35.28,1.67,34.30,47.40,54.06,77.39,22.90,471.90,15.65,1.95,10.40,22.30,50.61,65.93,23.30,373.10,12.23,2.30,10.30,24.30
100,90,34.55,3.16,33.30,43.50,33.61,0.26,33.40,34.10,7.44,0.26,7.10,8.20,6.67,0.30,6.20,8.60,38.68,1.59,37.70,50.20,55.23,76.04,24.20,408.70,16.55,2.87,11.20,25.90,54.04,72.35,24.80,407.20,14.23,3.04,10.80,24.60
200,90,130.38,3.36,128.60,139.00,129.30,2.92,127.60,136.40,15.11,0.59,14.70,21.60,13.49,0.29,13.10,16.40,69.44,1.98,67.90,90.00,74.92,89.74,32.90,566.80,22.34,6.33,17.40,62.40,74.86,85.95,32.90,519.40,21.24,7.11,17.20,47.70
300,90,282.71,2.43,280.90,286.40,287.12,11.01,281.80,317.10,22.40,0.97,21.60,31.50,20.12,0.91,19.40,28.30,90.83,5.54,88.80,175.50,86.64,94.57,39.70,521.10,51.63,13.29,24.80,188.60,79.94,91.30,39.40,520.20,34.55,10.99,23.70,94.40
400,90,505.74,1.89,504.00,509.40,511.89,2.23,509.60,516.50,30.14,0.70,29.50,35.30,27.12,0.69,26.60,32.40,134.11,10.33,130.60,272.10,104.65,97.80,47.20,558.70,71.05,12.47,55.10,208.50,97.01,92.21,47.00,523.00,39.78,11.39,30.60,155.00
500,90,784.27,25.94,752.60,844.30,796.43,4.85,793.20,809.90,37.38,1.03,36.50,44.20,34.18,3.18,33.00,54.00,276.43,16.29,269.10,414.00,112.32,96.47,53.10,584.40,85.60,10.19,71.40,180.60,109.85,93.79,52.80,610.10,48.27,8.24,38.60,128.80
600,90,1104.40,27.34,1067.80,1127.50,1083.27,16.74,1072.90,1130.20,46.62,3.18,45.10,80.10,42.15,1.35,41.20,61.80,251.68,13.94,245.40,371.90,168.15,108.47,62.70,633.00,83.62,11.97,76.60,213.00,133.55,97.09,60.70,568.80,59.06,10.86,48.80,170.30
700,90,1642.25,258.08,1538.90,2354.90,1548.10,7.55,1539.80,1564.10,52.49,1.31,51.20,73.70,47.26,1.11,46.30,61.80,755.79,21.48,742.80,875.20,204.50,96.59,73.50,675.50,90.84,13.28,80.60,191.20,166.45,95.82,70.30,647.80,66.88,10.00,61.00,192.80
800,90,2015.66,15.78,2008.20,2058.90,2002.78,8.92,1990.40,2021.20,61.52,1.75,59.90,78.80,57.27,4.66,54.60,99.90,815.19,25.94,797.60,958.70,228.00,95.52,114.10,680.40,99.79,13.37,87.10,227.20,192.89,93.73,87.80,652.80,74.40,14.00,67.70,204.20
900,90,2660.53,368.94,2535.80,3710.40,2467.45,46.31,2421.40,2559.00,71.34,8.74,68.00,157.70,62.87,1.67,61.70,84.40,883.70,42.39,863.00,1130.10,243.72,106.28,130.40,728.60,114.74,14.24,97.40,240.40,208.38,97.71,97.90,665.10,79.01,11.10,73.50,190.50
1000,90,3146.31,24.71,3129.30,3201.60,3119.03,16.40,3107.40,3156.50,76.17,2.71,74.60,117.50,69.98,7.48,67.50,125.60,941.70,34.78,924.70,1169.40,252.67,85.57,143.40,672.30,128.29,16.90,104.40,251.60,217.39,91.83,107.90,651.10,85.22,12.95,79.90,201.50
2000,90,12268.43,181.18,11984.30,12553.60,11975.50,29.79,11935.80,12020.30,158.24,8.89,154.80,249.10,144.21,9.32,140.90,230.70,1412.81,56.00,1379.90,2270.90,337.01,121.36,231.40,918.10,206.76,31.42,180.70,400.20,304.28,120.45,220.70,827.80,171.57,28.38,149.70,358.00
3000,90,29503.26,277.46,29266.70,30049.90,28427.20,383.36,28268.70,29510.70,249.85,16.29,244.20,368.20,230.52,16.29,224.70,349.80,1802.28,51.03,1772.70,2001.90,379.79,89.79,283.00,814.20,284.06,35.95,256.20,484.80,366.88,128.04,279.80,863.40,267.64,42.54,230.70,549.00
4000,90,53043.83,409.27,52620.40,53700.20,52445.05,363.48,52087.10,53248.60,346.03,33.17,333.90,557.40,318.34,23.97,309.40,481.60,2519.83,67.93,2473.30,2802.60,475.24,163.07,335.60,1072.30,371.54,39.33,332.60,594.00,454.27,159.85,337.40,1068.00,340.44,41.10,311.00,624.10
5000,90,84148.99,548.55,83629.90,85245.00,83913.84,72.55,83841.90,84055.60,474.10,81.14,431.10,1009.80,440.36,78.38,416.10,975.70,3147.13,189.99,3021.50,4314.70,530.73,165.93,396.10,1199.70,492.29,104.61,414.50,1031.10,515.05,161.42,398.10,1038.40,461.61,104.82,396.90,1000.50
6000,90,123799.00,659.99,122702.80,124734.70,123059.00,858.24,122547.90,124947.30,565.33,89.69,517.20,1071.50,521.47,84.68,477.00,1027.00,3469.24,193.54,3340.70,4203.70,587.52,180.47,437.50,1226.00,573.67,111.15,493.60,1141.40,587.60,176.28,450.10,1225.10,543.30,116.65,465.50,1096.00
7000,90,170364.39,723.98,169289.70,171351.50,168272.64,1037.63,166047.60,169764.20,672.23,94.21,621.10,1188.30,632.27,98.54,577.80,1168.70,4013.83,192.64,3822.10,4679.60,671.98,208.59,505.00,1384.40,662.27,120.44,573.50,1259.00,650.52,202.96,499.90,1399.70,634.30,135.21,545.70,1250.90
8000,90,221248.83,1761.51,217743.90,223544.00,220494.56,1166.79,218850.50,222878.50,771.70,124.62,713.20,1460.20,719.21,119.94,662.50,1381.00,4293.80,263.38,4117.30,5434.20,793.13,261.26,567.10,1545.10,740.53,149.58,646.30,1505.70,771.85,264.03,563.60,1467.30,710.24,146.81,617.20,1404.80
9000,90,279974.38,2351.99,277393.90,285159.00,282617.10,3876.36,279518.90,292686.00,877.40,139.79,805.60,1597.00,822.50,137.96,749.00,1509.80,4832.68,305.81,4586.50,5736.10,925.61,304.13,618.70,1812.60,815.23,150.84,712.60,1553.00,915.75,310.77,631.80,1847.40,787.60,169.43,685.10,1544.20
10000,90,346120.11,4059.30,341718.20,356744.50,344308.78,1698.66,342213.90,347816.70,1037.64,184.28,930.10,1687.20,944.19,202.14,865.80,1661.60,5348.55,359.79,5048.40,6282.00,1079.03,368.48,688.00,2124.80,942.97,241.67,801.90,1714.90,1065.92,366.43,703.00,2262.10,923.40,262.45,768.00,1655.70
20000,90,1396936.25,7978.85,1384077.40,1408900.10,1404444.37,13502.41,1394550.60,1440503.80,2067.86,138.43,1967.50,2653.00,2164.77,473.96,1838.20,3344.00,9940.33,313.97,9552.10,11383.70,1991.45,615.91,1308.50,3734.70,1744.20,202.49,1557.30,2333.80,2020.47,610.79,1337.40,3778.70,1707.22,211.83,1524.70,2403.10
30000,90,3216689.15,42763.97,3153705.30,3264270.50,3181300.56,10148.47,3164918.50,3193035.90,3457.16,301.70,3190.00,5288.10,3285.67,336.11,3007.10,5361.60,66423.70,1458.06,64474.40,72363.70,3747.53,2077.30,2002.50,18820.40,2696.34,288.86,2378.60,3529.70,3721.88,1919.03,2023.50,17519.10,2675.69,304.88,2345.00,3638.30
10,100,0.66,0.37,0.50,1.70,0.53,0.05,0.50,0.60,0.92,0.19,0.80,1.60,0.79,0.19,0.70,1.50,1.67,0.29,1.40,2.30,20.85,23.34,10.70,285.00,6.55,1.10,5.00,13.00,21.69,19.43,11.70,234.30,7.01,1.77,4.20,19.70
20,100,1.71,0.21,1.60,2.30,1.73,0.21,1.60,2.30,1.68,0.21,1.50,2.30,1.45,0.17,1.30,2.00,4.66,0.31,4.30,5.40,24.32,30.35,12.30,302.40,7.05,1.55,4.70,13.70,29.58,37.41,13.50,317.10,8.29,1.34,5.50,15.60
30,100,3.29,0.03,3.20,3.30,3.48,0.36,3.30,4.50,2.41,0.18,2.20,3.00,2.12,0.19,2.00,2.80,3.90,0.23,3.60,4.70,32.96,45.09,14.70,320.60,9.07,1.44,7.30,19.20,32.14,45.78,15.60,332.80,12.57,2.97,6.50,20.30
40,100,5.72,0.10,5.60,6.00,5.57,0.19,5.50,6.10,3.20,0.21,3.00,3.70,2.93,0.34,2.70,4.90,22.71,0.81,22.10,28.30,41.43,57.84,17.00,405.30,10.08,2.64,6.40,22.70,39.49,54.71,17.40,350.70,11.97,2.21,7.30,18.70
50,100,8.17,0.13,8.10,8.50,8.38,0.33,8.20,9.20,3.85,0.25,3.60,4.70,3.36,0.23,3.10,4.00,23.62,0.84,23.00,29.40,40.28,58.12,17.80,361.50,12.89,2.90,7.30,21.30,41.26,60.36,18.40,373.40,12.88,1.58,10.20,20.30
60,100,11.44,0.13,11.40,11.80,11.85,0.13,11.80,12.20,4.59,0.24,4.30,5.50,4.18,0.25,3.90,5.60,29.22,1.13,28.40,37.60,43.61,63.32,18.90,386.30,13.84,2.24,8.10,22.20,49.67,61.91,20.00,372.10,15.00,2.64,8.90,27.70
70,100,15.95,0.29,15.70,16.40,15.56,0.22,15.40,15.90,5.50,0.47,5.10,9.60,4.76,0.23,4.50,5.30,29.74,1.07,28.90,36.70,52.51,69.95,22.50,401.00,13.52,3.06,9.20,22.30,48.37,68.35,22.20,399.50,16.99,3.43,9.40,25.60
80,100,20.35,0.25,20.10,20.80,20.05,0.21,19.90,20.40,6.32,0.31,5.90,9.70,5.53,0.24,5.20,6.10,35.83,1.39,35.00,45.60,51.62,69.01,22.30,390.60,15.89,2.59,10.20,25.20,50.52,68.51,22.50,389.00,13.98,3.44,10.00,24.10
90,100,24.82,0.32,24.60,25.40,25.18,0.20,25.00,25.50,6.75,0.25,6.40,7.40,5.84,0.30,5.40,8.80,34.69,3.94,33.00,59.40,53.96,77.00,23.70,450.50,14.69,2.95,10.00,24.40,59.08,73.84,23.80,482.10,14.33,3.28,10.20,34.00
100,100,30.85,0.18,30.60,31.20,30.39,0.20,30.20,30.70,7.66,0.37,7.20,11.80,6.90,0.27,6.50,7.70,38.61,0.97,37.90,44.60,59.28,77.04,25.90,404.80,16.60,2.94,11.10,24.20,57.72,73.63,25.60,391.00,14.08,3.04,11.00,23.20
200,100,117.78,1.12,117.10,120.90,119.23,3.55,117.70,129.30,14.96,0.62,14.50,22.10,13.43,0.52,13.10,20.20,63.65,2.99,62.00,109.10,70.05,87.30,32.80,475.30,22.25,6.78,17.80,74.80,66.15,84.80,32.70,524.30,21.20,5.43,17.60,48.30
300,100,261.90,1.11,261.10,263.90,265.51,1.30,264.60,268.10,22.71,1.03,22.00,31.70,20.51,0.74,19.80,27.90,93.74,14.57,89.30,237.90,87.28,95.45,40.60,510.00,53.89,12.31,25.90,187.30,84.41,90.89,41.00,510.50,30.79,6.08,24.60,58.70
400,100,477.45,36.98,463.50,582.50,470.67,1.41,469.20,472.80,31.11,1.12,30.30,41.00,27.65,0.97,27.00,35.50,121.22,14.22,117.50,313.90,105.93,96.29,48.30,521.50,72.08,11.77,54.80,203.40,98.46,92.59,48.40,549.80,41.41,11.29,31.40,131.40
500,100,723.64,62.76,698.50,901.80,729.48,2.15,726.50,732.30,38.26,1.93,37.10,59.30,34.55,1.16,33.80,42.00,215.27,11.45,210.00,322.60,131.25,107.45,54.30,623.80,81.83,8.35,68.00,120.60,102.64,95.56,54.50,565.10,47.94,5.85,39.50,126.50
600,100,1047.23,1.20,1046.10,1050.20,1054.17,9.52,1049.70,1080.40,46.93,2.65,45.60,92.80,42.02,1.34,41.10,63.50,193.36,12.58,188.20,297.90,193.26,101.43,65.40,637.90,85.97,16.79,76.60,233.60,161.23,98.14,65.10,605.40,59.68,11.80,51.50,181.90
700,100,1338.91,15.76,1329.50,1383.20,1423.36,31.63,1354.90,1459.20,54.60,1.63,53.40,75.60,50.94,7.52,48.40,89.60,760.45,22.99,745.40,890.80,208.64,102.84,105.70,680.50,91.74,13.15,82.50,213.70,173.82,95.44,76.10,595.00,68.36,9.46,63.50,156.80
800,100,1868.91,36.55,1848.60,1961.00,1787.48,51.86,1732.80,1859.10,62.03,3.94,60.40,129.80,55.96,5.90,54.00,138.20,826.39,26.69,807.80,967.90,235.07,90.35,124.80,692.40,101.68,15.37,87.90,257.30,195.47,97.17,102.80,632.90,72.15,9.64,68.30,183.50
900,100,2343.69,10.35,2335.70,2366.60,2372.80,34.35,2344.30,2467.00,69.63,2.28,68.20,102.30,66.39,9.30,62.40,100.40,877.09,27.30,859.40,1070.30,238.63,103.25,132.20,697.00,126.00,22.60,98.20,293.50,212.52,96.84,98.40,684.70,82.37,13.73,74.70,194.60
1000,100,2818.02,98.88,2694.40,2936.30,3039.21,298.31,2739.30,3670.90,78.15,8.59,75.30,152.00,69.88,2.59,68.40,111.50,953.49,34.98,931.00,1176.50,252.19,87.53,114.30,696.90,127.94,15.15,105.20,253.90,224.70,89.97,132.00,693.60,89.54,17.33,82.20,250.20
2000,100,11033.16,322.05,10713.50,11518.20,11103.64,34.78,11053.40,11164.70,158.95,10.41,154.70,270.70,142.45,9.77,139.00,241.30,1414.90,40.30,1387.20,1621.70,346.86,117.65,229.80,870.70,203.56,27.22,181.70,331.30,306.77,121.25,226.70,869.20,174.50,30.29,151.20,413.30
3000,100,25556.42,513.85,25359.70,27018.20,25575.88,89.37,25513.60,25813.90,252.82,21.41,245.10,413.60,228.05,16.25,222.30,347.50,1827.64,49.69,1793.20,2079.30,380.40,95.68,280.20,906.00,294.44,43.67,257.40,546.30,377.93,131.68,281.90,897.70,264.76,40.19,234.20,556.70
4000,100,47698.31,631.33,47252.70,49077.80,46985.79,342.50,46783.20,47943.80,344.54,21.79,335.70,494.00,326.63,41.06,308.70,474.20,2530.34,58.34,2490.70,2758.90,479.19,160.96,347.70,1061.00,374.04,53.18,335.20,681.10,459.30,159.26,347.00,979.10,352.72,52.24,320.60,691.10
5000,100,75510.68,754.50,74681.00,77032.40,75172.00,85.01,74961.20,75291.20,482.31,81.09,453.90,1007.40,443.45,77.75,417.70,971.90,3134.21,169.74,3023.90,3947.40,538.66,161.70,398.50,1122.60,495.24,102.47,423.30,1067.70,524.36,164.01,404.70,1065.60,470.36,102.04,405.20,998.40
6000,100,111930.18,1106.19,109909.80,113466.90,109883.09,951.10,109271.70,112422.90,577.51,95.13,528.30,1058.40,522.68,82.57,481.90,1019.50,3468.76,185.42,3349.40,4100.30,600.59,174.23,450.30,1234.40,585.01,118.43,501.60,1158.60,597.97,177.48,458.20,1228.60,554.86,112.36,478.60,1104.90
7000,100,153087.31,1162.44,151191.10,155601.30,152518.32,732.33,151867.90,153685.50,678.93,90.28,631.30,1178.30,627.75,89.40,579.40,1117.30,3973.33,184.89,3815.30,4998.60,670.83,187.15,507.10,1298.80,677.74,129.74,588.20,1290.10,655.19,192.42,510.70,1321.80,645.39,130.85,555.30,1271.90
8000,100,201016.60,1565.31,199331.50,203564.80,198311.43,2214.82,196775.60,204401.70,777.26,122.54,718.60,1432.00,716.19,114.87,661.00,1351.90,4289.07,247.20,4127.90,5233.90,793.46,245.66,570.10,1491.60,752.19,138.05,659.50,1410.30,804.54,236.80,582.30,1409.90,728.07,156.35,624.70,1452.60
9000,100,251866.39,2443.08,247452.50,255644.10,252134.71,1085.67,250216.30,253928.20,895.74,170.28,829.40,1494.80,862.73,163.33,762.00,1467.00,4906.87,317.32,4643.70,5717.50,1016.14,366.91,647.70,2169.60,887.64,242.39,737.50,1594.70,999.81,387.68,658.20,2264.10,852.88,248.13,711.50,1583.60
10000,100,311358.33,1852.11,308454.90,313451.60,315138.87,2946.00,312174.90,322669.00,1015.44,189.51,939.30,1680.90,970.01,172.25,865.40,1598.90,5346.07,375.65,5051.40,7003.20,1216.58,384.99,718.50,2473.50,980.14,269.45,815.00,1744.80,1060.36,353.25,715.40,2177.50,892.55,174.66,784.60,1509.50
20000,100,1266627.13,4071.97,1259390.10,1272555.70,1262495.23,4500.99,1253724.40,1268790.50,2137.41,162.95,2008.80,2822.10,2219.63,441.31,1864.60,3278.10,9975.30,243.19,9603.70,10937.10,2048.34,638.06,1350.70,3801.30,1788.98,216.62,1587.00,2411.00,2020.85,595.45,1361.10,3749.60,1736.93,209.17,1558.10,2460.20
30000,100,3101690.19,161343.34,2873031.90,3233649.40,2887272.42,10282.71,2873611.80,2902130.60,3342.10,208.49,3149.50,4154.10,3085.15,197.26,2910.20,3873.20,62602.16,1090.42,60907.50,66468.90,4518.46,3725.47,2085.60,20455.40,2716.83,300.55,2404.90,3669.40,4196.25,2973.23,2100.00,20080.50,2716.91,341.69,2383.00,3798.10
