n,overlap,original,original_std,original_min,original_max,compose,compose_std,compose_min,compose_max,linq,linq_std,linq_min,linq_max,hashset,hashset_std,hashset_min,hashset_max,frozenset,frozenset_std,frozenset_min,frozenset_max,par_std,par_std_std,par_std_min,par_std_max,par_hashset,par_hashset_std,par_hashset_min,par_hashset_max,par_std_partition,par_std_partition_std,par_std_partition_min,par_std_partition_max,par_hashset_partition,par_hashset_partition_std,par_hashset_partition_min,par_hashset_partition_max
10,10,0.75,0.15,0.68,1.17,0.68,0.02,0.66,0.71,0.81,0.81,0.57,6.23,0.74,0.86,0.50,6.37,2.41,1.56,1.42,8.04,1528.03,231.57,920.15,2145.45,27.41,4.45,18.33,42.16,1685.75,49.38,1598.82,2158.52,33.58,5.05,23.59,50.26
20,10,2.60,0.17,2.49,3.08,2.57,0.27,2.46,3.34,0.98,0.55,0.79,3.46,0.88,0.57,0.69,3.42,4.35,1.22,3.34,7.16,1690.33,58.74,1590.63,2230.02,31.42,5.03,21.66,46.80,1700.95,61.83,1610.05,2335.86,31.08,5.16,20.82,47.72
30,10,14.85,6.80,8.05,21.71,17.49,1.00,16.68,20.12,1.79,0.61,1.37,4.33,1.63,0.58,1.23,4.26,21.39,9.03,11.04,36.82,1692.11,77.98,1585.20,2402.85,31.45,4.49,21.90,44.59,1704.98,75.19,1603.67,2431.60,32.12,5.20,22.09,49.84
40,10,4.57,0.02,4.54,4.60,4.60,0.02,4.58,4.62,1.60,0.67,1.30,4.10,1.47,0.72,1.16,4.24,13.04,1.21,10.74,16.31,1692.37,82.54,1597.47,2481.06,26.66,4.21,18.01,40.57,1697.62,74.20,1595.90,2375.03,27.80,4.43,19.63,41.97
50,10,6.92,0.45,6.76,8.21,6.87,0.15,6.80,7.28,1.95,0.66,1.62,4.44,1.78,0.64,1.46,4.17,11.86,0.95,9.95,14.72,1703.65,103.83,1600.09,2565.80,27.34,4.25,18.67,40.11,1685.22,79.46,1587.96,2408.50,28.84,4.73,19.81,45.98
60,10,9.74,0.02,9.72,9.78,10.26,1.17,9.78,13.58,2.29,0.69,1.92,4.73,2.14,0.79,1.73,4.91,14.26,1.45,12.21,18.32,1689.55,106.90,1593.48,2679.59,33.37,4.96,23.39,49.88,1684.97,85.67,1588.63,2421.78,28.79,4.99,19.07,46.64
70,10,13.17,0.49,12.98,14.55,13.09,0.08,13.05,13.30,2.63,0.70,2.25,4.97,2.48,0.84,2.04,5.34,15.55,1.51,12.84,20.39,1698.69,110.13,1593.63,2554.14,27.87,4.17,18.67,40.79,1687.69,87.63,1589.51,2482.89,29.58,5.05,19.72,46.02
80,10,17.47,0.04,17.43,17.58,17.75,0.52,17.51,19.21,3.08,0.83,2.59,5.59,2.78,0.82,2.27,5.50,17.89,1.61,15.58,22.24,1699.86,118.22,1592.00,2655.00,30.36,4.51,21.54,47.89,1695.94,94.38,1597.93,2510.59,30.53,4.93,21.47,49.76
90,10,21.91,0.66,21.68,23.78,22.02,0.83,21.74,24.38,3.55,0.96,2.90,6.16,3.27,0.98,2.61,5.92,18.58,1.66,15.92,22.67,1716.01,133.64,1578.83,2541.39,32.86,4.18,24.06,46.03,1702.60,101.92,1603.79,2567.00,33.32,5.22,23.85,52.32
100,10,26.59,0.79,26.32,28.85,27.12,1.45,26.40,30.04,3.92,1.01,3.25,6.36,3.65,1.07,2.92,6.22,21.14,2.21,18.09,26.15,1696.27,130.28,1583.82,2565.54,32.82,4.87,23.64,48.36,1701.82,104.85,1593.63,2564.15,32.35,5.00,23.23,48.47
200,10,108.12,1.06,107.51,110.98,106.33,1.09,105.90,109.40,7.70,1.09,6.28,10.38,6.37,0.96,5.66,9.21,29.77,2.74,27.25,38.44,1751.98,204.00,1613.68,2791.03,40.87,4.66,31.02,56.58,1709.51,136.66,1593.65,2713.83,37.39,5.44,26.77,55.09
300,10,241.18,1.60,239.46,243.72,220.46,2.59,218.32,225.85,11.65,0.94,9.62,14.83,9.02,1.08,7.89,12.19,41.12,2.95,38.53,53.82,1779.53,293.86,1613.38,3403.39,37.86,5.22,28.51,56.23,1724.88,176.78,1605.96,2858.80,45.90,6.16,33.54,69.19
400,10,425.13,1.84,422.98,427.53,404.04,7.37,395.32,415.32,14.75,1.77,11.64,19.18,12.87,1.51,10.87,17.32,51.95,1.30,50.44,60.89,1823.75,356.90,1615.88,3584.28,33.76,4.29,25.56,47.65,1753.18,216.90,1606.93,3173.75,42.17,6.99,27.81,62.57
500,10,711.06,1.88,708.44,714.04,641.67,2.95,634.59,645.70,17.91,1.94,15.03,22.75,15.35,1.55,13.76,19.89,90.60,2.14,88.05,104.26,1888.61,402.65,1635.15,3495.68,45.77,4.73,35.99,60.67,1765.01,238.79,1612.79,3095.60,54.06,7.88,35.31,75.45
600,10,946.14,1.44,944.79,948.86,919.22,2.79,916.53,924.78,21.78,1.72,18.35,26.12,17.66,1.18,16.80,22.92,218.90,12.78,208.10,287.78,1913.22,470.17,1630.14,3629.86,43.09,4.54,35.71,63.44,1791.37,276.52,1611.97,3516.89,54.93,7.49,38.04,72.74
700,10,1281.75,5.92,1275.73,1290.74,1293.29,3.90,1287.37,1299.12,26.45,2.17,22.32,32.34,21.86,1.92,20.41,28.05,442.84,4.69,435.92,465.08,1974.49,571.83,1630.14,4191.68,52.90,7.00,39.89,83.47,1815.86,331.71,1621.18,3865.20,58.70,8.03,40.40,78.08
800,10,1680.99,10.11,1661.98,1691.48,1687.29,4.51,1676.41,1694.37,30.87,2.24,26.33,36.36,24.35,0.70,23.44,28.81,468.98,7.56,452.49,519.54,2030.91,652.99,1643.91,4928.91,42.98,4.89,35.12,60.45,1832.70,319.10,1627.69,3418.86,62.10,8.40,42.85,84.21
900,10,2100.49,12.26,2086.12,2116.92,2117.90,4.36,2115.51,2129.79,33.15,2.53,28.79,38.99,29.18,2.65,26.15,36.69,522.52,5.37,514.84,554.98,2101.39,692.48,1653.55,4106.44,50.99,4.88,41.44,70.04,1862.47,393.97,1627.17,3685.84,72.97,8.99,51.73,96.21
1000,10,2550.12,33.49,2525.55,2609.62,2551.22,2.98,2547.50,2556.82,35.88,3.24,31.34,43.51,29.86,2.04,28.48,37.67,533.06,7.67,523.07,596.11,2135.40,768.53,1656.47,5685.22,53.98,4.89,44.04,73.75,1893.88,462.61,1636.27,4309.51,72.63,9.12,51.70,96.11
2000,10,10177.75,18.50,10152.66,10200.97,10230.49,10.88,10217.92,10251.47,73.38,7.67,65.84,91.26,60.43,1.27,58.89,66.78,799.41,15.39,785.52,1028.98,3163.22,1492.86,1695.37,5583.12,106.49,9.05,81.85,127.19,2120.30,696.94,1663.78,5379.10,124.83,11.06,98.24,158.82
3000,10,23116.54,16.49,23090.84,23134.20,23210.56,8.92,23199.43,23224.02,115.05,8.22,104.76,144.62,97.65,1.71,95.02,108.53,1057.21,28.15,1022.04,1292.83,3642.31,1626.86,1745.23,8327.77,161.74,8.83,137.11,185.02,2479.00,1022.38,1660.44,6072.81,158.67,10.68,127.30,191.62
4000,10,43259.41,29.11,43200.90,43296.19,41289.33,13.50,41270.36,41310.61,165.02,11.12,150.38,213.77,144.21,7.44,134.16,165.02,1511.89,29.38,1481.69,1747.91,4503.19,1725.19,1821.45,7386.90,198.47,10.78,170.33,238.21,2715.18,1137.81,1686.30,5175.60,197.69,13.76,160.26,233.77
5000,10,67167.70,38.35,67094.53,67227.25,64411.25,50.76,64351.48,64517.77,266.49,73.97,244.49,797.38,234.85,76.02,215.11,770.54,1812.99,144.65,1725.49,2302.13,5402.84,1674.58,2046.73,8281.94,291.75,136.91,234.28,1254.34,3115.39,1324.90,1704.65,6013.64,291.76,136.37,239.23,1276.37
6000,10,103258.40,40.00,103192.85,103306.42,99844.87,96.29,99686.95,100042.05,318.06,82.04,278.00,836.18,282.97,82.88,244.09,809.57,1999.35,172.33,1891.71,2534.15,6333.43,1870.46,3246.64,12511.46,344.52,156.65,272.67,1361.46,3552.96,1495.23,1780.03,6624.83,338.70,161.24,267.77,1374.49
7000,10,140255.61,55.79,140160.70,140330.30,134770.69,57.44,134690.01,134871.05,376.35,85.31,326.91,903.60,340.86,88.01,300.34,887.41,2277.29,161.26,2144.03,2752.06,7142.01,2309.62,3888.82,14713.92,405.50,172.78,329.06,1510.78,3870.13,1572.41,1845.61,6894.26,400.27,177.36,331.82,1546.73
8000,10,188224.05,100.21,188015.28,188331.12,169312.06,99.89,169189.03,169506.39,432.01,97.42,380.07,972.77,395.95,97.48,349.50,938.69,2467.82,186.99,2287.19,2896.81,8117.96,2793.72,4538.34,15899.93,455.39,206.48,373.96,1598.04,4166.96,1673.99,1928.52,7781.80,474.25,209.05,380.90,1651.22
9000,10,248012.93,175.54,247850.32,248415.66,234004.85,42.25,233934.98,234065.74,503.71,115.24,441.30,1062.50,464.04,115.54,409.55,1026.16,2730.29,267.00,2539.98,3351.67,9275.20,3039.69,5217.10,16057.75,531.47,251.07,430.53,1819.53,4397.63,1717.64,2043.38,8032.40,517.47,241.61,424.83,1733.54
10000,10,320059.66,1399.14,319546.86,324037.25,299005.55,997.60,298554.05,301819.11,584.75,121.90,515.34,1174.95,539.55,122.98,479.07,1141.13,3097.59,207.01,2856.74,3550.18,9657.27,2969.09,5554.25,16495.47,610.99,271.32,509.37,2022.95,4573.86,1747.12,2099.77,8006.43,604.35,266.03,508.89,1972.82
20000,10,1287965.08,12782.88,1276069.66,1302608.13,1204107.94,670.10,1203043.47,1204993.65,1137.97,202.60,1035.84,1999.26,1050.69,172.41,980.51,1704.20,5447.47,315.11,5004.56,6263.15,15069.22,7758.81,6839.53,29213.86,1059.67,162.28,958.71,1959.74,5620.71,1817.85,2389.28,8733.72,1085.14,218.86,954.42,1920.94
30000,10,2887251.01,28360.88,2842309.09,2907654.92,2791443.62,59733.13,2753251.28,2890399.04,1935.90,309.51,1720.11,2981.41,1717.68,212.82,1562.18,2642.09,36048.37,499.44,33626.62,36856.09,18269.99,7896.79,7680.07,30920.38,1712.54,351.26,1463.94,3117.53,6639.83,1730.92,3183.15,13995.40,1587.19,310.45,1419.31,2869.56
10,20,0.37,0.02,0.35,0.41,0.47,0.31,0.36,1.35,0.45,0.16,0.40,2.43,0.41,0.19,0.36,2.95,0.81,0.19,0.68,1.46,1698.85,49.38,1612.45,2137.40,27.62,4.46,18.46,41.92,1698.13,51.78,1600.94,2167.98,32.36,5.25,22.33,47.59
20,20,1.19,0.01,1.18,1.22,1.22,0.01,1.20,1.23,0.83,0.37,0.71,3.03,0.75,0.38,0.63,2.86,2.30,0.81,1.71,4.66,1694.40,59.90,1596.99,2282.00,30.27,4.58,20.28,42.72,1700.89,55.74,1617.06,2286.58,33.31,5.30,23.95,52.58
30,20,2.70,0.80,2.43,4.98,2.47,0.01,2.45,2.49,1.29,0.67,1.02,3.79,1.19,0.70,0.92,3.84,9.61,1.14,8.05,12.47,1701.08,64.78,1605.18,2322.39,31.64,4.73,22.39,46.38,1702.91,60.75,1612.02,2443.58,34.97,4.92,25.05,50.62
40,20,4.15,0.02,4.13,4.18,4.17,0.01,4.17,4.19,1.62,0.61,1.34,3.95,1.50,0.70,1.20,4.15,12.06,1.02,10.23,15.55,1708.49,75.61,1607.95,2405.34,28.76,4.46,20.34,42.43,1696.18,64.46,1601.21,2322.17,26.99,4.47,18.87,42.69
50,20,7.05,0.83,6.76,9.39,6.80,0.02,6.78,6.84,2.02,0.67,1.67,4.37,1.86,0.72,1.50,4.48,12.60,1.11,10.77,16.32,1702.68,101.28,1602.39,2523.48,26.05,4.04,18.23,38.82,1700.64,73.24,1605.88,2300.78,31.00,4.81,22.45,47.41
60,20,9.51,0.04,9.47,9.62,9.54,0.02,9.51,9.59,2.45,0.86,1.97,5.30,2.29,0.97,1.76,5.10,14.37,1.08,12.19,17.95,1704.09,95.23,1602.76,2506.78,29.87,4.24,21.39,43.85,1710.74,89.49,1612.14,2467.29,32.56,5.30,23.57,52.35
70,20,12.77,0.53,12.58,14.28,13.06,0.93,12.72,15.69,2.81,0.87,2.32,5.42,2.64,1.00,2.08,5.50,16.17,1.33,13.60,21.01,1713.85,113.73,1605.11,2578.02,30.66,4.67,21.34,47.96,1710.61,81.19,1604.89,2360.88,29.27,4.90,20.53,44.96
80,20,16.10,0.40,15.95,17.24,16.02,0.01,16.00,16.04,3.16,0.83,2.63,5.71,2.95,1.00,2.35,5.85,18.73,1.56,15.60,23.92,1712.42,100.29,1609.49,2550.34,35.73,6.13,24.08,54.03,1701.85,98.66,1591.57,2514.52,26.92,4.28,17.92,40.86
90,20,20.90,0.08,20.85,21.12,21.06,0.36,20.91,22.07,3.52,0.78,2.97,5.76,3.23,0.82,2.66,5.68,17.51,1.52,15.85,21.84,1714.22,116.88,1610.42,2548.39,33.60,4.39,24.37,47.93,1706.44,86.63,1609.71,2453.70,29.03,4.76,19.76,43.57
100,20,26.01,0.54,25.82,27.55,26.04,0.81,25.75,28.34,3.92,0.91,3.25,6.53,3.56,0.94,2.89,6.03,20.12,1.60,17.12,24.51,1712.46,127.22,1608.08,2640.37,27.25,4.18,19.20,41.51,1704.08,98.53,1589.27,2453.82,36.52,5.49,26.06,58.49
200,20,105.49,2.21,104.66,111.79,106.24,3.52,104.29,116.00,8.04,1.07,6.61,10.24,6.93,1.07,5.26,9.32,29.85,2.64,27.48,39.08,1754.59,202.14,1621.23,2855.13,29.81,4.27,22.37,44.28,1723.29,137.40,1616.36,2671.67,37.88,5.66,26.31,53.89
300,20,226.14,1.41,225.11,228.71,224.68,4.56,219.36,230.89,11.80,1.11,9.87,15.95,10.01,1.14,8.54,14.01,42.13,3.09,40.03,53.98,1778.74,239.17,1629.23,3064.62,34.05,4.18,26.65,49.67,1734.31,161.74,1615.79,2692.43,38.02,5.96,25.68,56.54
400,20,397.68,2.04,395.82,401.20,392.04,3.31,389.46,398.60,15.43,1.50,12.91,19.43,12.24,1.02,11.53,16.90,50.93,2.84,49.02,64.02,1825.40,301.34,1632.23,3258.55,35.19,4.04,28.37,50.22,1760.71,189.95,1626.54,2861.54,51.63,6.12,38.52,70.52
500,20,626.94,2.38,623.27,631.34,625.95,1.86,623.56,628.87,19.34,1.54,16.35,23.12,15.02,0.49,14.61,18.93,87.16,3.48,84.96,109.21,1881.74,397.39,1646.93,3503.35,39.47,4.58,31.98,57.65,1783.42,231.70,1635.34,2882.41,55.10,7.19,36.62,76.46
600,20,899.45,2.09,895.38,902.96,877.76,4.41,872.97,886.51,21.31,2.18,18.71,26.48,18.93,1.93,17.03,23.97,133.46,4.12,130.75,178.46,1931.19,447.84,1655.75,3589.21,44.59,7.52,31.83,68.03,1794.68,259.10,1619.13,3092.14,63.35,7.57,45.40,82.25
700,20,1211.00,4.96,1207.08,1224.13,1163.34,2.79,1160.03,1168.21,25.36,2.55,21.59,32.37,21.40,2.08,19.66,27.00,409.55,8.32,397.23,468.91,1974.79,524.98,1662.10,3830.50,45.85,4.33,37.75,60.47,1797.66,298.03,1591.72,3356.42,57.28,8.53,36.52,79.52
800,20,1556.05,29.70,1516.40,1591.74,1560.91,7.26,1551.51,1572.63,29.81,2.58,25.46,35.22,23.60,0.66,23.10,28.39,454.99,13.62,424.67,555.69,2017.24,581.92,1662.73,4171.56,50.85,4.80,42.21,70.33,1825.70,296.48,1629.09,3218.42,70.18,9.70,48.57,94.16
900,20,1974.44,40.64,1910.72,2024.27,1950.83,4.15,1943.36,1955.43,32.99,2.54,28.60,38.92,26.52,0.83,25.93,32.37,501.38,8.22,494.73,582.54,2086.57,671.01,1663.92,3991.28,49.60,4.71,40.64,66.67,1882.79,378.32,1658.77,3462.40,73.25,10.70,48.95,98.77
1000,20,2403.88,53.22,2334.32,2484.93,2399.94,5.01,2391.37,2411.45,35.68,3.37,31.28,43.65,29.84,1.89,28.41,38.42,564.05,65.78,529.17,1017.93,2113.42,727.26,1651.16,5751.16,53.36,5.00,43.80,69.08,1885.52,403.57,1650.41,4121.64,72.35,9.21,50.55,96.57
2000,20,9230.39,6.55,9217.65,9240.29,9239.83,4.31,9234.19,9247.34,68.10,6.34,62.30,86.46,57.27,1.15,56.10,64.96,758.26,20.91,739.48,966.42,3029.45,1402.91,1716.09,5678.30,122.47,7.83,99.83,142.01,2109.72,665.30,1677.42,5511.04,131.41,11.45,94.23,160.43
3000,20,20676.35,38.63,20642.10,20780.86,20710.29,25.89,20689.41,20778.59,109.19,10.17,98.94,141.82,91.80,1.96,89.08,104.33,966.04,23.91,950.40,1172.68,3623.90,1638.25,1722.69,8420.20,162.27,9.23,135.66,200.91,2449.00,984.63,1662.51,6070.02,162.95,8.60,139.22,191.18
4000,20,39797.02,17.17,39772.42,39824.98,38792.53,11.39,38770.34,38812.69,167.42,9.95,154.43,208.62,141.37,2.56,137.61,154.88,1493.14,30.79,1463.38,1719.00,4542.92,1722.63,1840.77,7400.53,203.24,9.83,173.95,234.53,2824.24,1186.65,1726.52,5205.00,201.55,12.83,173.32,247.74
5000,20,66852.37,25.76,66817.63,66888.09,61970.88,30.67,61932.23,62033.12,270.72,75.79,243.68,816.31,238.47,76.35,218.32,775.86,1856.47,141.61,1775.79,2349.80,5394.81,1691.57,2025.50,8214.39,297.96,148.88,242.49,1346.46,3034.10,1282.16,1718.80,5909.92,286.06,138.88,228.18,1291.02
6000,20,98451.85,74.48,98361.67,98609.95,96042.25,65.48,95954.52,96171.44,320.87,79.78,274.85,823.47,282.93,80.32,242.17,793.56,2027.80,169.06,1922.44,2578.63,6370.96,1873.16,3321.14,12302.78,359.29,169.52,294.90,1446.35,3570.28,1492.62,1800.85,6660.51,355.01,165.26,282.10,1419.74
7000,20,128445.16,83.62,128355.88,128610.63,118485.25,86.68,118383.03,118652.65,365.39,79.36,321.56,858.07,329.31,80.68,289.23,828.23,2168.84,145.87,2045.29,2604.21,7439.69,2492.75,4038.49,16080.21,410.66,181.91,341.65,1602.11,3804.97,1536.65,1801.67,6796.09,410.61,182.57,338.18,1589.08
8000,20,179694.80,652.63,179437.86,181548.93,169790.75,92.27,169657.80,169923.84,439.93,96.74,391.35,974.61,403.67,96.81,357.92,943.82,2506.09,184.01,2325.53,2923.22,9238.65,3090.32,5298.10,15102.81,474.50,216.17,390.11,1700.72,4084.59,1643.87,1882.94,7649.45,463.16,214.32,380.92,1672.12
9000,20,224376.82,121.51,224098.09,224530.18,210030.90,137.17,209905.96,210342.54,483.95,106.13,427.87,1001.26,446.33,106.21,393.74,964.21,2643.75,243.94,2467.32,3223.89,8859.59,2979.85,5144.60,15968.80,546.09,260.11,448.19,1868.36,4344.87,1712.98,1944.85,7722.40,569.84,252.98,467.57,1864.46
10000,20,287032.74,116.80,286823.84,287185.49,272561.47,93.72,272394.93,272758.88,571.65,116.21,508.43,1136.43,536.01,117.26,476.62,1107.57,3050.00,199.34,2825.80,3474.24,9570.05,2936.33,5559.46,16023.86,630.32,306.68,505.57,2192.49,4578.11,1732.93,2064.54,7925.48,627.36,284.70,520.22,2067.61
20000,20,1213525.75,713.70,1212219.76,1214668.19,1221979.06,466.78,1221330.44,1222540.95,1209.19,156.61,1116.74,1941.59,1142.73,181.77,1056.03,1718.64,5628.31,312.88,5245.73,6316.21,15380.68,8055.67,7197.62,29797.46,1120.77,255.69,982.17,2114.75,5650.81,1832.23,2403.20,8940.52,1068.80,156.63,950.27,1734.21
30000,20,2726695.60,622.34,2725413.66,2727806.85,2765909.51,3290.31,2761334.96,2769337.45,1879.09,307.09,1734.64,2908.26,1731.88,209.61,1641.45,2598.81,36635.54,602.67,35498.77,37702.62,13648.38,2297.96,9098.77,18846.07,1852.34,390.91,1518.62,3280.70,6535.77,1666.32,3158.33,11372.63,1642.11,333.61,1460.91,2906.75
10,30,0.71,1.10,0.34,3.85,0.49,0.10,0.35,0.60,0.46,0.19,0.41,2.16,0.41,0.18,0.36,2.23,1.27,0.30,1.10,4.07,1694.76,51.33,1595.56,2196.24,36.73,5.84,25.18,54.74,1701.12,48.93,1601.32,2210.37,30.84,5.03,19.83,47.20
20,30,1.16,0.01,1.15,1.18,1.17,0.01,1.16,1.19,0.89,0.47,0.72,3.25,0.81,0.50,0.64,3.46,2.51,0.78,2.03,5.14,1700.44,54.43,1610.79,2212.55,29.33,4.88,18.69,43.50,1700.34,59.60,1608.53,2313.50,34.33,4.91,23.56,49.75
30,30,2.48,0.16,2.42,2.93,2.46,0.02,2.43,2.49,1.34,0.65,1.06,3.80,1.24,0.70,0.94,3.76,9.04,1.22,7.65,11.56,1703.80,68.54,1611.32,2421.93,38.49,4.91,28.13,54.64,1701.66,56.38,1600.57,2259.95,30.47,5.28,19.65,49.05
40,30,4.03,0.05,4.00,4.15,4.02,0.02,4.01,4.07,1.67,0.63,1.37,4.03,1.56,0.75,1.22,4.65,10.63,1.15,8.64,13.40,1702.48,76.86,1610.28,2432.92,34.89,5.32,24.03,51.40,1702.21,66.61,1604.66,2312.76,31.87,5.29,21.96,47.58
50,30,6.14,0.21,6.06,6.73,6.18,0.02,6.16,6.21,2.10,0.76,1.69,5.09,1.96,0.95,1.49,5.07,11.89,1.13,9.77,15.71,1700.06,95.29,1603.48,2486.55,29.13,4.60,19.19,44.76,1704.56,81.92,1607.64,2385.03,28.65,4.78,19.21,45.09
60,30,9.27,0.45,9.08,10.55,9.10,0.56,8.88,10.70,2.41,0.62,2.03,4.65,2.14,0.67,1.79,4.81,13.18,1.05,11.64,17.09,1706.05,95.67,1594.93,2496.33,32.36,4.78,22.62,46.93,1705.46,82.48,1610.80,2401.68,33.54,5.33,23.93,50.00
70,30,12.62,1.27,12.00,15.53,12.24,0.39,12.08,13.31,2.92,0.93,2.36,5.72,2.69,0.98,2.10,5.31,16.18,1.67,13.99,20.98,1704.07,113.91,1605.64,2582.33,29.67,4.39,20.89,42.88,1698.64,89.33,1597.20,2454.81,29.47,4.67,20.30,44.46
80,30,15.70,0.38,15.54,16.77,16.00,1.00,15.63,18.83,3.20,0.81,2.67,5.79,2.92,0.86,2.38,5.73,17.00,1.43,15.30,21.74,1712.58,113.43,1604.44,2605.14,32.74,5.03,21.70,47.24,1701.91,92.40,1602.88,2504.11,30.15,4.84,21.11,46.92
90,30,20.26,2.61,19.14,27.21,19.38,0.44,19.22,20.64,3.64,0.86,3.02,6.00,3.21,0.85,2.65,5.85,17.29,1.38,15.36,21.91,1720.29,122.69,1614.65,2599.83,28.73,5.08,18.06,43.76,1706.70,97.20,1601.54,2480.41,31.69,5.09,22.68,48.55
100,30,24.48,1.58,23.76,28.46,23.86,0.18,23.78,24.37,4.06,1.05,3.29,7.07,3.25,0.70,2.92,6.29,19.65,1.72,16.66,24.20,1718.91,126.09,1609.63,2626.54,29.44,4.39,20.64,42.57,1708.18,105.00,1597.27,2560.23,36.99,5.19,26.07,55.44
200,30,96.75,1.40,96.06,100.41,96.42,0.87,96.08,98.90,7.73,1.00,6.62,10.18,6.15,0.79,5.28,8.39,30.16,2.36,28.08,38.59,1756.55,202.78,1628.42,2867.15,35.20,4.91,25.70,50.76,1727.45,142.23,1624.25,2697.39,35.65,5.04,26.07,50.05
300,30,212.65,1.42,211.23,214.62,207.84,7.31,195.83,217.55,12.26,1.32,9.49,16.38,9.06,1.03,8.23,14.04,40.99,2.83,38.44,52.89,1793.72,255.93,1621.99,2995.48,36.07,4.38,28.48,51.73,1742.06,168.64,1624.15,2747.19,39.05,6.13,26.88,57.56
400,30,379.31,2.80,376.68,383.47,361.80,5.24,352.97,368.82,14.78,1.35,12.49,19.05,12.96,1.39,11.06,17.13,48.02,1.13,46.21,54.62,1825.81,298.36,1637.56,3200.99,40.49,5.06,31.84,54.81,1761.58,202.76,1622.00,2889.01,45.65,6.76,30.49,68.75
500,30,594.17,2.33,590.65,598.44,570.61,4.90,563.03,580.00,19.12,2.10,16.16,24.10,15.90,1.70,14.17,20.95,73.09,1.92,71.49,87.79,1879.70,390.19,1655.28,3536.12,49.82,5.08,38.84,62.67,1786.54,245.33,1618.35,2985.59,56.87,7.34,40.03,81.27
600,30,851.86,1.83,848.02,854.29,846.35,3.18,841.23,852.88,22.30,2.26,19.77,28.45,19.49,1.94,17.78,24.27,386.28,9.31,370.40,437.00,1922.78,440.68,1662.06,3493.45,40.35,4.39,32.71,55.37,1809.00,266.63,1645.82,3225.14,55.89,7.29,40.23,75.28
700,30,1151.33,1.57,1148.59,1153.51,1125.72,2.62,1123.16,1129.94,25.93,2.62,22.71,31.85,22.33,2.24,20.35,28.35,426.10,8.08,413.32,470.49,1979.76,523.09,1663.48,3776.69,51.55,8.06,39.15,71.47,1814.08,275.05,1638.58,3387.73,61.01,8.64,41.90,84.09
800,30,1624.54,27.11,1569.56,1651.09,1499.93,4.33,1492.83,1504.67,30.15,2.86,26.26,37.09,24.87,1.99,23.58,31.57,465.11,8.58,451.29,518.97,2033.80,588.47,1671.12,3995.24,51.79,4.36,43.74,66.21,1833.73,301.26,1636.91,3532.79,71.53,10.84,46.04,100.30
900,30,1876.86,29.08,1835.91,1911.61,1865.12,1.82,1862.79,1868.88,34.17,3.11,29.66,41.65,27.25,0.72,26.62,32.04,516.46,7.29,504.49,557.94,2100.47,677.33,1668.93,4067.58,62.89,10.99,47.36,94.19,1883.26,386.56,1651.52,3513.68,69.68,9.19,50.14,97.15
1000,30,2341.56,12.61,2331.50,2362.39,2345.02,2.54,2342.28,2350.18,37.72,3.75,33.78,48.32,31.76,2.36,30.28,41.21,555.05,8.23,544.40,614.33,2111.57,677.89,1664.12,4323.58,51.55,4.83,43.06,69.73,1892.77,395.42,1660.09,3862.59,74.47,10.37,52.44,102.44
2000,30,9138.43,7.74,9126.72,9154.97,9129.12,5.73,9124.22,9141.62,73.88,7.09,68.18,95.83,61.85,1.20,60.37,68.75,815.69,20.11,804.69,1051.63,2942.55,1329.08,1718.10,5322.52,127.46,7.04,108.85,146.95,2104.77,631.71,1686.08,4227.71,118.06,13.50,86.57,185.54
3000,30,20222.29,10.19,20208.11,20238.56,20273.73,12.14,20259.19,20301.03,114.66,6.81,107.28,139.65,99.68,2.28,95.96,112.94,1024.07,26.24,999.81,1242.32,3432.83,1477.65,1752.60,6442.65,169.97,12.32,142.63,206.10,2415.84,917.46,1712.04,4752.73,165.05,9.54,140.73,194.19
4000,30,37429.83,28.27,37397.19,37495.21,37813.63,1324.72,36440.71,39106.31,170.59,8.72,158.48,212.15,144.13,3.85,139.39,169.88,1474.21,30.21,1450.97,1702.24,4564.13,1714.94,1846.93,7390.60,207.15,9.97,180.13,236.12,2849.68,1229.47,1728.71,5231.44,208.71,14.25,177.78,455.68
5000,30,61703.10,28.65,61658.00,61754.49,57202.19,39.57,57149.64,57272.17,269.50,73.40,244.23,784.42,240.02,71.60,219.82,761.92,1842.99,141.50,1736.38,2361.82,5520.81,1655.70,2163.19,8309.81,325.14,159.02,248.51,1485.81,3096.56,1300.30,1723.70,5894.61,313.93,148.63,263.13,1388.17
6000,30,88558.76,62.84,88491.38,88679.76,87503.90,89.23,87412.66,87676.26,327.90,83.28,300.27,853.56,293.64,84.63,267.38,827.42,1975.88,173.84,1861.86,2546.83,6277.90,1832.53,3219.55,12449.11,371.47,170.94,300.27,1467.33,3515.13,1493.13,1771.81,6574.32,381.31,181.30,317.25,1534.70
7000,30,126661.69,48.91,126574.62,126717.01,116786.06,53.89,116683.92,116882.43,399.26,86.49,372.44,953.92,363.80,87.10,338.49,920.37,2326.93,167.03,2249.97,2840.32,7184.47,2260.88,3881.58,14514.64,445.85,195.93,372.61,1688.69,3749.90,1537.08,1789.62,6812.88,430.33,187.21,359.97,1658.28
8000,30,161044.85,122.35,160954.66,161368.14,151014.30,73.62,150901.51,151126.67,439.68,95.05,411.42,976.74,405.79,95.10,379.60,944.81,2436.95,196.67,2325.14,2911.97,8062.38,2704.87,4556.82,15721.33,488.16,214.81,420.68,1771.86,4168.96,1660.91,1913.30,7604.28,498.48,228.65,405.54,1800.96
9000,30,212104.50,85.87,211958.18,212225.66,194220.65,103.25,194101.29,194400.97,493.10,110.31,458.46,1042.72,465.16,109.58,431.28,1010.55,2618.54,255.50,2424.97,3202.48,8966.02,3046.42,4971.80,16507.48,575.37,261.31,490.86,2021.66,4336.89,1682.13,1966.01,7699.71,577.15,278.86,469.40,2001.90
10000,30,268942.14,142.29,268677.13,269168.63,251909.68,91.83,251782.31,252072.75,582.02,118.44,508.92,1171.88,546.23,119.96,512.46,1145.57,3090.46,217.27,2941.28,3561.94,9485.74,2900.63,5579.16,16197.30,624.88,269.76,519.33,2099.16,4460.77,1711.07,2021.48,7634.12,614.11,273.66,513.41,2016.81
20000,30,1095854.08,711.72,1094931.53,1097029.75,1090597.18,352.27,1089860.64,1091006.66,1152.43,216.73,1054.01,1850.91,1088.06,166.14,1008.18,1614.54,5567.83,376.25,5143.47,6419.15,16029.84,9025.53,6993.64,31138.92,1284.87,645.67,1001.92,3394.42,5716.10,1840.31,2473.92,8754.93,1280.05,631.48,1004.75,3356.39
30000,30,2501368.91,45588.02,2474816.84,2586887.48,2541065.86,117.28,2540897.78,2541245.30,1921.00,362.76,1676.00,3094.89,1777.16,245.92,1656.97,2625.02,36507.01,379.68,35412.57,37456.96,19451.23,7957.08,8833.00,30903.06,1941.35,344.83,1613.48,3024.91,7078.67,2137.28,3283.71,22536.38,1720.68,299.82,1498.75,2656.79
10,40,0.42,0.19,0.35,0.95,0.35,0.01,0.34,0.38,0.47,0.14,0.42,1.48,0.43,0.27,0.37,3.34,0.96,0.31,0.79,3.35,1694.14,49.56,1603.95,2209.51,31.45,5.12,20.34,46.22,1703.08,50.56,1601.59,2197.86,28.96,4.83,18.78,43.64
20,40,1.14,0.02,1.13,1.18,1.16,0.01,1.14,1.18,0.89,0.39,0.74,2.91,0.79,0.39,0.65,2.80,1.85,0.74,1.36,4.20,1698.05,56.14,1604.05,2213.97,26.26,4.45,17.15,39.92,1699.38,57.96,1605.93,2236.01,39.69,5.57,28.49,56.58
30,40,2.56,0.80,2.29,4.83,2.32,0.02,2.30,2.35,1.35,0.63,1.08,3.80,1.25,0.73,0.94,4.04,9.65,1.18,8.01,12.16,1701.20,78.68,1597.90,2481.72,33.03,5.12,22.07,47.88,1697.85,64.58,1599.29,2381.55,33.24,5.35,23.28,48.30
40,40,4.10,0.79,3.82,6.33,4.17,0.99,3.85,6.98,1.75,0.73,1.40,4.26,1.60,0.79,1.24,4.32,11.65,1.19,9.83,14.81,1695.93,81.25,1599.81,2455.32,32.00,4.90,21.50,46.47,1693.38,63.91,1600.58,2295.29,31.37,5.40,20.53,49.41
50,40,6.66,1.33,5.98,9.91,6.05,0.08,6.01,6.27,2.15,0.74,1.73,4.56,1.99,0.85,1.52,4.70,12.41,1.05,10.63,15.86,1703.20,91.75,1603.25,2531.60,34.39,5.54,23.56,51.67,1696.88,75.76,1598.20,2340.07,28.39,4.81,19.36,42.99
60,40,8.72,0.46,8.54,10.04,8.83,0.61,8.61,10.57,2.44,0.64,2.06,4.55,2.23,0.69,1.82,4.74,13.31,0.87,12.37,17.34,1712.64,95.73,1609.83,2514.91,28.55,4.82,18.05,44.06,1701.65,83.43,1603.50,2427.96,29.97,5.03,20.38,46.85
70,40,11.62,0.70,11.38,13.61,11.79,1.03,11.46,14.71,2.88,0.82,2.40,5.72,2.60,0.81,2.14,5.36,16.48,1.45,14.28,20.83,1711.50,107.43,1610.02,2511.78,39.64,5.02,28.11,55.04,1710.88,80.50,1608.92,2405.11,32.45,4.86,23.15,46.31
80,40,15.62,0.59,15.39,17.30,16.12,1.16,15.50,18.74,3.36,0.92,2.74,5.78,3.06,0.99,2.42,5.53,19.24,1.96,16.48,23.95,1716.45,111.67,1609.25,2729.86,32.43,5.05,22.10,47.82,1710.64,88.29,1608.67,2479.81,35.47,4.98,26.13,50.84
90,40,19.23,1.85,18.59,24.50,18.95,0.78,18.65,21.17,3.77,0.89,3.07,6.33,3.46,0.98,2.73,6.09,16.81,1.42,15.12,21.03,1711.21,111.31,1602.96,2742.54,28.68,4.42,19.89,43.05,1719.64,102.72,1623.08,2527.90,33.34,5.17,24.15,50.31
100,40,22.77,1.81,22.17,27.91,22.69,1.29,22.25,26.37,4.26,1.05,3.43,6.74,3.93,1.13,3.05,6.36,18.39,1.70,16.50,23.82,1720.75,121.98,1609.29,2581.49,33.15,4.89,23.86,47.07,1718.22,106.84,1616.63,2619.29,33.50,4.91,24.98,49.77
200,40,91.83,1.93,90.41,95.70,93.11,1.43,91.90,95.79,8.91,1.20,6.88,10.87,7.63,0.98,5.88,9.66,30.13,1.56,29.10,38.33,1766.81,238.97,1623.32,2956.52,35.33,4.65,25.80,50.09,1735.82,149.91,1621.71,2757.10,33.91,5.12,24.83,52.41
300,40,202.18,1.86,200.36,205.24,200.55,2.35,198.33,204.86,12.04,1.30,9.65,15.91,9.46,0.92,8.82,13.76,41.57,2.77,39.83,53.12,1783.10,225.36,1632.02,2907.28,32.07,4.21,23.91,45.57,1749.74,162.06,1628.37,2703.41,41.03,6.48,28.83,60.10
400,40,356.88,2.77,353.92,363.13,347.77,2.53,343.93,351.79,15.62,1.71,13.18,21.11,13.32,1.63,11.67,17.43,51.39,1.07,50.41,58.10,1832.25,294.48,1634.76,3168.39,37.30,4.49,28.91,52.15,1769.75,183.30,1633.80,2826.03,45.96,6.77,32.15,65.81
500,40,559.05,2.09,556.58,562.50,552.40,2.77,548.85,557.87,18.90,2.00,16.68,23.58,16.67,1.74,14.79,21.62,83.92,1.61,82.73,96.64,1892.61,398.14,1663.48,3483.12,50.35,5.19,39.68,65.02,1797.50,227.27,1638.04,2900.79,59.97,7.39,43.51,82.25
600,40,797.52,3.22,793.46,804.41,796.31,2.94,793.64,803.39,22.64,2.25,20.11,28.08,19.57,1.91,17.90,25.06,239.27,14.72,213.29,305.66,1933.54,457.62,1659.92,3551.61,44.05,4.57,35.57,58.54,1816.10,260.36,1651.70,3302.07,55.98,7.59,38.63,76.62
700,40,1090.66,2.45,1087.98,1094.09,1079.01,1.49,1078.18,1083.18,27.21,2.89,23.43,34.23,21.37,0.45,20.98,24.76,418.14,4.18,411.41,444.26,1978.43,509.98,1662.08,3848.84,46.22,4.31,38.00,58.43,1845.06,304.94,1651.66,3535.68,60.20,9.91,38.95,84.50
800,40,1401.36,14.26,1365.79,1412.43,1391.49,2.24,1389.53,1396.24,30.48,3.07,27.04,37.95,24.59,0.59,24.07,28.78,486.36,6.96,471.16,521.40,2022.10,563.29,1662.61,3906.95,54.09,4.64,45.88,69.48,1854.34,321.52,1646.40,3470.20,75.94,10.42,50.25,99.92
900,40,1783.08,10.10,1771.79,1798.20,1788.04,3.86,1779.72,1793.09,35.15,3.18,30.93,43.60,28.49,1.03,27.74,35.36,506.80,11.65,465.08,547.19,2091.94,656.55,1675.05,4086.20,70.15,13.37,52.79,111.86,1882.11,362.60,1657.03,3440.84,78.67,9.79,55.82,103.27
1000,40,2161.69,41.55,2105.10,2209.63,2151.04,3.49,2148.03,2159.40,37.04,3.58,33.27,47.29,30.82,1.95,29.66,39.76,530.92,6.45,522.22,576.81,2154.42,785.77,1666.14,5846.26,55.22,4.63,46.15,70.34,1897.13,405.35,1656.09,3973.98,75.13,10.41,52.67,101.45
2000,40,8713.28,8.39,8698.68,8727.68,8720.13,7.88,8711.56,8736.76,75.81,6.92,69.73,95.69,63.80,1.09,62.49,68.88,819.53,16.40,807.53,1048.84,3097.47,1415.60,1741.54,5412.25,143.47,9.82,122.66,171.33,2163.34,686.61,1709.47,4401.43,132.75,8.88,113.44,160.89
3000,40,19231.96,24.03,19202.72,19292.45,19224.89,29.36,19199.39,19302.69,115.17,9.47,108.44,146.56,98.40,2.19,95.95,113.33,1021.78,23.31,1009.88,1232.32,3472.57,1488.65,1778.46,6502.19,183.03,12.73,154.89,222.25,2426.01,925.24,1707.24,4882.24,167.97,9.89,143.98,210.73
4000,40,35144.59,28.68,35112.98,35177.12,34255.64,16.39,34229.71,34282.34,168.55,9.14,158.49,201.52,143.41,3.62,139.11,165.35,1495.52,29.60,1469.60,1718.30,4551.30,1703.48,1881.42,7413.78,218.18,10.92,189.09,292.00,2769.09,1181.03,1735.14,5274.24,208.33,16.57,180.37,493.44
5000,40,56642.09,37.37,56600.16,56704.95,54612.35,31.15,54574.34,54676.71,267.59,76.42,241.53,792.25,235.50,73.22,214.83,768.24,1901.80,144.36,1790.78,2407.12,5467.17,1702.62,2063.10,8212.57,351.59,166.38,296.99,1563.73,3066.78,1302.92,1733.32,5845.73,318.63,151.09,267.70,1420.29
6000,40,84988.16,37.09,84943.01,85034.29,80522.36,49.77,80454.37,80598.93,333.14,85.05,297.10,866.52,299.81,85.01,265.89,835.87,2054.64,176.66,1936.57,2577.72,6344.48,1862.99,3164.96,12552.39,382.65,196.13,314.85,1626.04,3504.69,1468.84,1795.83,6530.72,370.72,171.56,305.18,1457.89
7000,40,116574.47,65.63,116465.88,116711.46,109884.89,39.51,109828.68,109950.35,392.15,85.65,353.41,942.70,367.31,85.49,328.31,916.78,2316.84,155.12,2243.16,2791.10,7202.72,2315.07,3898.39,14890.11,444.61,194.76,375.49,1707.87,3746.80,1515.61,1809.13,6784.44,448.16,200.05,378.99,1751.25
8000,40,162468.22,114.34,162290.71,162741.69,150956.94,80.95,150790.16,151100.04,474.35,102.51,421.53,1046.45,430.33,99.33,384.30,991.54,2583.83,190.60,2471.17,3043.95,8150.72,2731.94,4640.07,15704.33,520.80,221.00,445.92,1873.07,4167.15,1664.12,1925.15,7465.97,505.70,235.47,422.83,1858.49
9000,40,194801.06,82.06,194693.83,194974.82,184031.04,73.41,183937.00,184126.10,494.38,107.16,438.71,1025.71,463.45,107.00,409.26,994.69,2634.16,249.37,2451.34,3186.15,9201.57,3025.46,5126.71,16040.89,584.97,270.59,489.05,2051.57,4409.99,1701.42,2041.13,7718.90,579.72,271.76,476.06,1969.60
10000,40,260513.09,317.38,260229.08,261358.02,243556.04,163.77,243367.69,243810.00,599.73,119.94,543.12,1195.42,571.12,120.41,514.18,1168.68,3029.68,257.63,2870.41,3588.25,9508.77,2985.80,5577.50,16175.02,623.23,271.08,509.82,2085.99,4535.50,1728.62,2039.70,7968.11,636.09,291.74,526.72,2129.82
20000,40,1058239.24,208.70,1057829.61,1058447.39,1029290.66,849.92,1028356.85,1030764.60,1251.11,233.62,1139.95,2012.32,1186.24,181.58,1110.68,1778.22,5539.55,335.60,5150.92,6352.91,16730.69,9264.30,7112.95,31358.41,1328.73,643.09,1038.82,3492.87,5824.07,1863.29,2424.95,8878.21,1316.88,608.09,1022.49,3344.61
30000,40,2349486.74,4160.41,2344884.00,2355142.42,2433289.87,291.55,2432878.32,2433793.48,1915.59,276.56,1671.79,3047.58,1784.89,147.33,1675.29,2355.27,34858.51,462.07,33686.88,36345.89,19300.75,8122.67,8492.28,30131.13,2019.14,452.10,1602.80,3336.17,7056.21,1922.38,3457.29,16193.37,1954.22,398.95,1619.08,3235.92
10,50,0.46,0.27,0.35,1.21,0.37,0.01,0.36,0.38,0.53,0.29,0.45,3.31,0.44,0.11,0.40,1.44,1.40,1.61,0.77,9.69,1692.23,47.99,1603.05,2150.73,29.52,4.64,19.35,42.87,1702.07,59.70,1612.14,2374.14,30.86,4.65,20.21,45.26
20,50,1.00,0.01,0.98,1.02,1.00,0.01,0.98,1.02,0.96,0.50,0.77,3.23,0.86,0.52,0.67,3.11,2.49,0.87,1.83,4.75,1697.58,56.61,1596.13,2254.65,31.14,4.86,21.04,45.97,1701.71,56.71,1617.55,2268.49,28.75,4.95,18.53,43.77
30,50,2.24,0.50,2.05,3.65,2.08,0.01,2.06,2.09,1.31,0.46,1.10,3.29,1.16,0.45,0.96,3.17,8.97,0.75,8.30,11.91,1705.52,68.90,1612.61,2359.80,27.76,4.62,17.75,42.24,1705.67,57.03,1612.91,2244.46,31.71,5.12,20.87,46.87
40,50,3.94,0.51,3.77,5.40,3.92,0.29,3.82,4.74,1.76,0.60,1.45,3.90,1.60,0.66,1.27,3.97,10.39,1.03,8.84,13.28,1710.82,83.76,1603.89,2507.31,33.69,5.40,22.63,52.20,1705.40,69.46,1606.36,2330.17,29.00,5.09,18.97,44.34
50,50,5.64,0.06,5.60,5.80,5.70,0.05,5.64,5.77,2.15,0.69,1.76,4.84,1.96,0.78,1.54,4.76,11.60,1.05,9.52,14.70,1722.77,110.33,1624.93,2568.42,30.22,4.55,21.12,43.19,1702.51,78.60,1607.29,2426.45,28.00,5.02,17.90,42.85
60,50,7.71,0.42,7.56,8.89,7.63,0.02,7.60,7.67,2.46,0.62,2.09,4.74,2.25,0.72,1.84,4.81,13.93,1.05,12.26,17.63,1719.13,93.68,1623.34,2528.24,29.63,4.53,20.27,42.01,1709.36,83.10,1613.29,2373.07,30.87,4.77,21.72,45.53
70,50,10.75,0.78,10.49,12.98,10.88,1.11,10.51,14.03,3.05,0.84,2.47,5.33,2.76,0.89,2.18,5.24,14.62,1.37,13.16,19.75,1706.67,98.56,1597.54,2427.69,31.77,4.45,22.43,44.82,1710.69,83.74,1615.28,2410.41,29.77,4.87,20.47,46.07
80,50,14.20,1.25,13.76,17.75,14.22,0.85,13.83,16.44,3.41,0.84,2.79,5.85,2.78,0.60,2.41,5.16,18.30,1.49,15.91,22.34,1716.32,105.15,1618.61,2560.44,31.96,4.58,22.71,46.50,1715.51,96.92,1619.52,2530.77,36.20,5.35,24.88,53.36
90,50,17.81,0.41,17.64,18.96,17.99,0.83,17.70,20.35,3.79,0.84,3.14,6.09,3.08,0.60,2.70,5.40,17.91,1.51,15.50,22.31,1714.11,110.24,1612.28,2598.97,33.60,4.81,23.09,48.60,1716.84,90.39,1619.60,2430.29,32.52,5.00,23.68,48.76
100,50,22.69,1.61,21.74,26.54,22.30,1.17,21.80,25.52,4.35,1.08,3.50,6.97,3.93,1.09,3.08,6.36,19.68,1.70,18.15,25.11,1721.37,122.94,1612.40,2570.03,35.38,4.98,24.72,50.44,1721.82,102.73,1626.20,2549.68,33.15,5.05,24.37,51.63
200,50,85.75,0.82,85.17,87.47,85.30,0.65,84.94,87.09,8.41,1.19,6.90,11.26,6.83,1.05,5.69,9.31,30.91,2.63,28.87,39.96,1764.98,208.95,1633.38,2828.35,33.70,4.35,25.06,47.55,1738.88,144.17,1621.69,2713.75,36.18,5.37,26.62,54.14
300,50,193.72,1.58,191.70,196.14,185.16,2.42,182.99,190.16,13.02,1.58,10.53,17.31,10.66,1.56,9.18,15.15,40.67,0.91,39.93,46.58,1784.54,238.10,1631.15,3003.51,36.84,4.58,28.90,52.21,1751.89,169.69,1627.19,2782.18,46.12,5.48,34.44,65.86
400,50,334.61,2.55,331.91,339.41,325.24,1.44,323.05,327.32,16.54,1.63,13.60,20.61,12.60,0.95,11.99,16.98,52.31,1.78,51.00,64.88,1837.07,306.87,1656.64,3317.54,37.76,4.19,30.00,50.87,1774.53,195.99,1633.02,2801.10,47.24,7.02,32.66,67.65
500,50,522.22,2.71,519.04,525.81,507.20,2.01,505.06,510.67,19.35,2.02,16.60,25.01,16.44,1.71,14.87,20.79,69.65,1.36,68.50,78.84,1894.58,411.30,1657.96,3521.73,40.41,4.19,33.16,54.97,1795.27,230.29,1639.61,2875.37,53.56,7.35,36.80,73.82
600,50,745.33,2.06,742.64,748.77,795.70,2.26,792.86,799.86,23.33,2.55,20.50,30.56,19.30,1.77,18.12,26.18,115.16,3.53,112.54,148.23,1956.52,487.98,1662.44,3482.81,44.81,4.27,37.33,59.94,1812.71,251.99,1649.82,3068.03,56.60,8.78,37.18,82.41
700,50,1007.51,1.80,1004.75,1011.63,991.57,3.98,985.61,1001.26,27.12,2.73,23.91,34.58,21.68,0.87,21.14,27.44,438.68,5.74,430.34,481.21,1985.49,525.11,1672.55,3787.42,54.63,5.68,41.08,83.04,1841.65,291.92,1660.40,3528.93,60.30,9.76,38.48,84.10
800,50,1323.89,9.57,1311.63,1339.58,1324.27,4.05,1317.39,1327.90,31.21,3.10,27.69,39.19,25.20,0.59,24.64,28.93,479.50,6.45,466.76,543.75,2013.01,546.45,1673.73,3912.20,55.61,4.71,47.15,71.74,1857.04,320.16,1628.59,3373.55,77.96,9.92,54.76,102.99
900,50,1658.02,9.24,1643.85,1669.26,1663.00,5.07,1654.73,1668.41,35.17,3.32,31.34,44.06,28.41,0.61,27.91,32.34,521.39,6.00,514.18,568.26,2090.42,645.94,1667.81,4097.82,66.00,10.17,49.34,98.57,1886.03,369.56,1656.10,3492.25,72.44,10.53,50.40,102.11
1000,50,1995.03,29.31,1953.43,2049.89,2000.65,3.00,1996.91,2005.54,37.97,3.78,34.11,48.06,30.66,0.66,30.11,35.00,539.40,5.85,529.74,583.75,2139.51,741.21,1691.19,5678.37,58.48,5.68,48.48,83.56,1900.36,390.67,1667.37,3965.13,78.27,9.61,56.42,105.39
2000,50,8028.74,14.03,8010.44,8058.17,8027.03,7.20,8021.07,8044.54,77.37,7.07,70.15,96.32,63.27,1.38,61.95,72.02,815.16,19.72,789.84,1033.11,3323.11,1546.34,1757.80,5419.64,129.77,7.90,108.96,150.14,2152.64,673.51,1713.57,5247.95,129.96,9.07,106.94,158.13
3000,50,18541.54,18.89,18521.84,18578.79,18482.06,21.56,18461.54,18534.57,118.91,8.16,111.95,153.05,101.37,1.94,99.27,115.19,1064.33,24.93,1045.01,1289.32,3556.62,1521.33,1784.42,6578.60,171.88,8.61,152.73,257.16,2446.35,926.74,1728.91,4778.83,172.21,13.11,146.64,438.89
4000,50,32470.28,32.52,32443.49,32549.78,32027.76,17.97,32012.27,32076.61,170.26,9.11,156.77,206.77,142.43,3.11,138.68,159.77,1489.49,28.62,1473.46,1710.01,4573.20,1712.05,1849.22,7417.60,217.04,12.83,192.05,468.89,2884.58,1239.63,1748.70,5294.47,196.86,21.62,167.40,486.45
5000,50,55748.98,31.97,55712.18,55805.95,51640.50,37.89,51599.42,51710.68,270.76,72.90,246.27,793.07,240.81,75.08,218.86,769.09,1844.57,142.85,1761.13,2334.89,5418.15,1714.31,2088.06,8264.70,331.13,178.10,262.23,1599.91,3082.33,1295.15,1746.95,5894.11,311.09,150.50,257.09,1398.17
6000,50,80258.37,33.87,80199.95,80300.25,80158.23,39.71,80085.24,80211.83,320.88,79.94,277.45,828.83,298.01,78.78,258.85,798.85,2023.79,170.74,1916.84,2526.42,6210.44,1870.64,3099.44,12642.38,380.87,182.07,304.91,1561.86,3511.44,1459.95,1791.47,6501.98,376.66,179.88,302.27,1506.00
7000,50,110423.83,2308.22,106361.97,112893.23,108023.49,40.17,107969.63,108097.75,387.69,83.50,339.03,901.80,357.79,83.56,313.78,875.72,2301.65,150.63,2163.18,2744.17,7122.50,2215.40,3934.21,14410.54,450.10,202.58,375.59,1785.07,3822.17,1555.51,1855.90,6884.04,428.23,194.85,350.09,1712.33
8000,50,144945.18,108.43,144851.74,145176.32,142914.94,66.40,142813.71,143003.71,434.59,92.67,379.34,947.71,402.19,92.40,353.34,915.90,2479.84,167.50,2284.37,2866.71,8190.65,2844.14,4462.68,16360.22,518.00,213.40,427.29,1849.68,4130.73,1655.12,1864.21,7514.17,505.48,231.46,420.63,1836.57
9000,50,194555.12,72.44,194469.88,194672.74,189665.80,111.30,189501.21,189916.99,525.37,111.03,457.53,1063.98,495.65,110.29,433.70,1035.91,2839.14,253.48,2646.74,3442.27,8788.13,2883.20,5108.81,16574.74,605.49,297.91,490.16,2141.12,4434.87,1718.58,2010.79,7815.46,578.96,263.84,475.99,1947.90
10000,50,241623.09,58.40,241550.27,241720.80,226120.68,54.88,226071.42,226255.71,591.82,114.50,519.10,1143.00,556.85,114.58,490.56,1113.57,3007.14,245.08,2864.15,3539.28,9471.04,3012.51,5553.70,16453.11,683.62,292.08,574.49,2218.47,4513.69,1693.47,2083.39,7853.58,640.51,280.67,536.58,2078.86
20000,50,1002548.52,105.93,1002425.40,1002769.77,980535.41,582.17,979566.78,981531.17,1168.35,191.98,1060.76,2041.11,1178.95,245.86,1066.60,1823.04,5621.22,266.33,5248.23,6247.38,13032.33,4812.18,7402.44,29205.26,1192.91,191.40,1035.83,1921.95,5949.26,1905.61,2539.47,10105.35,1419.26,731.64,1044.12,3368.00
30000,50,2310641.02,1400.64,2309301.60,2314109.73,2246411.04,745.15,2245203.04,2247409.37,1926.20,258.82,1751.95,2901.68,1793.37,132.83,1702.04,2358.52,34448.63,378.27,33618.08,36102.87,19511.69,8064.87,8480.90,30999.88,2030.27,279.51,1635.25,2951.40,7031.87,2034.00,3531.73,19036.52,1849.23,293.01,1563.78,3027.02
10,60,0.40,0.21,0.32,0.98,0.33,0.01,0.32,0.35,0.51,0.18,0.45,1.85,0.46,0.19,0.39,1.85,1.09,0.53,0.83,4.11,1701.84,47.98,1608.60,2136.35,34.23,5.36,21.82,51.37,1695.06,49.58,1601.56,2284.65,33.65,5.11,23.61,49.80
20,60,1.04,0.09,0.99,1.28,1.04,0.08,1.00,1.27,1.02,0.63,0.78,3.66,0.94,0.70,0.68,3.85,2.26,1.25,1.39,5.20,1696.79,57.28,1593.85,2173.68,33.72,5.37,22.16,51.01,1695.83,54.99,1601.50,2250.51,26.82,4.67,17.46,41.92
30,60,2.55,1.73,1.96,7.48,2.01,0.02,1.99,2.07,1.33,0.42,1.12,3.18,1.20,0.48,0.97,3.31,8.74,0.82,7.88,11.08,1693.39,66.95,1597.54,2408.79,29.36,4.54,19.52,42.73,1700.07,56.53,1604.55,2181.03,32.02,4.69,22.64,46.77
40,60,3.52,0.07,3.47,3.72,3.76,0.73,3.50,5.83,1.86,0.78,1.46,4.32,1.68,0.82,1.26,4.36,11.46,1.10,9.70,14.72,1704.02,79.66,1596.61,2472.00,31.25,4.83,21.17,47.23,1702.12,76.80,1601.41,2452.78,30.75,5.05,21.13,48.09
50,60,5.60,0.69,5.35,7.55,5.70,0.92,5.39,8.33,2.22,0.76,1.79,4.57,2.01,0.82,1.56,4.73,11.70,1.03,9.75,14.83,1699.53,111.52,1597.53,2576.34,32.64,4.94,22.89,49.49,1698.36,71.10,1604.63,2327.61,28.66,5.14,18.52,45.31
60,60,7.57,0.18,7.47,8.04,7.75,0.58,7.51,9.36,2.65,0.75,2.14,5.06,2.36,0.76,1.88,4.95,14.16,1.25,12.29,18.11,1703.54,94.82,1602.93,2511.38,30.20,4.94,19.93,45.64,1705.00,86.52,1610.80,2397.70,35.72,5.11,25.94,53.12
70,60,10.27,0.42,10.06,11.08,10.39,0.57,10.07,11.72,3.00,0.73,2.51,5.48,2.70,0.79,2.20,5.33,15.08,1.33,13.64,19.52,1704.30,84.69,1610.57,2312.70,31.45,4.79,21.95,46.53,1700.19,83.76,1598.09,2405.78,29.44,4.83,19.73,44.66
80,60,13.58,0.64,13.32,15.38,13.68,1.10,13.31,16.81,3.51,0.95,2.81,6.35,2.80,0.72,2.44,5.87,17.74,1.53,15.44,21.97,1713.62,106.38,1614.92,2570.48,33.86,4.92,24.32,49.31,1708.02,86.09,1611.36,2416.23,32.34,4.72,23.49,48.43
90,60,16.94,0.64,16.64,18.55,17.42,1.19,16.68,19.83,4.00,1.05,3.18,6.52,3.63,1.09,2.78,6.08,16.66,1.77,14.17,22.43,1713.05,108.80,1606.99,2537.34,31.96,4.65,22.14,45.44,1705.92,98.70,1605.87,2451.54,34.95,5.20,24.32,53.22
100,60,20.20,0.19,20.12,20.75,20.33,0.55,20.12,21.88,4.17,0.75,3.53,6.69,3.26,0.39,3.07,6.19,19.91,1.84,17.38,25.03,1714.55,124.73,1605.72,2591.02,27.79,4.23,18.90,41.82,1713.20,116.01,1612.77,2623.28,35.03,5.63,23.95,53.86
200,60,80.96,1.40,80.24,84.60,83.77,1.17,82.90,86.23,8.43,0.89,7.15,10.71,7.07,0.83,5.67,9.29,30.19,1.19,28.89,35.89,1759.67,216.70,1625.81,2957.10,33.24,4.43,25.59,47.85,1721.82,134.85,1618.88,2637.32,38.41,6.09,26.70,54.62
300,60,176.77,1.77,175.38,181.06,166.62,3.14,162.83,171.31,12.38,1.54,10.69,16.61,10.72,1.48,8.74,14.71,42.66,1.19,41.01,49.44,1794.11,247.96,1635.58,3037.51,34.14,4.30,26.31,48.92,1741.71,164.27,1617.56,2704.96,47.08,5.76,34.26,64.60
400,60,312.14,2.91,309.66,317.64,292.45,4.36,284.47,299.67,16.56,1.61,13.18,20.35,12.22,0.78,11.60,16.93,51.27,1.91,49.69,62.47,1836.41,303.52,1649.79,3201.58,41.91,4.77,33.39,56.29,1765.60,190.43,1628.84,2807.80,50.59,7.23,35.50,72.69
500,60,484.97,2.35,482.25,489.48,463.29,1.90,459.53,466.97,21.03,2.20,17.12,27.24,15.44,0.42,15.11,18.98,69.39,1.52,67.49,79.84,1877.95,366.31,1654.69,3452.73,50.28,5.61,37.31,69.00,1794.01,237.64,1634.51,2948.85,51.83,8.43,34.94,73.54
600,60,695.60,3.69,689.13,700.48,696.34,1.06,694.80,697.95,24.95,2.43,21.51,30.75,19.72,1.27,18.88,26.02,140.23,3.13,133.93,168.21,1943.64,455.00,1667.37,3617.19,51.61,6.44,38.07,68.59,1800.03,251.17,1637.54,3204.88,59.55,8.60,42.48,88.04
700,60,940.58,3.44,936.14,948.71,913.85,2.49,910.69,920.41,28.27,2.82,24.29,34.87,22.10,1.29,21.28,28.71,430.96,6.85,422.69,481.15,1981.96,525.66,1663.07,3835.36,50.43,6.23,41.27,70.46,1826.05,286.32,1654.85,3350.66,70.93,10.46,48.68,100.02
800,60,1242.98,5.60,1228.36,1248.36,1214.50,3.83,1211.58,1222.17,31.86,2.99,27.73,38.79,24.94,0.59,24.38,28.90,470.48,5.54,460.27,506.45,2024.02,553.71,1670.96,3855.89,67.87,7.13,55.59,100.89,1849.09,320.84,1649.40,3402.22,74.42,10.20,52.35,99.43
900,60,1567.31,28.87,1520.23,1591.30,1535.76,4.81,1530.03,1545.49,36.05,3.76,31.73,45.57,28.62,0.66,27.94,32.70,511.29,19.21,495.44,724.31,2106.61,671.88,1688.17,4089.38,67.48,10.82,50.74,109.13,1877.92,342.50,1666.18,3344.79,73.06,10.67,48.91,100.07
1000,60,2002.91,32.55,1969.75,2057.19,1857.22,2.13,1855.04,1860.62,39.21,4.04,35.03,50.07,31.36,0.71,30.73,35.92,535.87,11.84,517.39,599.31,2162.86,781.59,1695.74,5744.61,57.54,5.77,48.49,89.87,1913.16,407.58,1681.56,3857.37,86.19,10.51,60.03,118.55
2000,60,7603.43,16.04,7578.55,7630.73,7564.75,7.32,7554.98,7577.30,78.40,6.70,72.45,99.42,64.22,1.32,62.89,72.54,805.94,19.02,787.50,1029.12,2985.45,1348.15,1742.94,5348.15,136.99,6.49,120.27,162.30,2137.11,655.94,1692.92,4307.15,126.18,10.27,102.72,166.01
3000,60,17462.15,10.67,17445.50,17479.20,18704.37,22.60,18672.20,18752.90,121.54,6.14,114.25,146.44,104.15,2.15,101.91,118.68,1056.18,23.59,1035.28,1275.68,3559.61,1518.18,1772.41,6544.59,187.61,13.95,158.10,238.40,2451.12,929.61,1709.79,4776.07,173.23,14.32,144.61,439.18
4000,60,32145.13,20.48,32115.54,32177.83,32123.07,15.05,32101.10,32142.00,171.14,8.39,162.76,210.70,147.12,3.94,142.77,182.83,1484.65,31.48,1466.25,1692.59,4501.80,1701.30,1856.29,7391.93,235.18,18.16,211.49,510.25,2775.70,1160.75,1751.58,5264.70,216.57,20.22,183.57,470.20
5000,60,48005.57,1562.60,46518.78,49694.55,46078.07,10.57,46056.69,46093.59,255.93,71.44,228.94,759.41,231.46,71.61,210.28,741.54,1802.93,136.74,1709.12,2278.84,5496.93,1664.84,2114.77,8197.58,338.22,171.16,275.25,1624.61,3115.05,1305.26,1765.11,5982.19,318.33,150.46,263.94,1412.45
6000,60,72088.83,351.63,71294.81,72309.93,66695.41,784.95,65962.53,68859.19,318.74,78.76,272.52,823.03,282.39,76.34,241.23,765.34,1916.74,161.25,1800.29,2370.16,6375.72,1909.87,3267.51,12588.67,396.63,190.89,318.95,1647.87,3577.93,1496.50,1793.66,6621.06,388.99,186.12,319.54,1581.25
7000,60,101304.00,51.83,101216.91,101393.61,95425.96,51.81,95362.86,95509.01,378.72,82.96,327.96,894.87,352.17,80.95,307.58,867.26,2313.00,134.69,2142.56,2714.99,7261.21,2285.52,4052.28,14333.41,471.65,212.60,394.05,1892.91,3932.30,1602.81,1865.80,7295.89,449.42,184.33,375.27,1672.84
8000,60,138232.18,2104.21,133259.65,139260.42,130489.75,286.72,129693.40,130680.16,455.37,95.28,393.89,987.28,424.40,95.61,371.62,958.20,2525.11,165.05,2380.85,2921.39,7838.35,2631.25,4375.22,15267.09,532.97,243.12,444.78,1954.41,4190.04,1658.50,1932.60,7575.30,521.63,238.76,433.18,1887.48
9000,60,169502.52,49.69,169442.77,169604.07,159218.22,94.93,159008.17,159383.10,489.41,103.60,421.22,996.49,460.02,102.59,397.34,964.94,2620.18,230.44,2445.56,3152.88,9026.87,2905.17,5340.19,16074.06,627.28,295.17,517.80,2135.10,4423.70,1698.58,2054.15,7875.87,586.55,258.12,485.01,1910.59
10000,60,225546.72,99.12,225358.09,225694.81,209000.93,85.81,208883.99,209115.08,579.97,111.59,501.80,1122.76,551.91,110.20,477.75,1091.43,2905.81,235.26,2766.37,3409.73,9484.18,3030.14,5528.64,16771.22,681.49,308.16,568.94,2255.97,4507.55,1701.49,2095.31,7758.73,673.80,295.06,564.78,2171.29
20000,60,949985.98,209.01,949559.77,950285.43,926937.99,437.10,926278.89,927500.88,1229.59,151.94,1126.40,1738.06,1286.28,175.46,1106.31,1754.81,5577.77,278.16,5184.74,6172.50,13112.31,5239.47,6776.29,29282.01,1176.51,167.24,1003.54,1849.26,5982.19,1871.58,2544.01,9456.73,1200.24,195.89,1015.06,1876.81
30000,60,2075237.89,35340.00,2049371.20,2137826.53,2119074.05,321.29,2118476.21,2119559.89,1944.28,217.16,1749.61,2891.84,1849.17,240.97,1614.52,2600.05,35773.20,993.10,33975.56,37649.18,19503.69,8562.64,8689.53,32395.66,2244.24,483.25,1614.54,3573.22,7535.00,2699.68,3494.25,23580.30,2222.35,460.80,1584.72,3586.17
10,70,0.35,0.07,0.32,0.54,0.33,0.01,0.32,0.35,0.52,0.22,0.45,2.63,0.44,0.15,0.38,1.99,0.83,0.20,0.67,1.74,1683.73,48.03,1595.10,2150.04,27.68,4.64,18.18,44.04,1695.23,59.24,1600.04,2399.30,31.76,5.12,20.88,48.42
20,70,0.96,0.06,0.92,1.11,0.97,0.10,0.92,1.25,0.96,0.40,0.80,3.04,0.85,0.44,0.68,3.00,1.83,0.69,1.35,4.04,1691.10,55.98,1594.64,2211.62,30.89,4.70,20.84,43.78,1698.57,54.89,1599.77,2297.16,30.17,4.66,20.24,44.61
30,70,1.90,0.07,1.85,2.10,1.91,0.03,1.88,1.97,1.45,0.60,1.16,3.75,1.32,0.70,1.01,4.01,9.21,1.04,7.92,11.84,1702.61,68.56,1598.40,2335.98,34.97,6.00,24.08,53.66,1700.83,65.29,1605.47,2311.31,35.73,5.86,25.11,53.60
40,70,3.24,0.03,3.21,3.31,3.56,0.88,3.26,6.05,1.94,0.90,1.47,4.76,1.76,0.98,1.27,4.64,11.47,1.22,9.34,14.45,1713.38,80.00,1617.42,2525.06,29.41,4.62,19.88,43.77,1699.37,66.08,1602.24,2278.98,33.81,5.44,23.59,51.68
50,70,5.18,0.19,5.06,5.69,5.66,1.17,5.07,8.09,2.46,0.96,1.84,5.03,2.28,1.10,1.59,5.12,13.14,1.34,11.17,17.83,1705.91,88.93,1607.17,2472.37,29.84,4.68,20.77,44.91,1698.83,75.73,1587.00,2411.43,38.73,5.29,28.26,55.59
60,70,7.42,0.66,7.15,9.26,7.52,0.69,7.20,9.43,2.83,0.92,2.19,5.45,2.53,0.95,1.90,5.23,14.16,1.32,12.75,18.94,1707.49,96.49,1616.94,2530.02,34.19,4.77,23.37,49.74,1701.90,84.63,1606.86,2417.84,31.86,4.97,22.47,48.21
70,70,9.47,0.52,9.27,10.95,9.52,0.52,9.32,10.99,3.14,0.91,2.54,5.63,2.61,0.73,2.21,5.14,16.34,1.55,13.62,20.99,1715.97,129.47,1611.65,2582.41,29.46,4.27,20.62,42.20,1708.80,84.34,1608.44,2431.87,36.84,5.37,25.83,54.99
80,70,12.54,0.06,12.50,12.66,12.63,0.22,12.54,13.25,3.51,0.84,2.89,6.13,3.13,0.88,2.51,5.66,18.25,1.55,16.76,23.76,1712.95,109.23,1605.05,2621.84,37.77,4.83,27.38,52.25,1713.19,88.43,1615.54,2414.38,33.44,5.13,23.93,50.16
90,70,16.65,1.03,16.15,18.84,16.78,1.13,16.20,19.18,4.11,1.07,3.25,6.60,3.73,1.17,2.81,6.17,17.08,1.55,15.46,22.66,1712.98,117.23,1613.76,2811.10,34.05,5.13,22.98,49.46,1720.50,98.55,1621.35,2538.44,31.42,4.89,22.46,47.12
100,70,19.12,0.72,18.66,20.50,19.16,1.40,18.66,23.13,4.51,1.03,3.59,7.19,3.78,0.97,3.10,6.50,20.65,1.96,18.25,26.88,1715.66,115.69,1617.63,2567.14,35.49,4.76,25.60,50.99,1719.64,103.17,1614.67,2521.20,31.57,4.93,23.26,48.04
200,70,104.20,93.68,73.12,370.79,74.58,1.30,73.23,76.42,9.37,1.25,7.38,13.63,7.26,1.15,5.82,11.06,28.49,0.86,27.40,33.10,1760.28,204.84,1628.15,2895.62,34.72,4.44,26.73,48.09,1730.94,143.40,1616.01,2663.20,44.38,5.31,33.34,63.65
300,70,166.62,1.78,165.22,170.33,164.88,2.37,162.60,170.61,13.16,1.58,10.69,17.45,10.59,1.51,9.24,15.08,41.67,0.89,40.79,47.11,1798.86,254.38,1637.62,3097.43,37.46,4.31,29.33,51.99,1746.21,163.19,1629.12,2673.66,42.71,6.18,30.63,64.75
400,70,300.30,1.47,297.99,302.66,299.96,4.66,294.01,310.90,18.10,1.96,14.83,23.62,13.12,0.83,12.59,18.22,58.79,1.14,57.78,63.76,1837.51,307.58,1650.35,3255.39,51.45,4.84,41.56,66.25,1772.97,196.00,1634.78,2829.27,60.25,7.45,42.88,83.23
500,70,453.86,3.05,449.51,460.67,449.85,2.85,447.47,455.80,21.81,2.39,18.21,27.90,16.27,0.40,15.87,19.16,75.92,1.63,74.16,87.41,1840.87,280.03,1649.67,3333.23,45.06,4.47,37.51,58.69,1794.60,229.23,1646.90,2919.41,60.63,8.12,43.17,83.24
600,70,666.09,2.68,662.70,671.22,646.83,0.82,645.50,647.78,24.10,2.55,21.40,30.89,19.54,1.68,18.47,26.65,103.22,2.79,101.13,129.64,1930.80,452.13,1658.61,3692.44,55.51,5.83,40.73,82.21,1816.70,270.83,1639.97,3285.59,56.65,8.88,37.72,83.02
700,70,872.54,1.82,869.97,875.38,848.30,3.84,841.60,854.04,27.83,2.64,24.81,34.91,22.49,1.73,21.38,29.95,421.22,5.61,415.44,471.18,1977.83,517.97,1665.35,3789.02,48.70,4.19,41.88,67.21,1826.69,288.77,1641.93,3508.55,76.04,8.79,57.38,103.18
800,70,1148.75,39.68,1064.93,1174.93,1127.87,2.98,1122.11,1133.18,32.70,3.91,28.05,42.24,25.45,0.61,24.73,29.29,467.01,7.68,453.41,554.80,2017.73,553.25,1678.05,3963.81,57.36,5.20,48.67,77.13,1855.24,309.57,1669.87,3386.02,77.69,10.23,51.40,105.90
900,70,1455.85,27.10,1400.19,1480.24,1424.35,3.28,1417.25,1427.67,36.11,3.64,32.34,45.64,28.70,0.66,28.01,32.73,506.55,7.05,495.31,562.90,2105.29,669.60,1676.93,4114.32,70.86,13.99,51.37,118.29,1874.91,339.97,1661.82,3402.33,75.74,9.57,56.01,100.75
1000,70,1766.96,29.46,1711.66,1796.45,1742.82,4.96,1738.80,1755.55,40.45,4.42,36.01,52.02,31.93,0.71,31.21,36.39,538.29,13.53,527.43,744.65,2109.86,656.33,1675.21,4337.96,63.00,7.76,51.67,95.15,1902.65,396.33,1657.85,3921.57,77.75,9.72,54.22,106.06
2000,70,6717.15,10.59,6695.92,6735.11,6754.24,4.89,6748.53,6761.77,76.35,5.76,71.16,95.38,63.13,1.13,61.70,69.29,776.29,16.92,756.85,992.59,3078.87,1407.24,1738.26,5377.35,135.50,9.83,111.75,164.79,2158.79,686.93,1708.08,5112.99,131.02,8.38,111.26,159.62
3000,70,15069.44,10.75,15054.38,15086.44,15043.20,7.70,15027.41,15053.60,118.03,8.21,110.29,151.78,99.06,2.05,96.52,115.96,988.47,25.83,968.14,1210.06,3567.79,1522.17,1814.49,6560.73,186.15,17.50,162.46,446.05,2444.49,918.41,1731.09,4898.90,195.38,24.12,154.09,471.45
4000,70,27140.69,10.02,27126.68,27154.25,26760.50,14.74,26739.68,26785.76,165.06,8.87,158.38,203.37,142.84,3.39,138.65,167.99,1428.62,30.98,1405.38,1637.42,4562.13,1713.31,1888.98,7396.98,227.27,18.22,200.78,497.09,2824.61,1193.45,1749.45,5261.44,223.95,22.16,192.04,498.75
5000,70,41834.43,14.85,41812.60,41857.08,41851.56,21.80,41815.73,41876.62,253.75,69.23,220.55,731.39,227.77,65.35,210.30,702.70,1710.32,126.54,1640.05,2205.49,5384.40,1706.68,2053.33,8149.83,345.18,168.66,283.58,1591.20,3109.16,1307.88,1760.86,5927.72,291.37,135.74,232.23,1262.82
6000,70,68357.07,31.46,68298.12,68411.87,67601.31,1807.94,64409.27,68730.49,303.40,74.78,276.61,764.14,275.39,73.37,249.74,744.70,2015.30,158.67,1926.52,2561.69,6313.32,1910.47,3203.76,12518.64,395.21,171.08,321.72,1550.47,3545.56,1466.20,1804.93,6509.40,351.16,149.60,288.60,1351.58
7000,70,95975.90,58.80,95903.47,96094.02,91644.87,56.21,91591.01,91742.41,360.21,78.30,327.85,832.30,334.72,73.59,307.17,806.49,2250.04,137.99,2156.96,2667.23,7245.81,2325.74,3985.18,14319.06,445.05,172.20,362.48,1619.17,3817.32,1559.88,1830.33,7015.00,428.82,177.13,357.06,1625.82
8000,70,124061.60,46.53,123971.70,124145.84,116893.69,44.56,116823.82,116975.71,413.37,85.48,381.62,890.25,386.00,84.33,356.92,859.11,2406.11,174.86,2280.00,2817.69,8043.28,2716.16,4501.12,15026.60,508.01,231.98,425.73,1846.21,4175.33,1662.01,1957.30,7536.83,458.45,189.08,375.41,1539.48
9000,70,168517.68,65.78,168382.20,168642.60,155550.89,412.49,155297.43,156690.61,491.20,103.42,445.76,983.96,460.92,101.09,419.81,953.17,2759.92,255.60,2600.02,3412.81,8846.68,2877.00,5200.67,16251.67,590.18,262.87,493.56,2020.79,4421.75,1679.05,2065.74,7641.58,569.66,257.12,467.54,1887.29
10000,70,205258.47,78.88,205145.29,205419.10,194038.53,37.60,193975.61,194088.73,553.10,105.19,504.28,1053.26,524.47,104.28,479.35,1031.95,3001.74,267.86,2824.64,3579.36,9486.81,3059.44,5502.39,16861.29,691.61,322.66,578.11,2452.40,4523.63,1708.26,2101.21,7779.88,662.53,271.10,555.72,2049.42
20000,70,883655.61,226.12,883354.56,883997.57,861530.34,479.35,860969.49,862378.24,1288.39,316.43,1143.30,2129.75,1205.83,230.38,1102.66,1810.62,5764.80,285.35,5372.24,6402.57,13428.71,5395.10,7433.91,29521.10,1242.27,226.85,1071.34,2558.47,6001.76,1873.75,2568.95,10038.21,1214.14,182.92,1028.40,1867.98
30000,70,2020620.39,17540.64,1982587.35,2030634.41,1942754.07,303.85,1942134.00,1943180.18,2042.77,283.66,1800.37,3064.64,1984.38,294.20,1749.96,2710.74,38032.46,418.63,37121.92,39300.09,18814.59,7972.45,8417.62,30105.62,2279.18,413.52,1730.35,3778.87,7315.52,2245.85,3688.02,20568.15,2142.95,414.16,1655.82,3457.54
10,80,0.60,0.95,0.29,3.32,0.29,0.01,0.28,0.31,0.52,0.18,0.45,1.99,0.41,0.14,0.37,1.35,1.12,0.61,0.84,4.22,1693.30,46.80,1607.59,2168.64,32.71,4.74,22.55,45.93,1702.14,51.78,1602.41,2173.75,30.55,5.25,19.33,45.29
20,80,1.09,0.66,0.87,2.98,0.90,0.01,0.88,0.91,1.02,0.46,0.83,3.33,0.85,0.39,0.70,3.08,3.13,0.78,2.57,5.77,1701.16,58.08,1605.98,2249.61,34.36,4.97,23.97,49.19,1707.42,66.95,1607.02,2464.50,31.93,4.77,21.96,47.38
30,80,1.99,0.77,1.71,4.19,1.79,0.12,1.73,2.13,1.51,0.71,1.16,3.92,1.37,0.80,1.00,4.27,6.62,1.15,5.48,8.97,1696.44,63.61,1594.78,2266.32,35.78,5.87,23.56,53.83,1703.83,66.14,1599.96,2428.56,35.80,6.67,21.94,56.43
40,80,3.23,0.36,3.09,4.27,3.24,0.31,3.13,4.14,1.86,0.67,1.51,4.18,1.69,0.77,1.30,4.43,10.58,1.07,8.82,13.44,1705.86,80.11,1610.64,2509.75,32.69,4.95,23.08,46.49,1703.29,71.86,1603.55,2390.74,33.51,5.33,22.54,51.27
50,80,5.15,0.50,4.92,6.52,5.11,0.50,4.91,6.53,2.35,0.73,1.88,4.96,2.04,0.77,1.63,5.04,12.12,1.00,10.28,15.70,1712.72,102.26,1611.33,2523.28,31.25,4.53,22.20,47.11,1703.04,74.90,1609.69,2350.50,30.14,4.91,20.70,44.09
60,80,6.54,0.56,6.27,7.82,6.50,0.69,6.26,8.45,2.78,0.84,2.22,5.23,2.24,0.71,1.91,5.48,14.00,1.21,12.02,18.35,1701.84,91.39,1605.93,2513.57,38.41,4.92,27.27,52.99,1710.06,87.40,1616.42,2432.91,35.41,5.13,25.30,52.27
70,80,9.37,1.81,8.69,14.47,8.89,0.29,8.74,9.65,3.13,0.81,2.59,5.78,2.77,0.84,2.23,5.36,16.18,1.42,14.83,20.79,1704.10,98.27,1604.74,2411.92,36.14,4.84,25.28,49.77,1710.98,93.91,1612.40,2520.38,33.73,5.15,24.51,49.92
80,80,11.27,0.72,11.02,13.33,11.40,0.91,11.08,13.97,3.75,1.08,2.95,6.36,3.43,1.20,2.55,6.13,18.56,2.13,16.21,24.61,1712.40,116.23,1605.31,2640.11,29.85,4.56,20.54,46.12,1706.60,98.18,1617.61,2574.57,37.92,5.30,27.29,56.47
90,80,14.33,0.59,13.98,15.55,14.64,0.87,14.07,16.08,4.28,0.99,3.34,6.47,3.86,1.07,2.86,6.15,17.04,1.35,15.74,21.48,1716.58,113.23,1613.98,2541.55,35.42,5.17,24.58,52.56,1710.11,95.44,1614.87,2507.11,30.93,4.89,21.24,45.07
100,80,17.94,0.92,17.41,20.08,17.50,0.07,17.43,17.63,4.51,0.97,3.66,7.13,3.93,1.03,3.15,6.71,20.46,1.95,18.34,26.33,1716.01,120.26,1612.74,2567.98,39.55,4.66,28.96,52.57,1719.37,95.18,1626.54,2539.29,35.60,5.07,26.06,55.46
200,80,69.86,1.73,68.90,74.65,69.90,1.66,68.83,74.22,8.40,1.01,7.46,12.50,7.42,1.02,5.84,11.19,28.71,1.21,27.54,35.01,1756.30,202.57,1626.14,2832.21,33.26,4.41,25.07,46.72,1735.94,144.50,1616.88,2687.80,46.67,5.68,35.90,67.56
300,80,156.33,1.48,154.55,158.58,153.58,2.25,151.04,158.65,13.15,1.59,11.11,17.48,10.81,1.49,9.26,15.03,41.29,0.85,40.37,45.48,1795.24,254.35,1641.04,3028.50,50.97,4.95,39.56,65.77,1751.51,163.03,1630.00,2700.39,45.29,6.46,32.23,64.16
400,80,273.28,1.70,270.71,275.78,270.08,2.65,266.91,274.79,17.85,2.26,14.59,23.32,13.82,1.53,12.67,19.25,51.19,1.02,50.22,56.78,1842.68,308.98,1648.71,3196.69,38.46,3.82,31.07,52.88,1776.41,193.09,1631.15,2863.38,49.79,7.22,35.37,70.11
500,80,424.98,1.96,422.89,428.54,423.03,1.58,421.29,426.22,21.72,2.17,18.54,27.82,16.37,0.42,15.98,19.58,67.96,1.31,66.77,77.85,1885.66,384.75,1652.37,3475.57,54.92,6.64,40.47,72.97,1791.89,223.41,1641.65,2891.46,64.92,7.88,46.69,86.79
600,80,602.36,2.29,598.89,605.61,597.77,2.15,595.15,601.46,25.81,2.60,22.08,32.20,19.63,0.54,19.16,23.50,378.62,9.85,365.17,425.20,1921.19,443.17,1649.35,3517.73,51.32,4.76,43.39,67.06,1815.84,267.94,1647.14,3545.31,61.47,8.15,44.16,81.78
700,80,822.00,3.37,816.32,827.12,821.98,3.99,817.69,830.84,30.28,3.53,26.35,39.13,23.62,1.20,22.76,31.21,418.43,4.46,411.42,452.75,1984.63,520.12,1669.84,3798.73,52.92,4.78,45.24,70.37,1839.08,286.17,1654.66,3244.77,68.82,9.42,47.91,93.91
800,80,1070.40,6.81,1063.35,1084.27,1069.13,4.48,1064.04,1075.08,34.09,3.73,30.08,44.15,26.48,0.57,25.91,30.07,473.95,6.04,464.94,507.52,2036.43,567.56,1682.81,3851.70,58.85,5.17,50.22,78.86,1853.37,314.19,1661.68,3471.15,71.25,9.73,49.19,97.25
900,80,1343.28,6.93,1330.49,1357.70,1339.94,5.19,1333.73,1349.67,37.44,3.59,33.66,46.80,29.78,0.92,28.97,36.97,503.14,8.35,494.18,563.61,2111.58,668.38,1693.99,4098.20,54.77,5.08,45.98,74.97,1877.28,337.14,1663.64,3469.48,77.38,9.85,56.00,106.28
1000,80,1651.02,20.77,1620.74,1671.92,1644.28,5.86,1635.92,1652.15,41.60,4.20,37.30,52.93,32.71,0.66,31.94,36.99,538.58,6.03,529.74,634.25,2159.22,771.24,1684.72,5754.68,69.67,9.78,56.19,102.80,1903.07,402.84,1658.70,3907.27,90.35,12.70,61.98,140.96
2000,80,6615.91,5.55,6607.88,6623.45,6635.54,2.78,6630.77,6640.58,81.60,6.51,76.59,102.38,67.70,1.15,66.23,75.33,819.07,17.96,803.65,1047.67,3127.00,1425.92,1752.42,5372.53,139.67,8.76,114.91,208.09,2172.50,684.32,1705.31,4504.26,139.65,11.66,116.69,182.59
3000,80,15654.62,29.26,15620.03,15728.02,14576.64,5.54,14570.09,14589.69,127.37,9.08,120.23,273.26,106.06,2.04,103.74,120.17,1023.62,29.14,1011.80,1261.93,3671.12,1561.69,1794.09,6630.07,194.98,18.47,170.80,471.68,2482.52,941.36,1729.79,4906.33,197.86,21.82,165.10,474.93
4000,80,26082.12,21.84,26053.92,26110.54,26115.11,21.95,26085.07,26169.71,178.49,7.90,170.99,224.28,154.59,4.63,150.64,207.68,1494.17,28.75,1478.64,1713.12,4626.82,1725.07,1845.32,7505.49,240.71,25.02,211.20,554.48,2894.25,1226.30,1765.50,5267.90,234.45,24.53,203.81,526.14
5000,80,40948.87,23.51,40907.49,40979.92,40664.59,36.29,40602.77,40716.66,270.08,69.76,248.79,770.62,246.28,71.42,226.73,750.83,1813.35,135.13,1728.17,2282.10,5649.12,1673.47,2323.10,8290.41,357.43,189.64,278.30,1718.93,3143.29,1298.45,1764.95,5847.85,316.51,136.39,249.30,1302.44
6000,80,58560.12,23.50,58511.71,58589.27,59198.11,55.18,59141.43,59315.07,295.77,70.87,258.56,744.06,272.34,70.38,237.52,716.83,1883.26,145.87,1793.60,2349.40,6437.02,1929.57,3282.77,12871.70,394.39,166.08,325.36,1538.98,3637.21,1492.81,1821.83,6635.79,386.20,158.22,313.36,1459.20
7000,80,86735.06,35.06,86672.83,86793.57,80414.39,38.24,80343.47,80490.69,381.20,80.32,339.94,877.91,362.25,79.49,323.24,851.63,2306.56,141.24,2171.84,2716.55,7326.29,2352.31,4085.52,14406.36,446.44,176.15,369.11,1633.83,3900.48,1577.34,1867.38,6969.20,441.56,168.86,367.48,1570.68
8000,80,119193.65,46.93,119101.28,119262.99,107308.46,69.32,107184.73,107415.01,434.43,89.63,384.34,930.88,411.09,88.39,366.85,900.21,2471.73,166.62,2293.74,2846.07,8026.55,2667.79,4449.62,15178.86,512.36,214.13,421.72,1721.61,4203.03,1645.93,1945.97,7601.04,518.43,217.86,430.71,1802.84
9000,80,146390.84,60.76,146294.87,146520.93,140154.06,97.97,140014.64,140377.58,496.88,101.29,435.62,982.92,462.68,99.99,407.48,947.65,2675.31,229.44,2508.52,3218.74,10091.34,3226.46,5365.80,16232.65,600.47,231.99,495.92,1837.36,4410.68,1674.81,2054.59,7640.80,583.67,256.81,472.36,1908.82
10000,80,184181.57,82.18,184082.70,184306.00,178023.44,38.20,177968.17,178103.79,562.59,107.14,494.56,1073.14,533.32,105.22,471.74,1044.22,2900.62,231.21,2762.65,3404.02,9420.86,2998.91,5562.92,16401.87,641.03,244.01,549.08,1983.20,4603.96,1710.73,2142.57,7881.09,625.11,255.55,529.23,1987.09
20000,80,772922.68,261.69,772505.17,773207.10,785343.59,1076.72,783149.08,787012.46,1261.44,321.14,1101.18,2126.12,1178.99,234.20,1060.62,1806.35,5534.01,275.20,5117.92,6127.72,13318.80,5573.12,6371.74,29699.18,1305.58,252.58,1074.02,2390.37,6052.10,1862.81,2591.88,10170.41,1361.66,639.17,1050.47,3071.94
30000,80,1721660.22,12224.35,1713791.96,1753436.77,1709026.84,6276.76,1697859.64,1714083.19,1857.69,158.93,1701.63,2242.83,1778.60,161.25,1639.47,2266.87,36725.52,373.98,35980.23,37753.28,19420.17,8493.67,8701.98,31665.77,2299.30,593.84,1751.95,3681.11,7511.56,2469.66,3694.55,22456.97,2259.63,506.42,1673.55,3503.05
10,90,0.48,0.28,0.29,0.97,0.30,0.01,0.29,0.32,0.53,0.12,0.48,1.33,0.47,0.15,0.41,1.71,1.01,0.47,0.71,3.38,1701.97,52.63,1607.50,2213.37,29.56,4.87,19.53,44.46,1692.69,49.74,1601.84,2209.39,28.59,4.88,17.76,44.73
20,90,1.01,0.46,0.84,2.31,0.92,0.14,0.86,1.31,1.04,0.44,0.84,2.91,0.93,0.53,0.71,3.44,1.61,0.66,1.26,4.48,1707.92,58.76,1611.89,2251.11,31.63,5.26,20.23,46.64,1697.43,55.25,1600.83,2206.11,33.93,5.21,23.03,49.39
30,90,1.80,0.41,1.65,2.97,1.73,0.02,1.67,1.75,1.54,0.75,1.18,4.09,1.39,0.80,1.02,4.00,9.01,1.20,7.71,11.58,1709.02,77.29,1606.23,2423.85,28.63,4.77,19.43,44.34,1703.72,62.24,1606.77,2301.28,33.71,5.18,23.47,48.79
40,90,3.29,1.01,2.79,5.42,3.46,1.30,2.80,6.10,2.08,0.84,1.57,4.37,1.91,0.97,1.34,4.60,12.07,1.04,10.01,15.27,1710.15,88.64,1616.67,2599.53,29.08,5.01,18.72,43.48,1714.21,74.10,1623.30,2396.51,30.50,4.71,20.99,44.39
50,90,4.59,0.75,4.21,6.45,4.26,0.08,4.21,4.49,2.44,0.84,1.90,4.91,1.97,0.75,1.61,4.92,12.94,1.04,11.07,16.72,1718.79,109.74,1617.45,2611.73,27.83,4.78,17.93,42.01,1713.69,71.80,1607.21,2322.62,32.39,5.03,23.00,47.81
60,90,6.13,0.77,5.84,8.32,5.95,0.13,5.88,6.32,2.90,0.93,2.28,5.47,2.62,1.02,1.95,5.17,14.65,1.58,12.85,20.01,1706.16,106.33,1598.31,2805.79,31.99,4.93,21.94,48.78,1711.61,82.29,1618.44,2389.92,32.63,4.97,23.07,49.20
70,90,8.43,0.79,8.03,10.49,8.18,0.22,8.07,8.80,3.23,0.89,2.63,5.67,2.55,0.66,2.24,5.37,16.23,1.47,13.65,20.66,1708.34,101.08,1608.02,2480.11,30.44,4.42,21.45,45.97,1716.12,93.11,1619.19,2585.03,29.46,4.55,20.22,44.32
80,90,11.09,0.54,10.72,11.97,11.36,1.10,10.81,13.84,3.87,0.99,3.02,6.37,3.38,0.91,2.60,5.64,16.73,1.36,15.37,22.51,1717.96,114.28,1614.77,2595.67,31.59,4.75,22.41,47.07,1714.61,93.09,1617.37,2496.20,33.96,5.60,23.64,50.67
90,90,13.26,0.73,12.82,14.59,12.86,0.08,12.80,13.03,4.33,1.06,3.37,7.22,3.40,0.90,2.86,6.30,17.89,1.98,15.42,22.99,1719.24,115.12,1608.03,2548.48,31.80,4.45,22.57,45.15,1714.99,94.48,1613.96,2572.75,35.80,4.78,26.63,51.03
100,90,16.70,0.72,16.26,18.03,16.94,1.20,16.32,19.63,4.60,0.93,3.74,7.04,3.98,0.86,3.19,6.26,19.33,1.59,17.77,24.86,1727.22,128.87,1613.46,2581.06,29.66,4.22,21.17,42.76,1718.91,107.51,1607.03,2554.57,31.84,4.45,23.88,45.49
200,90,63.31,1.07,62.39,64.88,64.26,1.15,63.12,65.98,9.73,1.12,7.80,13.41,7.38,1.17,6.02,11.43,31.92,0.80,31.10,36.34,1790.33,182.51,1650.05,2765.22,33.85,4.55,24.65,47.16,1738.69,148.19,1624.13,2764.92,34.23,5.25,24.14,52.62
300,90,143.12,1.92,141.55,147.47,133.46,3.29,129.78,140.83,14.10,1.45,11.16,18.20,9.63,0.46,9.14,13.32,41.50,0.97,40.60,47.26,1809.53,281.32,1647.61,3445.56,39.92,4.03,33.24,54.31,1754.32,172.62,1628.44,3085.95,41.99,6.44,27.88,62.41
400,90,252.25,2.85,249.35,258.43,244.49,1.88,241.83,247.62,18.18,1.87,14.97,23.29,13.03,0.36,12.75,16.10,59.61,1.28,58.53,67.50,1858.04,345.17,1660.50,3784.32,51.31,4.58,41.50,67.88,1781.13,217.97,1645.18,3148.28,55.65,7.12,37.86,77.41
500,90,387.01,2.14,383.84,390.34,387.68,1.67,386.20,391.43,21.54,2.19,18.89,27.54,16.90,1.26,16.13,22.73,119.32,4.50,114.81,156.92,1907.46,420.54,1672.98,3625.79,43.03,3.88,35.70,56.18,1792.92,231.13,1640.90,2928.94,62.20,8.48,43.18,82.51
600,90,553.32,2.28,549.17,556.97,535.15,1.42,533.49,537.40,25.68,3.16,21.81,33.97,19.52,0.59,18.97,23.65,107.43,2.36,103.63,126.60,1988.04,477.89,1696.18,3695.90,59.07,6.38,48.49,89.67,1817.46,260.30,1636.85,3066.88,63.34,8.61,44.04,85.87
700,90,753.62,3.61,749.93,760.79,714.10,24.94,689.57,763.47,28.09,3.28,24.65,37.61,21.69,0.54,21.18,25.63,406.23,9.00,393.90,484.59,2011.53,565.32,1674.59,4114.01,48.84,4.38,41.15,65.04,1856.81,333.53,1660.46,3615.11,76.21,10.28,50.49,110.22
800,90,978.70,4.50,974.76,989.90,951.67,2.59,949.17,956.44,33.60,3.84,29.89,45.13,26.06,0.66,25.48,30.18,454.44,9.07,440.08,497.27,2066.94,672.48,1672.34,5051.50,51.15,4.41,43.67,68.75,1865.09,312.18,1671.95,3602.77,71.76,9.81,49.12,99.26
900,90,1243.48,11.81,1212.95,1255.38,1196.91,4.05,1191.33,1205.89,37.24,3.66,33.22,47.07,29.18,0.61,28.53,32.90,494.93,8.22,485.31,554.11,2161.84,749.63,1686.00,4443.63,61.25,5.60,52.06,86.61,1903.51,392.66,1669.12,3669.31,82.77,10.96,55.44,124.43
1000,90,1506.41,30.73,1443.43,1526.46,1477.06,3.48,1473.02,1483.21,41.74,4.22,37.38,53.36,32.62,0.78,31.85,37.11,531.04,5.41,522.28,565.41,2145.02,740.27,1683.78,5673.45,84.77,16.92,54.26,156.02,1907.97,410.56,1669.74,4332.94,99.89,12.49,67.26,138.91
2000,90,6293.17,13.58,6271.36,6309.79,5898.42,20.38,5877.78,5951.23,82.62,7.05,76.73,106.26,66.09,1.13,64.78,71.60,807.72,18.44,790.51,1036.05,3110.08,1430.76,1736.32,5550.65,142.86,7.10,126.41,164.27,2182.99,720.26,1711.10,5303.04,127.39,10.57,102.74,172.82
3000,90,14045.66,12.60,14018.04,14059.12,13126.65,11.87,13111.31,13145.13,125.49,6.79,119.14,156.17,103.66,2.92,100.23,123.30,1008.88,28.23,992.73,1243.67,3756.76,1690.02,1767.94,8317.98,193.45,19.50,172.32,468.68,2531.72,1032.89,1724.51,6057.24,190.40,24.05,154.82,474.54
4000,90,23346.79,43.45,23301.73,23425.28,23210.10,813.17,22563.11,24178.31,165.46,7.75,158.08,208.65,144.04,3.82,139.91,171.60,1412.12,27.75,1393.86,1624.56,4661.83,1738.27,1873.66,7510.44,254.04,21.23,224.45,537.42,2906.83,1196.98,1765.35,5318.69,230.29,25.74,200.01,510.76
5000,90,37451.05,33.03,37411.48,37513.48,39361.46,20.56,39328.39,39394.75,269.04,69.54,248.49,767.85,243.46,70.46,224.47,743.00,1812.53,133.29,1735.29,2265.48,5660.37,1668.87,2339.93,8327.59,368.99,189.87,293.86,1863.62,3251.93,1357.71,1768.59,6157.18,313.50,131.96,258.24,1316.81
6000,90,57408.43,36.30,57375.24,57498.67,57009.33,59.05,56964.53,57146.96,313.18,74.84,272.24,785.24,284.27,74.06,247.94,752.20,1976.85,150.04,1892.19,2450.21,6454.88,1951.65,3262.77,12573.94,419.56,191.50,349.67,1800.94,3625.29,1485.63,1816.12,6608.61,390.05,156.26,314.96,1443.14
7000,90,80970.37,52.86,80885.26,81079.50,77204.69,80.35,77062.77,77325.38,389.33,81.52,344.72,893.13,365.53,80.89,323.75,864.09,2341.33,143.68,2203.47,2762.80,7355.41,2371.46,4103.99,14510.08,480.26,197.29,389.26,1899.51,3892.36,1577.82,1874.52,7260.11,456.66,181.18,384.69,1701.22
8000,90,103477.93,1218.28,101526.58,104675.44,94954.12,77.13,94841.14,95076.22,428.53,86.06,380.81,905.71,400.59,85.19,356.33,872.73,2384.22,163.00,2207.34,2755.86,8025.06,2590.66,4498.49,15213.06,546.47,218.04,445.18,1807.16,4194.76,1653.95,1968.98,7846.73,527.08,209.09,435.74,1732.73
9000,90,138089.82,47.95,138025.85,138193.70,131468.52,75.99,131383.67,131604.36,515.01,103.23,452.53,1007.96,485.37,101.97,428.35,980.46,2735.21,231.44,2562.72,3269.76,8820.38,2855.64,5191.34,16084.69,624.47,295.63,512.49,2254.08,4486.47,1693.31,2078.37,7548.50,605.90,246.43,498.79,1919.43
10000,90,169467.65,57.73,169398.02,169587.37,163387.72,84.88,163299.51,163530.70,589.09,149.15,532.62,1101.93,594.08,135.69,498.53,1049.03,3015.90,259.25,2834.20,3589.92,9548.49,3048.31,5601.52,16583.31,744.80,387.50,580.84,2085.18,4734.37,1732.96,2177.28,8341.96,573.26,208.70,485.05,1353.95
20000,90,730370.74,2664.61,728178.63,733985.02,727669.26,482.31,727074.19,728591.50,1317.66,215.71,1175.72,1929.54,1251.06,220.16,1119.47,1760.40,5907.96,503.21,5393.88,6582.81,13842.35,5755.76,7128.87,29514.43,1404.96,321.31,1139.98,2306.98,6550.82,1982.53,2783.70,12391.28,1347.00,267.71,1120.62,2238.01
30000,90,1673453.48,12249.60,1660983.57,1687176.36,1667396.83,414.43,1666868.43,1668320.44,1920.23,170.17,1812.48,2890.35,1928.85,276.52,1741.09,2617.82,36607.06,345.09,35796.60,37485.18,18797.96,8057.29,8645.70,30052.64,2388.06,572.44,1755.18,3704.57,7560.43,2495.89,3752.42,20524.46,2290.21,473.48,1686.34,3634.34
10,100,0.63,1.08,0.27,3.70,0.29,0.02,0.27,0.32,0.52,0.17,0.45,1.90,0.43,0.12,0.38,1.40,1.02,0.77,0.66,3.86,1706.34,48.88,1606.94,2149.54,36.19,6.39,23.43,54.71,1704.14,48.22,1622.48,2226.65,37.71,5.90,25.98,55.67
20,100,1.08,0.75,0.80,3.23,0.85,0.05,0.82,0.98,1.09,0.48,0.88,3.10,0.96,0.48,0.76,3.06,3.00,0.87,2.34,5.60,1703.31,61.03,1600.11,2317.18,35.28,5.34,24.29,50.63,1696.82,57.76,1596.41,2283.05,30.45,4.95,20.97,47.39
30,100,1.90,0.51,1.72,3.36,2.02,0.78,1.76,4.25,1.51,0.61,1.21,3.70,1.29,0.55,1.03,3.42,2.42,0.69,1.98,4.90,1697.69,72.38,1594.91,2344.00,29.15,4.73,19.27,43.11,1701.35,75.06,1593.79,2450.90,31.11,5.16,20.65,49.19
40,100,2.72,0.20,2.63,3.30,2.73,0.12,2.65,3.05,1.92,0.50,1.59,3.73,1.61,0.50,1.35,3.68,11.25,0.94,9.63,14.35,1706.32,79.36,1612.11,2468.21,31.14,4.83,21.90,45.96,1708.73,65.12,1607.93,2279.92,28.97,5.29,18.50,44.69
50,100,4.07,0.29,3.96,4.88,4.26,0.71,3.97,6.27,2.40,0.71,1.94,4.69,2.08,0.74,1.64,4.63,12.02,1.09,10.30,15.91,1701.38,74.02,1603.54,2282.75,29.74,4.68,20.47,44.56,1709.88,75.46,1625.18,2399.14,31.21,4.71,21.85,46.27
60,100,5.70,0.27,5.54,6.31,5.90,0.96,5.53,8.62,2.97,0.95,2.32,5.63,2.26,0.69,1.95,5.47,14.94,1.36,12.68,19.07,1711.61,89.58,1616.82,2503.04,28.81,4.69,19.37,42.58,1713.50,78.97,1617.46,2337.81,32.64,5.01,23.17,47.73
70,100,7.84,0.90,7.45,10.38,8.53,1.58,7.48,11.14,3.70,1.20,2.70,6.53,3.12,1.13,2.28,5.79,15.66,1.71,13.45,20.42,1727.05,131.05,1620.88,2611.38,35.79,5.27,25.76,52.82,1702.95,78.20,1603.15,2333.04,33.71,5.34,24.59,52.30
80,100,9.97,0.74,9.65,12.04,10.63,1.46,9.71,13.07,4.12,1.11,3.11,6.61,3.63,1.11,2.62,6.00,17.92,1.79,16.28,23.70,1720.97,108.29,1609.21,2534.18,28.31,4.45,18.98,42.39,1710.66,87.90,1611.09,2393.52,31.42,4.70,22.79,47.07
90,100,12.71,1.01,12.05,14.41,12.73,1.11,12.14,14.85,4.49,1.07,3.46,6.95,3.91,1.07,2.90,6.14,17.20,1.60,15.70,21.76,1724.61,107.54,1622.04,2608.60,31.66,4.61,23.01,46.11,1713.04,97.66,1605.25,2521.37,29.64,4.90,20.68,46.10
100,100,15.07,0.39,14.86,15.86,15.07,0.24,14.93,15.66,4.70,0.91,3.85,7.08,3.77,0.77,3.21,6.13,18.49,1.58,16.42,23.63,1727.19,122.03,1612.63,2594.40,29.84,4.44,20.73,43.78,1724.86,108.49,1621.73,2586.07,29.70,4.64,21.07,45.02
200,100,57.67,0.65,57.04,58.74,59.55,3.63,57.70,69.60,9.44,1.00,7.91,13.23,7.09,0.89,6.33,10.52,30.49,1.55,29.40,38.37,1770.73,205.93,1629.74,2806.95,45.30,6.12,31.02,61.89,1734.46,145.92,1621.56,2709.97,37.01,5.09,27.49,51.08
300,100,128.87,1.68,127.11,132.97,128.95,2.72,124.20,132.67,14.79,1.60,11.74,18.77,9.86,0.58,9.44,13.69,41.48,0.79,40.86,46.82,1805.05,263.94,1652.13,3568.88,35.04,4.41,27.21,50.44,1751.76,160.04,1625.75,2664.17,44.74,6.24,32.54,63.41
400,100,226.51,1.92,224.48,229.65,219.76,1.37,218.08,222.33,17.84,1.93,15.11,23.24,13.74,1.39,12.75,19.41,54.11,1.11,52.78,60.03,1830.27,294.43,1651.71,3170.08,43.05,4.35,34.85,58.40,1776.19,195.96,1643.71,2849.43,56.85,7.60,42.15,77.98
500,100,351.36,2.61,348.58,356.19,341.23,1.35,338.23,343.10,21.88,2.02,18.56,27.86,16.36,0.84,15.86,21.47,91.34,1.95,88.70,100.83,1892.70,378.30,1672.11,3525.99,43.92,4.02,37.25,57.52,1794.70,216.06,1656.31,3438.70,53.42,8.59,37.03,77.21
600,100,505.09,2.59,500.60,508.16,491.95,2.19,489.59,495.51,26.87,3.04,22.55,34.87,22.25,0.56,21.70,26.34,85.72,1.55,83.87,94.76,1941.61,453.31,1672.33,4513.58,65.59,7.55,48.87,107.24,1818.41,270.05,1647.04,3401.59,63.86,8.56,45.42,88.76
700,100,684.85,4.11,679.89,692.27,664.25,2.39,661.46,667.97,30.43,3.47,26.68,39.76,23.04,0.51,22.55,26.33,422.12,5.81,416.09,485.89,1999.49,531.71,1679.32,3808.67,52.16,4.63,44.59,68.98,1845.41,318.35,1654.25,3454.46,79.30,8.57,57.84,104.41
800,100,894.97,3.66,891.16,903.97,864.59,2.05,861.60,867.85,34.41,3.84,30.44,44.10,26.27,0.59,25.72,30.34,461.25,7.19,451.74,521.52,2039.32,563.56,1690.39,3920.81,78.08,17.69,51.17,122.70,1859.84,321.76,1662.60,3425.14,71.09,10.04,47.07,96.27
900,100,1128.73,2.22,1125.84,1131.99,1122.85,3.63,1119.96,1129.31,39.05,3.59,35.19,49.20,30.35,0.73,29.70,34.69,509.63,6.97,500.91,579.63,2108.43,668.71,1682.05,4139.29,67.50,7.42,55.64,93.77,1884.45,354.49,1664.87,3459.74,89.19,11.69,63.67,134.87
1000,100,1393.90,11.86,1362.87,1406.34,1380.25,2.08,1378.42,1385.15,43.72,4.36,39.26,56.11,33.84,0.75,33.06,38.40,560.96,6.46,548.33,598.38,2145.81,757.65,1688.70,5815.19,103.99,10.81,67.14,148.17,1909.79,393.68,1679.14,4019.73,95.80,11.40,75.40,136.82
2000,100,5376.19,11.74,5360.57,5398.56,5382.27,6.99,5374.50,5392.37,84.26,5.18,79.20,100.19,68.53,1.62,66.42,74.84,803.59,19.42,787.72,1025.43,2952.59,1315.76,1737.78,5341.37,150.18,7.55,132.80,178.44,2147.63,655.39,1710.18,5100.39,135.14,9.50,112.78,175.74
3000,100,12306.01,16.70,12291.71,12347.44,13285.77,8.59,13272.13,13295.75,132.82,7.54,126.14,164.48,109.84,2.30,107.14,121.64,1071.30,26.95,1052.32,1305.51,3688.79,1565.58,1782.75,6674.77,200.25,22.30,178.56,506.50,2483.30,938.19,1739.01,4868.34,208.06,26.55,165.34,507.55
4000,100,21508.54,13.31,21483.77,21530.35,21455.59,18.78,21418.66,21489.95,178.03,8.39,171.39,219.58,158.02,3.78,152.82,178.67,1493.62,34.57,1471.32,1723.70,4516.29,1712.12,1876.91,7442.01,239.61,24.44,206.05,535.99,2918.93,1246.28,1776.94,5304.49,222.73,27.85,192.23,528.12
5000,100,34896.82,31.54,34848.47,34938.58,33561.66,14.82,33531.07,33579.45,273.03,70.50,251.68,769.91,245.25,69.81,226.13,736.45,1818.44,132.83,1741.90,2277.86,5573.24,1678.77,2192.95,8165.12,357.80,156.64,281.90,1560.24,3191.19,1308.36,1791.04,5846.31,323.48,144.30,267.42,1428.48
6000,100,51133.73,27.76,51099.17,51177.64,51845.10,33.54,51804.79,51909.41,324.92,76.40,281.19,807.57,298.39,74.49,258.33,771.50,1984.49,151.16,1875.90,2457.15,6371.53,1921.23,3228.15,12535.33,451.03,194.68,380.04,1832.94,3601.87,1472.51,1825.37,6485.01,401.65,160.93,329.25,1490.94
7000,100,69939.51,31.74,69904.37,69995.53,66009.05,36.90,65938.67,66063.44,389.19,78.91,342.69,877.38,365.17,78.30,320.90,847.00,2284.35,137.58,2147.74,2684.14,7351.90,2357.60,4042.61,14683.26,486.44,191.27,407.08,1824.73,3887.34,1572.08,1889.79,7090.62,455.92,169.71,374.61,1579.51
8000,100,92353.24,25.58,92312.10,92381.09,85952.69,55.24,85878.40,86038.37,436.43,85.60,381.81,911.39,405.00,84.61,357.02,873.21,2397.04,155.87,2210.70,2753.61,7981.27,2592.11,4581.61,15182.94,559.99,231.58,464.68,1897.39,4297.80,1669.89,2005.95,7595.06,546.67,195.04,450.46,1684.44
9000,100,117881.89,32.73,117809.40,117916.79,110529.11,347.63,110288.82,111472.42,491.14,129.52,439.34,940.10,458.74,131.93,409.55,913.32,2661.55,227.68,2473.48,3190.21,8725.12,2808.41,5292.32,15835.45,721.34,356.55,552.45,2007.61,4518.63,1651.10,2135.69,7740.29,680.35,296.85,531.00,1758.33
10000,100,154392.58,110.82,154279.43,154642.00,145141.55,202.19,144862.21,145615.33,580.48,143.64,525.15,1084.69,608.88,136.96,500.38,1061.84,3026.49,255.40,2823.96,3569.28,9287.10,2941.35,5503.36,16580.19,746.84,369.13,586.36,2105.20,4706.79,1695.98,2200.99,8300.63,718.15,343.03,561.31,1893.03
20000,100,649102.85,9240.11,639062.83,659257.51,642743.16,803.71,642004.99,644303.22,1428.18,459.55,1181.24,2560.03,1262.83,246.71,1115.36,1860.17,5644.19,296.19,5262.80,6323.32,13906.66,5723.69,7422.88,29462.30,1402.61,314.86,1158.02,2357.92,6435.24,1959.05,2750.84,11547.34,1351.37,292.20,1115.17,2323.24
30000,100,1515952.31,1893.85,1513700.55,1518226.39,1485416.83,514.42,1484567.29,1486140.64,1979.86,150.25,1846.99,2361.49,1870.65,152.18,1740.06,2251.07,34867.06,335.75,34095.43,35722.77,19005.65,8300.45,8366.60,39859.51,2459.84,598.80,1863.28,3883.14,7616.52,2235.05,3894.89,19740.74,2321.65,455.05,1738.89,3795.60
